Entity,Code,Year,Maternal mortality ratio (per 100 000 live births),Maternal mortality ratio (per 100 000 live births) (Annotations)
Afghanistan,AFG,1985,2231.506,
Afghanistan,AFG,1986,1856.9208,
Afghanistan,AFG,1987,1820.5913,
Afghanistan,AFG,1988,1571.6926,
Afghanistan,AFG,1989,1520.0275,
Afghanistan,AFG,1990,1549.9987,
Afghanistan,AFG,1991,1534.4645,
Afghanistan,AFG,1992,1443.34,
Afghanistan,AFG,1993,1346.5065,
Afghanistan,AFG,1994,1395.9186,
Afghanistan,AFG,1995,1413.9536,
Afghanistan,AFG,1996,1389.4027,
Afghanistan,AFG,1997,1375.6449,
Afghanistan,AFG,1998,1463.5756,
Afghanistan,AFG,1999,1346.1744,
Afghanistan,AFG,2000,1371.6459,
Afghanistan,AFG,2001,1310.955,
Afghanistan,AFG,2002,1262.5167,
Afghanistan,AFG,2003,1201.3815,
Afghanistan,AFG,2004,1166.4694,
Afghanistan,AFG,2005,1108.056,
Afghanistan,AFG,2006,1069.4363,
Afghanistan,AFG,2007,1032.0079,
Afghanistan,AFG,2008,955.2373,
Afghanistan,AFG,2009,925.4223,
Afghanistan,AFG,2010,892.73517,
Afghanistan,AFG,2011,838.23553,
Afghanistan,AFG,2012,809.7532,
Afghanistan,AFG,2013,778.43085,
Afghanistan,AFG,2014,754.58685,
Afghanistan,AFG,2015,741.19366,
Afghanistan,AFG,2016,702.2406,
Afghanistan,AFG,2017,658.5653,
Afghanistan,AFG,2018,629.23914,
Afghanistan,AFG,2019,601.06006,
Afghanistan,AFG,2020,633.6187,
Afghanistan,AFG,2021,660.2219,
Afghanistan,AFG,2022,550.7318,
Afghanistan,AFG,2023,520.5023,
Africa (WHO),,1985,1084.1638,
Africa (WHO),,1986,1050.5319,
Africa (WHO),,1987,1076.9038,
Africa (WHO),,1988,1019.16174,
Africa (WHO),,1989,990.10693,
Africa (WHO),,1990,975.52655,
Africa (WHO),,1991,947.2108,
Africa (WHO),,1992,959.0934,
Africa (WHO),,1993,937.9639,
Africa (WHO),,1994,902.4308,
Africa (WHO),,1995,850.18634,
Africa (WHO),,1996,836.5447,
Africa (WHO),,1997,815.6829,
Africa (WHO),,1998,840.17004,
Africa (WHO),,1999,755.6414,
Africa (WHO),,2000,727.48193,
Africa (WHO),,2001,710.126,
Africa (WHO),,2002,692.9756,
Africa (WHO),,2003,667.7721,
Africa (WHO),,2004,650.03503,
Africa (WHO),,2005,641.8871,
Africa (WHO),,2006,639.70044,
Africa (WHO),,2007,639.05457,
Africa (WHO),,2008,642.13336,
Africa (WHO),,2009,640.07654,
Africa (WHO),,2010,630.5945,
Africa (WHO),,2011,620.3034,
Africa (WHO),,2012,609.0069,
Africa (WHO),,2013,601.22125,
Africa (WHO),,2014,594.8048,
Africa (WHO),,2015,585.7798,
Africa (WHO),,2016,566.5379,
Africa (WHO),,2017,547.07196,
Africa (WHO),,2018,518.1982,
Africa (WHO),,2019,501.23273,
Africa (WHO),,2020,478.92133,
Africa (WHO),,2021,492.11603,
Africa (WHO),,2022,448.41714,
Africa (WHO),,2023,442.1225,
Albania,ALB,1985,37.99778,
Albania,ALB,1986,35.17041,
Albania,ALB,1987,33.15333,
Albania,ALB,1988,31.95796,
Albania,ALB,1989,30.88056,
Albania,ALB,1990,29.51206,
Albania,ALB,1991,27.59026,
Albania,ALB,1992,25.79019,
Albania,ALB,1993,23.67205,
Albania,ALB,1994,22.23483,
Albania,ALB,1995,20.89408,
Albania,ALB,1996,19.92865,
Albania,ALB,1997,20.70724,
Albania,ALB,1998,17.73772,
Albania,ALB,1999,16.54762,
Albania,ALB,2000,15.41987,
Albania,ALB,2001,14.42957,
Albania,ALB,2002,13.78387,
Albania,ALB,2003,13.41152,
Albania,ALB,2004,12.86605,
Albania,ALB,2005,12.19079,
Albania,ALB,2006,11.41079,
Albania,ALB,2007,10.43994,
Albania,ALB,2008,9.73962,
Albania,ALB,2009,9.4137,
Albania,ALB,2010,9.36651,
Albania,ALB,2011,9.45118,
Albania,ALB,2012,9.79504,
Albania,ALB,2013,9.93634,
Albania,ALB,2014,9.71307,
Albania,ALB,2015,9.13948,
Albania,ALB,2016,8.47486,
Albania,ALB,2017,7.85367,
Albania,ALB,2018,7.37622,
Albania,ALB,2019,7.10989,
Albania,ALB,2020,7.03348,
Albania,ALB,2021,13.80074,
Albania,ALB,2022,7.99805,
Albania,ALB,2023,6.86681,
Algeria,DZA,1985,291.76642,
Algeria,DZA,1986,265.3281,
Algeria,DZA,1987,242.98358,
Algeria,DZA,1988,227.227,
Algeria,DZA,1989,214.90965,
Algeria,DZA,1990,201.61964,
Algeria,DZA,1991,197.98581,
Algeria,DZA,1992,193.15176,
Algeria,DZA,1993,195.37361,
Algeria,DZA,1994,196.34416,
Algeria,DZA,1995,187.18454,
Algeria,DZA,1996,173.23067,
Algeria,DZA,1997,155.41718,
Algeria,DZA,1998,142.5671,
Algeria,DZA,1999,131.90411,
Algeria,DZA,2000,122.61971,
Algeria,DZA,2001,113.38939,
Algeria,DZA,2002,102.06598,
Algeria,DZA,2003,101.00724,
Algeria,DZA,2004,90.71183,
Algeria,DZA,2005,86.94946,
Algeria,DZA,2006,84.47351,
Algeria,DZA,2007,83.49242,
Algeria,DZA,2008,83.32107,
Algeria,DZA,2009,82.6275,
Algeria,DZA,2010,81.8852,
Algeria,DZA,2011,80.71158,
Algeria,DZA,2012,81.08459,
Algeria,DZA,2013,80.59616,
Algeria,DZA,2014,80.46674,
Algeria,DZA,2015,79.48452,
Algeria,DZA,2016,78.69241,
Algeria,DZA,2017,77.33013,
Algeria,DZA,2018,75.43224,
Algeria,DZA,2019,73.17389,
Algeria,DZA,2020,96.77085,
Algeria,DZA,2021,78.85967,
Algeria,DZA,2022,64.45588,
Algeria,DZA,2023,62.48509,
Americas (WHO),,1985,137.888,
Americas (WHO),,1986,130.72945,
Americas (WHO),,1987,124.53553,
Americas (WHO),,1988,120.22357,
Americas (WHO),,1989,113.92391,
Americas (WHO),,1990,108.71976,
Americas (WHO),,1991,105.18711,
Americas (WHO),,1992,101.23221,
Americas (WHO),,1993,97.52422,
Americas (WHO),,1994,94.31897,
Americas (WHO),,1995,90.25025,
Americas (WHO),,1996,86.2375,
Americas (WHO),,1997,82.45789,
Americas (WHO),,1998,78.13704,
Americas (WHO),,1999,74.06863,
Americas (WHO),,2000,70.35002,
Americas (WHO),,2001,69.0454,
Americas (WHO),,2002,66.86484,
Americas (WHO),,2003,66.07128,
Americas (WHO),,2004,66.41193,
Americas (WHO),,2005,64.5987,
Americas (WHO),,2006,63.84643,
Americas (WHO),,2007,62.88354,
Americas (WHO),,2008,62.94923,
Americas (WHO),,2009,62.96144,
Americas (WHO),,2010,61.50799,
Americas (WHO),,2011,59.31143,
Americas (WHO),,2012,57.68867,
Americas (WHO),,2013,57.39975,
Americas (WHO),,2014,57.31133,
Americas (WHO),,2015,56.93709,
Americas (WHO),,2016,58.05713,
Americas (WHO),,2017,58.58672,
Americas (WHO),,2018,59.18014,
Americas (WHO),,2019,58.87799,
Americas (WHO),,2020,73.04608,
Americas (WHO),,2021,106.84179,
Americas (WHO),,2022,70.44525,
Americas (WHO),,2023,58.54118,
Andorra,AND,1985,20.71285,
Andorra,AND,1986,19.49138,
Andorra,AND,1987,18.58021,
Andorra,AND,1988,17.80504,
Andorra,AND,1989,20.203,
Andorra,AND,1990,16.40147,
Andorra,AND,1991,17.65971,
Andorra,AND,1992,16.50265,
Andorra,AND,1993,15.58257,
Andorra,AND,1994,15.22707,
Andorra,AND,1995,15.13563,
Andorra,AND,1996,14.97888,
Andorra,AND,1997,12.55927,
Andorra,AND,1998,12.40518,
Andorra,AND,1999,12.29594,
Andorra,AND,2000,14.01728,
Andorra,AND,2001,13.86894,
Andorra,AND,2002,13.5863,
Andorra,AND,2003,12.51907,
Andorra,AND,2004,11.6751,
Andorra,AND,2005,12.66888,
Andorra,AND,2006,10.71289,
Andorra,AND,2007,11.73939,
Andorra,AND,2008,11.59507,
Andorra,AND,2009,11.49842,
Andorra,AND,2010,12.13678,
Andorra,AND,2011,10.94157,
Andorra,AND,2012,11.05369,
Andorra,AND,2013,9.48666,
Andorra,AND,2014,9.70565,
Andorra,AND,2015,9.92732,
Andorra,AND,2016,9.82576,
Andorra,AND,2017,11.10386,
Andorra,AND,2018,10.77859,
Andorra,AND,2019,10.6415,
Andorra,AND,2020,48.44803,
Andorra,AND,2021,17.81422,
Andorra,AND,2022,16.60146,
Andorra,AND,2023,10.62672,
Angola,AGO,1985,876.5891,
Angola,AGO,1986,864.2507,
Angola,AGO,1987,919.5931,
Angola,AGO,1988,895.3351,
Angola,AGO,1989,883.86615,
Angola,AGO,1990,875.5935,
Angola,AGO,1991,826.34674,
Angola,AGO,1992,876.99396,
Angola,AGO,1993,855.0434,
Angola,AGO,1994,811.86194,
Angola,AGO,1995,771.71375,
Angola,AGO,1996,746.5831,
Angola,AGO,1997,717.12854,
Angola,AGO,1998,723.3113,
Angola,AGO,1999,686.63715,
Angola,AGO,2000,659.3352,
Angola,AGO,2001,628.6063,
Angola,AGO,2002,602.37006,
Angola,AGO,2003,538.0168,
Angola,AGO,2004,498.90897,
Angola,AGO,2005,461.9026,
Angola,AGO,2006,437.1685,
Angola,AGO,2007,401.29865,
Angola,AGO,2008,372.2049,
Angola,AGO,2009,348.08295,
Angola,AGO,2010,321.43375,
Angola,AGO,2011,300.58643,
Angola,AGO,2012,277.79758,
Angola,AGO,2013,266.78503,
Angola,AGO,2014,261.73486,
Angola,AGO,2015,249.37498,
Angola,AGO,2016,235.68782,
Angola,AGO,2017,220.30956,
Angola,AGO,2018,208.38242,
Angola,AGO,2019,201.59268,
Angola,AGO,2020,194.82596,
Angola,AGO,2021,210.56833,
Angola,AGO,2022,184.5931,
Angola,AGO,2023,183.20193,
Antigua and Barbuda,ATG,1985,37.98508,
Antigua and Barbuda,ATG,1986,37.70174,
Antigua and Barbuda,ATG,1987,40.2669,
Antigua and Barbuda,ATG,1988,38.30926,
Antigua and Barbuda,ATG,1989,41.01935,
Antigua and Barbuda,ATG,1990,41.3494,
Antigua and Barbuda,ATG,1991,41.67774,
Antigua and Barbuda,ATG,1992,40.005,
Antigua and Barbuda,ATG,1993,39.7853,
Antigua and Barbuda,ATG,1994,37.98533,
Antigua and Barbuda,ATG,1995,38.39461,
Antigua and Barbuda,ATG,1996,37.01586,
Antigua and Barbuda,ATG,1997,36.81802,
Antigua and Barbuda,ATG,1998,34.45245,
Antigua and Barbuda,ATG,1999,34.43238,
Antigua and Barbuda,ATG,2000,37.06481,
Antigua and Barbuda,ATG,2001,35.50444,
Antigua and Barbuda,ATG,2002,35.78382,
Antigua and Barbuda,ATG,2003,33.46087,
Antigua and Barbuda,ATG,2004,33.666,
Antigua and Barbuda,ATG,2005,32.5346,
Antigua and Barbuda,ATG,2006,31.65423,
Antigua and Barbuda,ATG,2007,32.34795,
Antigua and Barbuda,ATG,2008,31.30805,
Antigua and Barbuda,ATG,2009,32.05264,
Antigua and Barbuda,ATG,2010,31.20587,
Antigua and Barbuda,ATG,2011,30.95292,
Antigua and Barbuda,ATG,2012,30.47125,
Antigua and Barbuda,ATG,2013,32.07255,
Antigua and Barbuda,ATG,2014,31.83435,
Antigua and Barbuda,ATG,2015,29.65309,
Antigua and Barbuda,ATG,2016,27.93997,
Antigua and Barbuda,ATG,2017,31.16273,
Antigua and Barbuda,ATG,2018,30.62881,
Antigua and Barbuda,ATG,2019,32.27221,
Antigua and Barbuda,ATG,2020,34.82233,
Antigua and Barbuda,ATG,2021,31.89911,
Antigua and Barbuda,ATG,2022,36.01889,
Antigua and Barbuda,ATG,2023,34.56839,
Argentina,ARG,1985,79.58969,
Argentina,ARG,1986,76.41929,
Argentina,ARG,1987,73.2558,
Argentina,ARG,1988,70.3778,
Argentina,ARG,1989,67.61406,
Argentina,ARG,1990,67.59089,
Argentina,ARG,1991,66.57682,
Argentina,ARG,1992,64.73672,
Argentina,ARG,1993,61.59898,
Argentina,ARG,1994,61.5179,
Argentina,ARG,1995,59.98588,
Argentina,ARG,1996,58.75442,
Argentina,ARG,1997,59.62037,
Argentina,ARG,1998,56.66149,
Argentina,ARG,1999,57.04256,
Argentina,ARG,2000,57.80834,
Argentina,ARG,2001,60.25133,
Argentina,ARG,2002,59.15006,
Argentina,ARG,2003,60.93268,
Argentina,ARG,2004,58.43938,
Argentina,ARG,2005,57.45685,
Argentina,ARG,2006,60.04397,
Argentina,ARG,2007,61.7407,
Argentina,ARG,2008,59.32073,
Argentina,ARG,2009,62.10812,
Argentina,ARG,2010,54.74272,
Argentina,ARG,2011,48.47361,
Argentina,ARG,2012,49.27162,
Argentina,ARG,2013,46.72781,
Argentina,ARG,2014,43.4515,
Argentina,ARG,2015,38.61611,
Argentina,ARG,2016,39.5128,
Argentina,ARG,2017,38.34257,
Argentina,ARG,2018,38.48333,
Argentina,ARG,2019,36.41051,
Argentina,ARG,2020,39.67996,
Argentina,ARG,2021,76.48618,
Argentina,ARG,2022,39.32267,
Argentina,ARG,2023,33.22814,
Armenia,ARM,1985,54.83628,
Armenia,ARM,1986,53.52333,
Armenia,ARM,1987,51.58156,
Armenia,ARM,1988,54.80166,
Armenia,ARM,1989,46.40997,
Armenia,ARM,1990,47.14286,
Armenia,ARM,1991,46.97632,
Armenia,ARM,1992,49.82487,
Armenia,ARM,1993,49.76814,
Armenia,ARM,1994,50.50321,
Armenia,ARM,1995,50.114,
Armenia,ARM,1996,49.38702,
Armenia,ARM,1997,47.5659,
Armenia,ARM,1998,44.97422,
Armenia,ARM,1999,41.77621,
Armenia,ARM,2000,39.56807,
Armenia,ARM,2001,37.73874,
Armenia,ARM,2002,36.14441,
Armenia,ARM,2003,34.862,
Armenia,ARM,2004,33.69224,
Armenia,ARM,2005,32.29468,
Armenia,ARM,2006,31.03775,
Armenia,ARM,2007,30.26684,
Armenia,ARM,2008,29.49474,
Armenia,ARM,2009,28.7285,
Armenia,ARM,2010,27.8473,
Armenia,ARM,2011,27.24707,
Armenia,ARM,2012,26.57141,
Armenia,ARM,2013,26.01993,
Armenia,ARM,2014,25.54498,
Armenia,ARM,2015,25.04952,
Armenia,ARM,2016,24.59083,
Armenia,ARM,2017,23.94324,
Armenia,ARM,2018,23.58585,
Armenia,ARM,2019,23.26513,
Armenia,ARM,2020,43.30132,
Armenia,ARM,2021,57.3021,
Armenia,ARM,2022,26.73422,
Armenia,ARM,2023,19.48496,
Australia,AUS,1985,8.77397,
Australia,AUS,1986,8.49084,
Australia,AUS,1987,8.70053,
Australia,AUS,1988,8.76562,
Australia,AUS,1989,8.9955,
Australia,AUS,1990,8.75776,
Australia,AUS,1991,8.93014,
Australia,AUS,1992,8.87456,
Australia,AUS,1993,8.69887,
Australia,AUS,1994,8.79119,
Australia,AUS,1995,8.51791,
Australia,AUS,1996,8.04241,
Australia,AUS,1997,7.95733,
Australia,AUS,1998,7.43714,
Australia,AUS,1999,7.09595,
Australia,AUS,2000,6.61589,
Australia,AUS,2001,5.80601,
Australia,AUS,2002,5.51323,
Australia,AUS,2003,5.43531,
Australia,AUS,2004,5.13,
Australia,AUS,2005,4.82545,
Australia,AUS,2006,4.91058,
Australia,AUS,2007,5.05211,
Australia,AUS,2008,4.95603,
Australia,AUS,2009,5.34434,
Australia,AUS,2010,5.39586,
Australia,AUS,2011,5.8211,
Australia,AUS,2012,5.80995,
Australia,AUS,2013,5.89663,
Australia,AUS,2014,5.97897,
Australia,AUS,2015,5.90066,
Australia,AUS,2016,5.92892,
Australia,AUS,2017,5.62851,
Australia,AUS,2018,5.35311,
Australia,AUS,2019,5.29355,
Australia,AUS,2020,5.13864,
Australia,AUS,2021,4.32518,
Australia,AUS,2022,3.59533,
Australia,AUS,2023,2.333,
Austria,AUT,1985,13.85919,
Austria,AUT,1986,14.10932,
Austria,AUT,1987,13.00534,
Austria,AUT,1988,12.85622,
Austria,AUT,1989,12.30305,
Austria,AUT,1990,11.65969,
Austria,AUT,1991,11.15984,
Austria,AUT,1992,10.47917,
Austria,AUT,1993,10.12322,
Austria,AUT,1994,9.77119,
Austria,AUT,1995,8.69909,
Austria,AUT,1996,8.10203,
Austria,AUT,1997,7.15699,
Austria,AUT,1998,6.66607,
Austria,AUT,1999,6.87,
Austria,AUT,2000,6.66535,
Austria,AUT,2001,6.1607,
Austria,AUT,2002,6.14553,
Austria,AUT,2003,6.2531,
Austria,AUT,2004,5.5833,
Austria,AUT,2005,5.93801,
Austria,AUT,2006,5.62092,
Austria,AUT,2007,5.66946,
Austria,AUT,2008,5.53512,
Austria,AUT,2009,5.89555,
Austria,AUT,2010,6.1054,
Austria,AUT,2011,6.21846,
Austria,AUT,2012,5.98559,
Austria,AUT,2013,6.08897,
Austria,AUT,2014,6.52485,
Austria,AUT,2015,6.57135,
Austria,AUT,2016,6.48671,
Austria,AUT,2017,6.29411,
Austria,AUT,2018,6.9307,
Austria,AUT,2019,6.60606,
Austria,AUT,2020,5.55234,
Austria,AUT,2021,5.96236,
Austria,AUT,2022,7.45068,
Austria,AUT,2023,6.10436,
Azerbaijan,AZE,1985,45.49995,
Azerbaijan,AZE,1986,48.23521,
Azerbaijan,AZE,1987,44.83697,
Azerbaijan,AZE,1988,45.35862,
Azerbaijan,AZE,1989,43.10793,
Azerbaijan,AZE,1990,41.17638,
Azerbaijan,AZE,1991,43.30567,
Azerbaijan,AZE,1992,56.12478,
Azerbaijan,AZE,1993,54.22773,
Azerbaijan,AZE,1994,58.20766,
Azerbaijan,AZE,1995,63.55857,
Azerbaijan,AZE,1996,57.83366,
Azerbaijan,AZE,1997,59.22005,
Azerbaijan,AZE,1998,54.25635,
Azerbaijan,AZE,1999,50.9433,
Azerbaijan,AZE,2000,46.17344,
Azerbaijan,AZE,2001,45.08675,
Azerbaijan,AZE,2002,40.40015,
Azerbaijan,AZE,2003,41.31088,
Azerbaijan,AZE,2004,39.64947,
Azerbaijan,AZE,2005,39.74411,
Azerbaijan,AZE,2006,33.47458,
Azerbaijan,AZE,2007,33.14766,
Azerbaijan,AZE,2008,30.28849,
Azerbaijan,AZE,2009,29.26753,
Azerbaijan,AZE,2010,28.32534,
Azerbaijan,AZE,2011,27.49896,
Azerbaijan,AZE,2012,28.09556,
Azerbaijan,AZE,2013,23.86969,
Azerbaijan,AZE,2014,22.71932,
Azerbaijan,AZE,2015,21.41092,
Azerbaijan,AZE,2016,22.33864,
Azerbaijan,AZE,2017,21.88029,
Azerbaijan,AZE,2018,20.696,
Azerbaijan,AZE,2019,21.02196,
Azerbaijan,AZE,2020,21.09161,
Azerbaijan,AZE,2021,54.79307,
Azerbaijan,AZE,2022,31.71963,
Azerbaijan,AZE,2023,17.89597,
Bahamas,BHS,1985,69.58561,
Bahamas,BHS,1986,68.18291,
Bahamas,BHS,1987,66.13087,
Bahamas,BHS,1988,65.58235,
Bahamas,BHS,1989,65.49103,
Bahamas,BHS,1990,65.41738,
Bahamas,BHS,1991,66.64548,
Bahamas,BHS,1992,66.83981,
Bahamas,BHS,1993,66.21609,
Bahamas,BHS,1994,64.40892,
Bahamas,BHS,1995,62.82181,
Bahamas,BHS,1996,61.998,
Bahamas,BHS,1997,58.91006,
Bahamas,BHS,1998,56.78785,
Bahamas,BHS,1999,53.84746,
Bahamas,BHS,2000,51.26978,
Bahamas,BHS,2001,48.23636,
Bahamas,BHS,2002,46.27778,
Bahamas,BHS,2003,57.30682,
Bahamas,BHS,2004,68.8499,
Bahamas,BHS,2005,69.50286,
Bahamas,BHS,2006,74.07226,
Bahamas,BHS,2007,78.23895,
Bahamas,BHS,2008,80.44553,
Bahamas,BHS,2009,83.77106,
Bahamas,BHS,2010,79.49573,
Bahamas,BHS,2011,74.34305,
Bahamas,BHS,2012,70.75463,
Bahamas,BHS,2013,74.16211,
Bahamas,BHS,2014,77.69537,
Bahamas,BHS,2015,82.83132,
Bahamas,BHS,2016,77.20687,
Bahamas,BHS,2017,78.97838,
Bahamas,BHS,2018,82.14974,
Bahamas,BHS,2019,82.14319,
Bahamas,BHS,2020,84.35691,
Bahamas,BHS,2021,174.2942,
Bahamas,BHS,2022,80.06993,
Bahamas,BHS,2023,75.95361,
Bahrain,BHR,1985,37.15723,
Bahrain,BHR,1986,37.35677,
Bahrain,BHR,1987,36.40795,
Bahrain,BHR,1988,36.12705,
Bahrain,BHR,1989,35.04295,
Bahrain,BHR,1990,34.93948,
Bahrain,BHR,1991,34.39139,
Bahrain,BHR,1992,34.37869,
Bahrain,BHR,1993,33.06683,
Bahrain,BHR,1994,32.58698,
Bahrain,BHR,1995,30.91507,
Bahrain,BHR,1996,29.79569,
Bahrain,BHR,1997,28.15543,
Bahrain,BHR,1998,27.1798,
Bahrain,BHR,1999,26.42576,
Bahrain,BHR,2000,25.23439,
Bahrain,BHR,2001,23.59115,
Bahrain,BHR,2002,22.50972,
Bahrain,BHR,2003,21.71486,
Bahrain,BHR,2004,21.04384,
Bahrain,BHR,2005,20.49961,
Bahrain,BHR,2006,20.05057,
Bahrain,BHR,2007,19.25046,
Bahrain,BHR,2008,18.82401,
Bahrain,BHR,2009,18.34354,
Bahrain,BHR,2010,18.35882,
Bahrain,BHR,2011,18.18893,
Bahrain,BHR,2012,17.26334,
Bahrain,BHR,2013,16.99481,
Bahrain,BHR,2014,16.45882,
Bahrain,BHR,2015,16.48033,
Bahrain,BHR,2016,16.60868,
Bahrain,BHR,2017,16.5234,
Bahrain,BHR,2018,16.30956,
Bahrain,BHR,2019,16.68917,
Bahrain,BHR,2020,6.9411,
Bahrain,BHR,2021,9.53558,
Bahrain,BHR,2022,4.94425,
Bahrain,BHR,2023,16.78235,
Bangladesh,BGD,1985,925.5021,
Bangladesh,BGD,1986,890.94946,
Bangladesh,BGD,1987,883.9517,
Bangladesh,BGD,1988,881.1076,
Bangladesh,BGD,1989,876.6921,
Bangladesh,BGD,1990,870.41797,
Bangladesh,BGD,1991,889.93823,
Bangladesh,BGD,1992,826.74054,
Bangladesh,BGD,1993,790.5458,
Bangladesh,BGD,1994,748.81885,
Bangladesh,BGD,1995,706.6703,
Bangladesh,BGD,1996,663.6776,
Bangladesh,BGD,1997,625.64215,
Bangladesh,BGD,1998,589.203,
Bangladesh,BGD,1999,554.49725,
Bangladesh,BGD,2000,522.65295,
Bangladesh,BGD,2001,494.79886,
Bangladesh,BGD,2002,465.2857,
Bangladesh,BGD,2003,435.67462,
Bangladesh,BGD,2004,406.05478,
Bangladesh,BGD,2005,377.53226,
Bangladesh,BGD,2006,352.32346,
Bangladesh,BGD,2007,334.08557,
Bangladesh,BGD,2008,310.04288,
Bangladesh,BGD,2009,292.7509,
Bangladesh,BGD,2010,274.63422,
Bangladesh,BGD,2011,258.333,
Bangladesh,BGD,2012,244.1809,
Bangladesh,BGD,2013,230.40869,
Bangladesh,BGD,2014,216.70636,
Bangladesh,BGD,2015,203.53674,
Bangladesh,BGD,2016,191.02995,
Bangladesh,BGD,2017,179.0412,
Bangladesh,BGD,2018,167.93237,
Bangladesh,BGD,2019,157.21165,
Bangladesh,BGD,2020,151.84625,
Bangladesh,BGD,2021,193.89067,
Bangladesh,BGD,2022,130.51897,
Bangladesh,BGD,2023,115.11493,
Barbados,BRB,1985,54.50427,
Barbados,BRB,1986,55.98776,
Barbados,BRB,1987,56.80339,
Barbados,BRB,1988,55.07928,
Barbados,BRB,1989,57.15276,
Barbados,BRB,1990,58.50506,
Barbados,BRB,1991,59.68327,
Barbados,BRB,1992,60.58137,
Barbados,BRB,1993,54.60813,
Barbados,BRB,1994,53.43814,
Barbados,BRB,1995,52.2178,
Barbados,BRB,1996,50.78705,
Barbados,BRB,1997,50.52029,
Barbados,BRB,1998,45.40949,
Barbados,BRB,1999,43.56836,
Barbados,BRB,2000,45.66083,
Barbados,BRB,2001,45.84178,
Barbados,BRB,2002,43.19389,
Barbados,BRB,2003,44.65167,
Barbados,BRB,2004,42.71906,
Barbados,BRB,2005,43.72432,
Barbados,BRB,2006,44.62182,
Barbados,BRB,2007,41.89977,
Barbados,BRB,2008,41.50407,
Barbados,BRB,2009,41.77438,
Barbados,BRB,2010,41.70716,
Barbados,BRB,2011,41.17528,
Barbados,BRB,2012,39.53492,
Barbados,BRB,2013,39.66056,
Barbados,BRB,2014,38.54943,
Barbados,BRB,2015,37.02361,
Barbados,BRB,2016,36.26096,
Barbados,BRB,2017,36.58056,
Barbados,BRB,2018,36.70521,
Barbados,BRB,2019,36.4975,
Barbados,BRB,2020,38.65383,
Barbados,BRB,2021,38.48689,
Barbados,BRB,2022,37.93933,
Barbados,BRB,2023,34.88119,
Belarus,BLR,1985,29.54684,
Belarus,BLR,1986,29.93535,
Belarus,BLR,1987,29.89964,
Belarus,BLR,1988,32.0036,
Belarus,BLR,1989,32.85707,
Belarus,BLR,1990,33.04147,
Belarus,BLR,1991,32.28325,
Belarus,BLR,1992,31.7371,
Belarus,BLR,1993,31.03762,
Belarus,BLR,1994,30.27875,
Belarus,BLR,1995,28.7426,
Belarus,BLR,1996,27.98229,
Belarus,BLR,1997,26.50038,
Belarus,BLR,1998,25.33349,
Belarus,BLR,1999,22.88685,
Belarus,BLR,2000,20.23216,
Belarus,BLR,2001,17.8512,
Belarus,BLR,2002,15.67458,
Belarus,BLR,2003,13.82164,
Belarus,BLR,2004,11.57721,
Belarus,BLR,2005,9.41375,
Belarus,BLR,2006,7.32506,
Belarus,BLR,2007,5.57059,
Belarus,BLR,2008,4.36946,
Belarus,BLR,2009,3.54849,
Belarus,BLR,2010,2.98404,
Belarus,BLR,2011,2.4576,
Belarus,BLR,2012,2.09635,
Belarus,BLR,2013,1.80759,
Belarus,BLR,2014,1.63486,
Belarus,BLR,2015,1.45717,
Belarus,BLR,2016,1.30143,
Belarus,BLR,2017,1.23098,
Belarus,BLR,2018,1.20875,
Belarus,BLR,2019,1.2027,
Belarus,BLR,2020,1.69557,
Belarus,BLR,2021,1.83065,
Belarus,BLR,2022,1.09131,
Belarus,BLR,2023,1.09598,
Belgium,BEL,1985,8.87175,
Belgium,BEL,1986,8.84881,
Belgium,BEL,1987,8.75021,
Belgium,BEL,1988,8.64938,
Belgium,BEL,1989,8.71054,
Belgium,BEL,1990,8.9929,
Belgium,BEL,1991,8.81575,
Belgium,BEL,1992,8.9656,
Belgium,BEL,1993,8.7568,
Belgium,BEL,1994,8.85027,
Belgium,BEL,1995,8.94806,
Belgium,BEL,1996,8.80044,
Belgium,BEL,1997,8.37419,
Belgium,BEL,1998,8.31322,
Belgium,BEL,1999,7.8869,
Belgium,BEL,2000,8.0173,
Belgium,BEL,2001,7.64281,
Belgium,BEL,2002,7.27869,
Belgium,BEL,2003,6.91972,
Belgium,BEL,2004,6.64457,
Belgium,BEL,2005,6.62609,
Belgium,BEL,2006,6.44062,
Belgium,BEL,2007,6.73701,
Belgium,BEL,2008,6.35284,
Belgium,BEL,2009,6.25553,
Belgium,BEL,2010,6.14508,
Belgium,BEL,2011,5.85767,
Belgium,BEL,2012,5.33192,
Belgium,BEL,2013,5.52174,
Belgium,BEL,2014,5.20538,
Belgium,BEL,2015,5.06859,
Belgium,BEL,2016,4.83504,
Belgium,BEL,2017,4.73278,
Belgium,BEL,2018,4.6776,
Belgium,BEL,2019,4.32073,
Belgium,BEL,2020,4.1518,
Belgium,BEL,2021,7.33652,
Belgium,BEL,2022,10.76051,
Belgium,BEL,2023,3.84351,
Belize,BLZ,1985,98.05279,
Belize,BLZ,1986,87.01665,
Belize,BLZ,1987,83.38834,
Belize,BLZ,1988,82.21504,
Belize,BLZ,1989,79.89371,
Belize,BLZ,1990,76.99511,
Belize,BLZ,1991,75.14537,
Belize,BLZ,1992,73.81685,
Belize,BLZ,1993,72.7078,
Belize,BLZ,1994,72.27909,
Belize,BLZ,1995,72.80246,
Belize,BLZ,1996,74.4652,
Belize,BLZ,1997,76.74735,
Belize,BLZ,1998,78.71096,
Belize,BLZ,1999,77.10344,
Belize,BLZ,2000,78.12834,
Belize,BLZ,2001,76.22194,
Belize,BLZ,2002,68.21414,
Belize,BLZ,2003,66.76509,
Belize,BLZ,2004,62.76015,
Belize,BLZ,2005,60.07114,
Belize,BLZ,2006,55.36324,
Belize,BLZ,2007,51.57972,
Belize,BLZ,2008,47.7854,
Belize,BLZ,2009,44.53123,
Belize,BLZ,2010,40.88922,
Belize,BLZ,2011,39.26565,
Belize,BLZ,2012,40.26288,
Belize,BLZ,2013,41.36256,
Belize,BLZ,2014,43.66217,
Belize,BLZ,2015,47.15458,
Belize,BLZ,2016,51.40328,
Belize,BLZ,2017,55.84857,
Belize,BLZ,2018,59.97342,
Belize,BLZ,2019,61.29752,
Belize,BLZ,2020,88.48717,
Belize,BLZ,2021,156.63585,
Belize,BLZ,2022,109.63405,
Belize,BLZ,2023,66.80087,
Benin,BEN,1985,910.3656,
Benin,BEN,1986,857.8118,
Benin,BEN,1987,816.5523,
Benin,BEN,1988,764.9037,
Benin,BEN,1989,732.3745,
Benin,BEN,1990,691.90967,
Benin,BEN,1991,665.99133,
Benin,BEN,1992,625.1857,
Benin,BEN,1993,590.90045,
Benin,BEN,1994,604.83527,
Benin,BEN,1995,585.9937,
Benin,BEN,1996,576.26215,
Benin,BEN,1997,555.6534,
Benin,BEN,1998,546.5267,
Benin,BEN,1999,535.57446,
Benin,BEN,2000,529.4696,
Benin,BEN,2001,532.4616,
Benin,BEN,2002,534.3913,
Benin,BEN,2003,532.2721,
Benin,BEN,2004,530.5896,
Benin,BEN,2005,514.1762,
Benin,BEN,2006,509.44858,
Benin,BEN,2007,500.8454,
Benin,BEN,2008,563.3792,
Benin,BEN,2009,597.959,
Benin,BEN,2010,606.71533,
Benin,BEN,2011,613.3768,
Benin,BEN,2012,617.87744,
Benin,BEN,2013,607.1692,
Benin,BEN,2014,605.176,
Benin,BEN,2015,606.4238,
Benin,BEN,2016,604.17926,
Benin,BEN,2017,591.6453,
Benin,BEN,2018,585.48425,
Benin,BEN,2019,572.14795,
Benin,BEN,2020,577.71735,
Benin,BEN,2021,583.57526,
Benin,BEN,2022,547.07245,
Benin,BEN,2023,518.233,
Bhutan,BTN,1985,968.64404,
Bhutan,BTN,1986,910.5505,
Bhutan,BTN,1987,856.89435,
Bhutan,BTN,1988,797.99927,
Bhutan,BTN,1989,747.4961,
Bhutan,BTN,1990,703.90356,
Bhutan,BTN,1991,670.5697,
Bhutan,BTN,1992,656.4804,
Bhutan,BTN,1993,577.7451,
Bhutan,BTN,1994,543.6224,
Bhutan,BTN,1995,498.16357,
Bhutan,BTN,1996,450.21024,
Bhutan,BTN,1997,415.4741,
Bhutan,BTN,1998,378.21085,
Bhutan,BTN,1999,346.09293,
Bhutan,BTN,2000,323.71735,
Bhutan,BTN,2001,285.58673,
Bhutan,BTN,2002,256.5562,
Bhutan,BTN,2003,229.25035,
Bhutan,BTN,2004,207.17754,
Bhutan,BTN,2005,186.4621,
Bhutan,BTN,2006,166.67172,
Bhutan,BTN,2007,148.95506,
Bhutan,BTN,2008,132.65208,
Bhutan,BTN,2009,121.22927,
Bhutan,BTN,2010,106.55163,
Bhutan,BTN,2011,95.77047,
Bhutan,BTN,2012,85.98677,
Bhutan,BTN,2013,79.20377,
Bhutan,BTN,2014,73.37854,
Bhutan,BTN,2015,68.35484,
Bhutan,BTN,2016,63.31074,
Bhutan,BTN,2017,58.40546,
Bhutan,BTN,2018,55.23222,
Bhutan,BTN,2019,52.33697,
Bhutan,BTN,2020,51.35273,
Bhutan,BTN,2021,49.92042,
Bhutan,BTN,2022,48.56863,
Bhutan,BTN,2023,46.64777,
Bolivia,BOL,1985,517.9183,
Bolivia,BOL,1986,503.1339,
Bolivia,BOL,1987,478.2345,
Bolivia,BOL,1988,457.0206,
Bolivia,BOL,1989,430.0154,
Bolivia,BOL,1990,407.44055,
Bolivia,BOL,1991,390.91852,
Bolivia,BOL,1992,375.20264,
Bolivia,BOL,1993,354.16595,
Bolivia,BOL,1994,335.5842,
Bolivia,BOL,1995,321.62436,
Bolivia,BOL,1996,313.64645,
Bolivia,BOL,1997,305.89197,
Bolivia,BOL,1998,297.9714,
Bolivia,BOL,1999,291.5338,
Bolivia,BOL,2000,286.9195,
Bolivia,BOL,2001,275.73688,
Bolivia,BOL,2002,262.25446,
Bolivia,BOL,2003,256.18204,
Bolivia,BOL,2004,250.56229,
Bolivia,BOL,2005,242.24844,
Bolivia,BOL,2006,236.29387,
Bolivia,BOL,2007,224.05571,
Bolivia,BOL,2008,214.34326,
Bolivia,BOL,2009,204.94942,
Bolivia,BOL,2010,195.80676,
Bolivia,BOL,2011,187.14848,
Bolivia,BOL,2012,180.31586,
Bolivia,BOL,2013,175.20148,
Bolivia,BOL,2014,170.74593,
Bolivia,BOL,2015,166.13197,
Bolivia,BOL,2016,162.13158,
Bolivia,BOL,2017,159.75932,
Bolivia,BOL,2018,157.30157,
Bolivia,BOL,2019,156.49239,
Bolivia,BOL,2020,217.83176,
Bolivia,BOL,2021,270.02594,
Bolivia,BOL,2022,164.32727,
Bolivia,BOL,2023,146.37428,
Bosnia and Herzegovina,BIH,1985,34.62226,
Bosnia and Herzegovina,BIH,1986,32.67694,
Bosnia and Herzegovina,BIH,1987,31.30544,
Bosnia and Herzegovina,BIH,1988,29.26965,
Bosnia and Herzegovina,BIH,1989,26.26466,
Bosnia and Herzegovina,BIH,1990,24.58004,
Bosnia and Herzegovina,BIH,1991,22.97703,
Bosnia and Herzegovina,BIH,1992,30.46222,
Bosnia and Herzegovina,BIH,1993,25.78227,
Bosnia and Herzegovina,BIH,1994,21.95936,
Bosnia and Herzegovina,BIH,1995,18.90484,
Bosnia and Herzegovina,BIH,1996,16.66582,
Bosnia and Herzegovina,BIH,1997,15.74718,
Bosnia and Herzegovina,BIH,1998,14.19739,
Bosnia and Herzegovina,BIH,1999,12.67647,
Bosnia and Herzegovina,BIH,2000,11.49712,
Bosnia and Herzegovina,BIH,2001,10.75986,
Bosnia and Herzegovina,BIH,2002,10.16168,
Bosnia and Herzegovina,BIH,2003,9.88429,
Bosnia and Herzegovina,BIH,2004,9.56463,
Bosnia and Herzegovina,BIH,2005,9.27295,
Bosnia and Herzegovina,BIH,2006,8.83772,
Bosnia and Herzegovina,BIH,2007,8.50967,
Bosnia and Herzegovina,BIH,2008,8.25117,
Bosnia and Herzegovina,BIH,2009,7.82972,
Bosnia and Herzegovina,BIH,2010,7.54274,
Bosnia and Herzegovina,BIH,2011,7.07426,
Bosnia and Herzegovina,BIH,2012,6.82402,
Bosnia and Herzegovina,BIH,2013,6.77274,
Bosnia and Herzegovina,BIH,2014,6.75155,
Bosnia and Herzegovina,BIH,2015,6.66119,
Bosnia and Herzegovina,BIH,2016,6.52647,
Bosnia and Herzegovina,BIH,2017,6.57304,
Bosnia and Herzegovina,BIH,2018,6.81481,
Bosnia and Herzegovina,BIH,2019,6.40033,
Bosnia and Herzegovina,BIH,2020,7.41122,
Bosnia and Herzegovina,BIH,2021,12.68646,
Bosnia and Herzegovina,BIH,2022,11.79462,
Bosnia and Herzegovina,BIH,2023,6.174,
Botswana,BWA,1985,312.8639,
Botswana,BWA,1986,304.32495,
Botswana,BWA,1987,301.8041,
Botswana,BWA,1988,318.91196,
Botswana,BWA,1989,300.4325,
Botswana,BWA,1990,296.2212,
Botswana,BWA,1991,282.64957,
Botswana,BWA,1992,262.89005,
Botswana,BWA,1993,229.83511,
Botswana,BWA,1994,182.41925,
Botswana,BWA,1995,148.35773,
Botswana,BWA,1996,129.84415,
Botswana,BWA,1997,123.1502,
Botswana,BWA,1998,125.59149,
Botswana,BWA,1999,131.06004,
Botswana,BWA,2000,135.664,
Botswana,BWA,2001,137.94049,
Botswana,BWA,2002,139.74927,
Botswana,BWA,2003,142.48093,
Botswana,BWA,2004,151.25972,
Botswana,BWA,2005,166.28557,
Botswana,BWA,2006,204.17941,
Botswana,BWA,2007,201.24416,
Botswana,BWA,2008,198.7262,
Botswana,BWA,2009,212.66866,
Botswana,BWA,2010,228.43423,
Botswana,BWA,2011,269.0407,
Botswana,BWA,2012,288.06314,
Botswana,BWA,2013,221.24806,
Botswana,BWA,2014,211.50977,
Botswana,BWA,2015,140.53311,
Botswana,BWA,2016,72.26346,
Botswana,BWA,2017,46.25715,
Botswana,BWA,2018,99.17532,
Botswana,BWA,2019,100.10779,
Botswana,BWA,2020,97.80309,
Botswana,BWA,2021,165.44489,
Botswana,BWA,2022,120.41605,
Botswana,BWA,2023,155.09856,
Brazil,BRA,1985,185.66748,
Brazil,BRA,1986,175.649,
Brazil,BRA,1987,167.31245,
Brazil,BRA,1988,161.40652,
Brazil,BRA,1989,150.12364,
Brazil,BRA,1990,139.7695,
Brazil,BRA,1991,128.06453,
Brazil,BRA,1992,117.75696,
Brazil,BRA,1993,112.80289,
Brazil,BRA,1994,108.00891,
Brazil,BRA,1995,103.26709,
Brazil,BRA,1996,97.62692,
Brazil,BRA,1997,92.46525,
Brazil,BRA,1998,83.88052,
Brazil,BRA,1999,75.23607,
Brazil,BRA,2000,68.64623,
Brazil,BRA,2001,66.43235,
Brazil,BRA,2002,65.96649,
Brazil,BRA,2003,67.03581,
Brazil,BRA,2004,69.58024,
Brazil,BRA,2005,71.49638,
Brazil,BRA,2006,72.18568,
Brazil,BRA,2007,72.50563,
Brazil,BRA,2008,71.39691,
Brazil,BRA,2009,69.12705,
Brazil,BRA,2010,65.95196,
Brazil,BRA,2011,61.86484,
Brazil,BRA,2012,59.73186,
Brazil,BRA,2013,61.03989,
Brazil,BRA,2014,63.39032,
Brazil,BRA,2015,62.95876,
Brazil,BRA,2016,63.64146,
Brazil,BRA,2017,61.02473,
Brazil,BRA,2018,62.3322,
Brazil,BRA,2019,64.63298,
Brazil,BRA,2020,84.88166,
Brazil,BRA,2021,127.99026,
Brazil,BRA,2022,103.96809,
Brazil,BRA,2023,66.91036,
Brunei,BRN,1985,79.40361,
Brunei,BRN,1986,77.78794,
Brunei,BRN,1987,75.21771,
Brunei,BRN,1988,72.69748,
Brunei,BRN,1989,71.36731,
Brunei,BRN,1990,67.67059,
Brunei,BRN,1991,65.35035,
Brunei,BRN,1992,62.38198,
Brunei,BRN,1993,59.30275,
Brunei,BRN,1994,58.01509,
Brunei,BRN,1995,55.26271,
Brunei,BRN,1996,53.62374,
Brunei,BRN,1997,52.01727,
Brunei,BRN,1998,50.6088,
Brunei,BRN,1999,49.50079,
Brunei,BRN,2000,47.96569,
Brunei,BRN,2001,46.26508,
Brunei,BRN,2002,45.96354,
Brunei,BRN,2003,44.94777,
Brunei,BRN,2004,43.52846,
Brunei,BRN,2005,42.54342,
Brunei,BRN,2006,41.8659,
Brunei,BRN,2007,40.91442,
Brunei,BRN,2008,40.41778,
Brunei,BRN,2009,39.84771,
Brunei,BRN,2010,39.51389,
Brunei,BRN,2011,39.70844,
Brunei,BRN,2012,40.04252,
Brunei,BRN,2013,39.74805,
Brunei,BRN,2014,39.61761,
Brunei,BRN,2015,39.49278,
Brunei,BRN,2016,39.37675,
Brunei,BRN,2017,39.32674,
Brunei,BRN,2018,39.21921,
Brunei,BRN,2019,38.476,
Brunei,BRN,2020,38.51055,
Brunei,BRN,2021,43.84471,
Brunei,BRN,2022,88.15149,
Brunei,BRN,2023,36.35405,
Bulgaria,BGR,1985,25.63595,
Bulgaria,BGR,1986,24.57892,
Bulgaria,BGR,1987,24.61368,
Bulgaria,BGR,1988,25.56277,
Bulgaria,BGR,1989,25.44245,
Bulgaria,BGR,1990,26.67754,
Bulgaria,BGR,1991,24.91141,
Bulgaria,BGR,1992,25.28262,
Bulgaria,BGR,1993,23.44448,
Bulgaria,BGR,1994,24.64617,
Bulgaria,BGR,1995,22.99717,
Bulgaria,BGR,1996,22.402,
Bulgaria,BGR,1997,23.34328,
Bulgaria,BGR,1998,20.37692,
Bulgaria,BGR,1999,20.46487,
Bulgaria,BGR,2000,18.91289,
Bulgaria,BGR,2001,17.13903,
Bulgaria,BGR,2002,15.16692,
Bulgaria,BGR,2003,14.07302,
Bulgaria,BGR,2004,13.52404,
Bulgaria,BGR,2005,12.70357,
Bulgaria,BGR,2006,11.57521,
Bulgaria,BGR,2007,10.55347,
Bulgaria,BGR,2008,9.70299,
Bulgaria,BGR,2009,9.23729,
Bulgaria,BGR,2010,9.05217,
Bulgaria,BGR,2011,8.33608,
Bulgaria,BGR,2012,7.42517,
Bulgaria,BGR,2013,7.14545,
Bulgaria,BGR,2014,7.34193,
Bulgaria,BGR,2015,7.25551,
Bulgaria,BGR,2016,6.92518,
Bulgaria,BGR,2017,6.7236,
Bulgaria,BGR,2018,6.68777,
Bulgaria,BGR,2019,6.3503,
Bulgaria,BGR,2020,8.73902,
Bulgaria,BGR,2021,9.26824,
Bulgaria,BGR,2022,9.65589,
Bulgaria,BGR,2023,5.55967,
Burkina Faso,BFA,1985,849.88763,
Burkina Faso,BFA,1986,833.71606,
Burkina Faso,BFA,1987,819.8497,
Burkina Faso,BFA,1988,805.832,
Burkina Faso,BFA,1989,787.00415,
Burkina Faso,BFA,1990,758.951,
Burkina Faso,BFA,1991,732.09625,
Burkina Faso,BFA,1992,702.7637,
Burkina Faso,BFA,1993,677.49384,
Burkina Faso,BFA,1994,650.5038,
Burkina Faso,BFA,1995,629.2032,
Burkina Faso,BFA,1996,605.49774,
Burkina Faso,BFA,1997,609.54694,
Burkina Faso,BFA,1998,567.19006,
Burkina Faso,BFA,1999,547.30005,
Burkina Faso,BFA,2000,524.28754,
Burkina Faso,BFA,2001,512.6842,
Burkina Faso,BFA,2002,507.8384,
Burkina Faso,BFA,2003,495.42215,
Burkina Faso,BFA,2004,480.9669,
Burkina Faso,BFA,2005,466.89572,
Burkina Faso,BFA,2006,463.2383,
Burkina Faso,BFA,2007,452.98306,
Burkina Faso,BFA,2008,428.56284,
Burkina Faso,BFA,2009,419.2836,
Burkina Faso,BFA,2010,403.88745,
Burkina Faso,BFA,2011,387.58813,
Burkina Faso,BFA,2012,376.03714,
Burkina Faso,BFA,2013,361.26483,
Burkina Faso,BFA,2014,344.15146,
Burkina Faso,BFA,2015,327.84976,
Burkina Faso,BFA,2016,313.0208,
Burkina Faso,BFA,2017,298.37753,
Burkina Faso,BFA,2018,286.0762,
Burkina Faso,BFA,2019,274.24982,
Burkina Faso,BFA,2020,334.0545,
Burkina Faso,BFA,2021,354.05194,
Burkina Faso,BFA,2022,316.26727,
Burkina Faso,BFA,2023,241.78671,
Burundi,BDI,1985,1428.0295,
Burundi,BDI,1986,1440.9904,
Burundi,BDI,1987,1446.3185,
Burundi,BDI,1988,1518.5836,
Burundi,BDI,1989,1510.8784,
Burundi,BDI,1990,1514.947,
Burundi,BDI,1991,1513.2974,
Burundi,BDI,1992,1463.6165,
Burundi,BDI,1993,1800.7697,
Burundi,BDI,1994,1215.0774,
Burundi,BDI,1995,1293.3754,
Burundi,BDI,1996,1235.8052,
Burundi,BDI,1997,1100.3766,
Burundi,BDI,1998,969.25464,
Burundi,BDI,1999,898.82764,
Burundi,BDI,2000,860.22174,
Burundi,BDI,2001,798.86163,
Burundi,BDI,2002,743.49677,
Burundi,BDI,2003,704.7974,
Burundi,BDI,2004,686.6136,
Burundi,BDI,2005,685.08234,
Burundi,BDI,2006,670.477,
Burundi,BDI,2007,654.5402,
Burundi,BDI,2008,634.5657,
Burundi,BDI,2009,612.38446,
Burundi,BDI,2010,614.36206,
Burundi,BDI,2011,597.0472,
Burundi,BDI,2012,575.09485,
Burundi,BDI,2013,555.3504,
Burundi,BDI,2014,533.3764,
Burundi,BDI,2015,525.2422,
Burundi,BDI,2016,500.5107,
Burundi,BDI,2017,481.73605,
Burundi,BDI,2018,463.54578,
Burundi,BDI,2019,449.44147,
Burundi,BDI,2020,440.9911,
Burundi,BDI,2021,446.8202,
Burundi,BDI,2022,412.28653,
Burundi,BDI,2023,391.97467,
Cambodia,KHM,1985,873.6553,
Cambodia,KHM,1986,824.0737,
Cambodia,KHM,1987,771.7459,
Cambodia,KHM,1988,742.1283,
Cambodia,KHM,1989,702.1738,
Cambodia,KHM,1990,681.4397,
Cambodia,KHM,1991,680.59106,
Cambodia,KHM,1992,667.2367,
Cambodia,KHM,1993,680.18604,
Cambodia,KHM,1994,665.3268,
Cambodia,KHM,1995,641.54156,
Cambodia,KHM,1996,622.1396,
Cambodia,KHM,1997,580.4584,
Cambodia,KHM,1998,557.3258,
Cambodia,KHM,1999,517.2568,
Cambodia,KHM,2000,476.02017,
Cambodia,KHM,2001,437.20862,
Cambodia,KHM,2002,398.72617,
Cambodia,KHM,2003,365.5352,
Cambodia,KHM,2004,343.99545,
Cambodia,KHM,2005,322.6841,
Cambodia,KHM,2006,302.55154,
Cambodia,KHM,2007,290.02338,
Cambodia,KHM,2008,271.8232,
Cambodia,KHM,2009,251.20294,
Cambodia,KHM,2010,234.12254,
Cambodia,KHM,2011,214.25471,
Cambodia,KHM,2012,196.76385,
Cambodia,KHM,2013,181.86453,
Cambodia,KHM,2014,171.92255,
Cambodia,KHM,2015,165.77824,
Cambodia,KHM,2016,159.17505,
Cambodia,KHM,2017,154.68008,
Cambodia,KHM,2018,151.19482,
Cambodia,KHM,2019,148.84647,
Cambodia,KHM,2020,163.97649,
Cambodia,KHM,2021,188.81525,
Cambodia,KHM,2022,158.5692,
Cambodia,KHM,2023,137.38942,
Cameroon,CMR,1985,572.4377,
Cameroon,CMR,1986,579.2348,
Cameroon,CMR,1987,556.56714,
Cameroon,CMR,1988,558.51917,
Cameroon,CMR,1989,563.71655,
Cameroon,CMR,1990,570.06006,
Cameroon,CMR,1991,583.5907,
Cameroon,CMR,1992,594.85156,
Cameroon,CMR,1993,606.27924,
Cameroon,CMR,1994,628.09106,
Cameroon,CMR,1995,640.56287,
Cameroon,CMR,1996,648.4639,
Cameroon,CMR,1997,651.96594,
Cameroon,CMR,1998,665.739,
Cameroon,CMR,1999,672.4801,
Cameroon,CMR,2000,678.044,
Cameroon,CMR,2001,672.3947,
Cameroon,CMR,2002,658.25934,
Cameroon,CMR,2003,644.78394,
Cameroon,CMR,2004,633.33124,
Cameroon,CMR,2005,628.554,
Cameroon,CMR,2006,615.22394,
Cameroon,CMR,2007,604.79443,
Cameroon,CMR,2008,591.66833,
Cameroon,CMR,2009,579.48645,
Cameroon,CMR,2010,561.8184,
Cameroon,CMR,2011,540.6161,
Cameroon,CMR,2012,499.84885,
Cameroon,CMR,2013,468.79797,
Cameroon,CMR,2014,439.81552,
Cameroon,CMR,2015,417.28473,
Cameroon,CMR,2016,393.34058,
Cameroon,CMR,2017,372.20093,
Cameroon,CMR,2018,354.39722,
Cameroon,CMR,2019,335.96722,
Cameroon,CMR,2020,315.5091,
Cameroon,CMR,2021,342.2147,
Cameroon,CMR,2022,275.99298,
Cameroon,CMR,2023,258.2254,
Canada,CAN,1985,7.25072,
Canada,CAN,1986,7.21307,
Canada,CAN,1987,7.04806,
Canada,CAN,1988,7.17883,
Canada,CAN,1989,7.59159,
Canada,CAN,1990,7.4654,
Canada,CAN,1991,7.71264,
Canada,CAN,1992,7.76928,
Canada,CAN,1993,8.03341,
Canada,CAN,1994,7.99746,
Canada,CAN,1995,8.266,
Canada,CAN,1996,8.55956,
Canada,CAN,1997,8.41139,
Canada,CAN,1998,8.56336,
Canada,CAN,1999,8.82541,
Canada,CAN,2000,8.98736,
Canada,CAN,2001,9.54336,
Canada,CAN,2002,9.96334,
Canada,CAN,2003,10.2644,
Canada,CAN,2004,10.34216,
Canada,CAN,2005,11.17144,
Canada,CAN,2006,11.20822,
Canada,CAN,2007,11.39832,
Canada,CAN,2008,11.89835,
Canada,CAN,2009,12.05524,
Canada,CAN,2010,11.3825,
Canada,CAN,2011,11.33171,
Canada,CAN,2012,11.46628,
Canada,CAN,2013,11.1419,
Canada,CAN,2014,11.51086,
Canada,CAN,2015,11.31237,
Canada,CAN,2016,12.0039,
Canada,CAN,2017,12.26458,
Canada,CAN,2018,12.58052,
Canada,CAN,2019,12.26644,
Canada,CAN,2020,16.65174,
Canada,CAN,2021,13.58174,
Canada,CAN,2022,14.63701,
Canada,CAN,2023,11.78479,
Cape Verde,CPV,1985,420.14877,
Cape Verde,CPV,1986,393.70642,
Cape Verde,CPV,1987,365.50018,
Cape Verde,CPV,1988,345.71582,
Cape Verde,CPV,1989,322.1836,
Cape Verde,CPV,1990,297.69513,
Cape Verde,CPV,1991,276.64035,
Cape Verde,CPV,1992,254.63911,
Cape Verde,CPV,1993,233.36082,
Cape Verde,CPV,1994,213.61342,
Cape Verde,CPV,1995,196.3428,
Cape Verde,CPV,1996,167.35318,
Cape Verde,CPV,1997,147.1869,
Cape Verde,CPV,1998,134.02315,
Cape Verde,CPV,1999,121.67954,
Cape Verde,CPV,2000,110.21407,
Cape Verde,CPV,2001,101.34387,
Cape Verde,CPV,2002,92.4974,
Cape Verde,CPV,2003,85.90388,
Cape Verde,CPV,2004,79.91977,
Cape Verde,CPV,2005,74.91491,
Cape Verde,CPV,2006,75.55448,
Cape Verde,CPV,2007,73.0208,
Cape Verde,CPV,2008,68.13663,
Cape Verde,CPV,2009,62.24381,
Cape Verde,CPV,2010,60.74753,
Cape Verde,CPV,2011,54.54338,
Cape Verde,CPV,2012,50.99806,
Cape Verde,CPV,2013,49.84194,
Cape Verde,CPV,2014,47.90485,
Cape Verde,CPV,2015,46.38443,
Cape Verde,CPV,2016,44.26496,
Cape Verde,CPV,2017,42.90016,
Cape Verde,CPV,2018,42.75495,
Cape Verde,CPV,2019,40.66265,
Cape Verde,CPV,2020,56.00752,
Cape Verde,CPV,2021,55.74854,
Cape Verde,CPV,2022,41.66609,
Cape Verde,CPV,2023,40.03827,
Central African Republic,CAF,1985,795.57166,
Central African Republic,CAF,1986,794.7097,
Central African Republic,CAF,1987,803.1051,
Central African Republic,CAF,1988,815.21985,
Central African Republic,CAF,1989,835.12213,
Central African Republic,CAF,1990,866.344,
Central African Republic,CAF,1991,909.52454,
Central African Republic,CAF,1992,955.8299,
Central African Republic,CAF,1993,996.6901,
Central African Republic,CAF,1994,1053.2247,
Central African Republic,CAF,1995,1123.447,
Central African Republic,CAF,1996,1190.9393,
Central African Republic,CAF,1997,1270.25,
Central African Republic,CAF,1998,1346.1915,
Central African Republic,CAF,1999,1411.3492,
Central African Republic,CAF,2000,1489.7491,
Central African Republic,CAF,2001,1503.945,
Central African Republic,CAF,2002,1495.7157,
Central African Republic,CAF,2003,1487.4408,
Central African Republic,CAF,2004,1449.507,
Central African Republic,CAF,2005,1388.7723,
Central African Republic,CAF,2006,1336.8456,
Central African Republic,CAF,2007,1271.2389,
Central African Republic,CAF,2008,1233.9692,
Central African Republic,CAF,2009,1271.6354,
Central African Republic,CAF,2010,1230.0859,
Central African Republic,CAF,2011,1131.4797,
Central African Republic,CAF,2012,1092.4971,
Central African Republic,CAF,2013,1091.691,
Central African Republic,CAF,2014,1034.4042,
Central African Republic,CAF,2015,980.5402,
Central African Republic,CAF,2016,962.47144,
Central African Republic,CAF,2017,1093.4597,
Central African Republic,CAF,2018,881.34827,
Central African Republic,CAF,2019,1650.1896,
Central African Republic,CAF,2020,1296.1788,
Central African Republic,CAF,2021,1127.065,
Central African Republic,CAF,2022,840.8235,
Central African Republic,CAF,2023,691.7425,
Chad,TCD,1985,1118.7567,
Chad,TCD,1986,1068.2764,
Chad,TCD,1987,1122.9546,
Chad,TCD,1988,1092.9891,
Chad,TCD,1989,1082.5317,
Chad,TCD,1990,1112.755,
Chad,TCD,1991,1093.2659,
Chad,TCD,1992,1118.962,
Chad,TCD,1993,1165.6277,
Chad,TCD,1994,1150.9183,
Chad,TCD,1995,1118.6844,
Chad,TCD,1996,1149.6133,
Chad,TCD,1997,1146.2305,
Chad,TCD,1998,1176.7434,
Chad,TCD,1999,1183.6681,
Chad,TCD,2000,1207.7802,
Chad,TCD,2001,1204.3594,
Chad,TCD,2002,1198.9974,
Chad,TCD,2003,1169.996,
Chad,TCD,2004,1167.1107,
Chad,TCD,2005,1188.5945,
Chad,TCD,2006,1219.9814,
Chad,TCD,2007,1240.3645,
Chad,TCD,2008,1264.2244,
Chad,TCD,2009,1284.8588,
Chad,TCD,2010,1284.3829,
Chad,TCD,2011,1264.1956,
Chad,TCD,2012,1244.8842,
Chad,TCD,2013,1216.102,
Chad,TCD,2014,1197.8026,
Chad,TCD,2015,1176.0309,
Chad,TCD,2016,1133.2394,
Chad,TCD,2017,1084.9865,
Chad,TCD,2018,1020.2937,
Chad,TCD,2019,957.77655,
Chad,TCD,2020,877.29944,
Chad,TCD,2021,868.62616,
Chad,TCD,2022,775.4963,
Chad,TCD,2023,747.53986,
Chile,CHL,1985,72.6764,
Chile,CHL,1986,69.73459,
Chile,CHL,1987,67.26693,
Chile,CHL,1988,64.07323,
Chile,CHL,1989,61.50738,
Chile,CHL,1990,56.29719,
Chile,CHL,1991,53.8727,
Chile,CHL,1992,51.65894,
Chile,CHL,1993,49.27216,
Chile,CHL,1994,46.70856,
Chile,CHL,1995,44.28494,
Chile,CHL,1996,40.72131,
Chile,CHL,1997,38.5256,
Chile,CHL,1998,36.28582,
Chile,CHL,1999,34.56842,
Chile,CHL,2000,32.94284,
Chile,CHL,2001,31.57899,
Chile,CHL,2002,30.39744,
Chile,CHL,2003,29.27009,
Chile,CHL,2004,28.09702,
Chile,CHL,2005,27.48591,
Chile,CHL,2006,26.75998,
Chile,CHL,2007,25.68844,
Chile,CHL,2008,24.40544,
Chile,CHL,2009,23.90557,
Chile,CHL,2010,21.70381,
Chile,CHL,2011,19.96513,
Chile,CHL,2012,18.3832,
Chile,CHL,2013,16.94691,
Chile,CHL,2014,15.7487,
Chile,CHL,2015,14.44723,
Chile,CHL,2016,13.16912,
Chile,CHL,2017,12.10446,
Chile,CHL,2018,11.39816,
Chile,CHL,2019,11.09544,
Chile,CHL,2020,12.30187,
Chile,CHL,2021,14.38931,
Chile,CHL,2022,11.7096,
Chile,CHL,2023,9.88497,
China,CHN,1985,125.37398,
China,CHN,1986,119.69569,
China,CHN,1987,114.25376,
China,CHN,1988,107.61692,
China,CHN,1989,103.55194,
China,CHN,1990,101.61195,
China,CHN,1991,92.13046,
China,CHN,1992,86.14143,
China,CHN,1993,80.21097,
China,CHN,1994,76.27091,
China,CHN,1995,71.04362,
China,CHN,1996,66.74236,
China,CHN,1997,63.07218,
China,CHN,1998,60.13668,
China,CHN,1999,57.59305,
China,CHN,2000,55.67274,
China,CHN,2001,52.38762,
China,CHN,2002,49.76937,
China,CHN,2003,47.0547,
China,CHN,2004,44.65178,
China,CHN,2005,41.97076,
China,CHN,2006,39.61522,
China,CHN,2007,37.58134,
China,CHN,2008,37.96964,
China,CHN,2009,34.66525,
China,CHN,2010,33.65973,
China,CHN,2011,32.50724,
China,CHN,2012,31.70615,
China,CHN,2013,29.78557,
China,CHN,2014,28.11473,
China,CHN,2015,26.14898,
China,CHN,2016,24.7792,
China,CHN,2017,23.68369,
China,CHN,2018,21.95719,
China,CHN,2019,21.08059,
China,CHN,2020,19.82301,
China,CHN,2021,20.93229,
China,CHN,2022,18.29682,
China,CHN,2023,16.25107,
Colombia,COL,1985,142.6357,
Colombia,COL,1986,122.55234,
Colombia,COL,1987,119.83856,
Colombia,COL,1988,112.75691,
Colombia,COL,1989,105.53334,
Colombia,COL,1990,102.12554,
Colombia,COL,1991,98.85659,
Colombia,COL,1992,97.11363,
Colombia,COL,1993,94.27001,
Colombia,COL,1994,92.60605,
Colombia,COL,1995,90.60015,
Colombia,COL,1996,89.48692,
Colombia,COL,1997,90.30122,
Colombia,COL,1998,92.02026,
Colombia,COL,1999,95.95152,
Colombia,COL,2000,95.11151,
Colombia,COL,2001,93.80357,
Colombia,COL,2002,91.27231,
Colombia,COL,2003,86.7687,
Colombia,COL,2004,84.15008,
Colombia,COL,2005,81.6156,
Colombia,COL,2006,80.63076,
Colombia,COL,2007,79.83739,
Colombia,COL,2008,78.15605,
Colombia,COL,2009,76.84698,
Colombia,COL,2010,76.38049,
Colombia,COL,2011,75.07368,
Colombia,COL,2012,72.96662,
Colombia,COL,2013,71.75142,
Colombia,COL,2014,70.72659,
Colombia,COL,2015,70.25705,
Colombia,COL,2016,68.82124,
Colombia,COL,2017,68.04436,
Colombia,COL,2018,67.3379,
Colombia,COL,2019,66.19187,
Colombia,COL,2020,93.67608,
Colombia,COL,2021,146.65778,
Colombia,COL,2022,74.34447,
Colombia,COL,2023,59.38166,
Comoros,COM,1985,850.45435,
Comoros,COM,1986,824.5226,
Comoros,COM,1987,810.9988,
Comoros,COM,1988,790.578,
Comoros,COM,1989,768.3302,
Comoros,COM,1990,737.0408,
Comoros,COM,1991,704.21014,
Comoros,COM,1992,675.4744,
Comoros,COM,1993,641.9435,
Comoros,COM,1994,602.30383,
Comoros,COM,1995,570.59174,
Comoros,COM,1996,545.0036,
Comoros,COM,1997,520.0073,
Comoros,COM,1998,515.4237,
Comoros,COM,1999,486.0736,
Comoros,COM,2000,476.31808,
Comoros,COM,2001,440.27124,
Comoros,COM,2002,427.6543,
Comoros,COM,2003,399.87332,
Comoros,COM,2004,385.0725,
Comoros,COM,2005,372.9264,
Comoros,COM,2006,359.9715,
Comoros,COM,2007,351.57065,
Comoros,COM,2008,334.2064,
Comoros,COM,2009,320.40594,
Comoros,COM,2010,305.19644,
Comoros,COM,2011,290.80582,
Comoros,COM,2012,274.435,
Comoros,COM,2013,259.64868,
Comoros,COM,2014,246.98206,
Comoros,COM,2015,236.58987,
Comoros,COM,2016,225.4506,
Comoros,COM,2017,218.70064,
Comoros,COM,2018,209.47658,
Comoros,COM,2019,202.44649,
Comoros,COM,2020,198.49619,
Comoros,COM,2021,214.79921,
Comoros,COM,2022,186.1627,
Comoros,COM,2023,178.87692,
Congo,COG,1985,546.40045,
Congo,COG,1986,534.93146,
Congo,COG,1987,519.291,
Congo,COG,1988,509.87622,
Congo,COG,1989,506.05643,
Congo,COG,1990,504.87134,
Congo,COG,1991,514.3887,
Congo,COG,1992,531.4523,
Congo,COG,1993,540.89844,
Congo,COG,1994,550.8424,
Congo,COG,1995,551.1374,
Congo,COG,1996,545.27985,
Congo,COG,1997,650.38434,
Congo,COG,1998,597.1918,
Congo,COG,1999,554.38025,
Congo,COG,2000,509.49677,
Congo,COG,2001,488.95978,
Congo,COG,2002,464.42862,
Congo,COG,2003,435.51962,
Congo,COG,2004,399.88406,
Congo,COG,2005,385.0009,
Congo,COG,2006,393.70572,
Congo,COG,2007,370.44336,
Congo,COG,2008,394.609,
Congo,COG,2009,414.18466,
Congo,COG,2010,382.45917,
Congo,COG,2011,378.10147,
Congo,COG,2012,374.24,
Congo,COG,2013,320.2702,
Congo,COG,2014,302.33868,
Congo,COG,2015,284.07172,
Congo,COG,2016,262.74213,
Congo,COG,2017,262.05853,
Congo,COG,2018,259.04608,
Congo,COG,2019,245.25896,
Congo,COG,2020,247.22333,
Congo,COG,2021,301.36508,
Congo,COG,2022,240.80241,
Congo,COG,2023,241.08875,
Cook Islands,COK,1985,16.008,
Cook Islands,COK,1986,11.91486,
Cook Islands,COK,1987,13.20253,
Cook Islands,COK,1988,8.9895,
Cook Islands,COK,1989,7.32613,
Cook Islands,COK,1990,7.06289,
Cook Islands,COK,1991,4.02543,
Cook Islands,COK,1992,2.74465,
Cook Islands,COK,1993,1.86477,
Cook Islands,COK,1994,1.26148,
Cook Islands,COK,1995,0.87825,
Cook Islands,COK,1996,0.64061,
Cook Islands,COK,1997,0.6882,
Cook Islands,COK,1998,0.41411,
Cook Islands,COK,1999,0.36217,
Cook Islands,COK,2000,0.33142,
Cook Islands,COK,2001,0.27751,
Cook Islands,COK,2002,0.22584,
Cook Islands,COK,2003,0.18161,
Cook Islands,COK,2004,0.14331,
Cook Islands,COK,2005,0.14379,
Cook Islands,COK,2006,0.18185,
Cook Islands,COK,2007,0.18019,
Cook Islands,COK,2008,0.1773,
Cook Islands,COK,2009,0.17597,
Cook Islands,COK,2010,0.13981,
Cook Islands,COK,2011,0.13931,
Cook Islands,COK,2012,0.14214,
Cook Islands,COK,2013,0.14582,
Cook Islands,COK,2014,0.14873,
Cook Islands,COK,2015,0.15102,
Cook Islands,COK,2016,0.15319,
Cook Islands,COK,2017,0.15795,
Cook Islands,COK,2018,0.1657,
Cook Islands,COK,2019,0.17322,
Cook Islands,COK,2020,0.14222,
Cook Islands,COK,2021,0.12485,
Cook Islands,COK,2022,0.32591,
Cook Islands,COK,2023,0.10725,
Costa Rica,CRI,1985,42.54834,
Costa Rica,CRI,1986,42.42851,
Costa Rica,CRI,1987,41.08588,
Costa Rica,CRI,1988,40.39527,
Costa Rica,CRI,1989,40.22961,
Costa Rica,CRI,1990,40.04893,
Costa Rica,CRI,1991,39.39284,
Costa Rica,CRI,1992,38.62503,
Costa Rica,CRI,1993,38.7972,
Costa Rica,CRI,1994,38.64078,
Costa Rica,CRI,1995,38.63025,
Costa Rica,CRI,1996,38.88069,
Costa Rica,CRI,1997,37.78911,
Costa Rica,CRI,1998,37.18114,
Costa Rica,CRI,1999,35.87492,
Costa Rica,CRI,2000,35.52167,
Costa Rica,CRI,2001,35.31408,
Costa Rica,CRI,2002,33.9861,
Costa Rica,CRI,2003,33.22327,
Costa Rica,CRI,2004,32.8554,
Costa Rica,CRI,2005,31.19951,
Costa Rica,CRI,2006,30.0963,
Costa Rica,CRI,2007,30.31843,
Costa Rica,CRI,2008,29.9525,
Costa Rica,CRI,2009,28.97739,
Costa Rica,CRI,2010,28.84048,
Costa Rica,CRI,2011,28.43681,
Costa Rica,CRI,2012,27.46544,
Costa Rica,CRI,2013,26.58293,
Costa Rica,CRI,2014,26.57139,
Costa Rica,CRI,2015,25.54293,
Costa Rica,CRI,2016,27.03126,
Costa Rica,CRI,2017,26.99787,
Costa Rica,CRI,2018,28.37408,
Costa Rica,CRI,2019,25.72865,
Costa Rica,CRI,2020,34.08731,
Costa Rica,CRI,2021,43.94856,
Costa Rica,CRI,2022,27.41604,
Costa Rica,CRI,2023,24.1198,
Cote d'Ivoire,CIV,1985,765.54,
Cote d'Ivoire,CIV,1986,734.6206,
Cote d'Ivoire,CIV,1987,697.4926,
Cote d'Ivoire,CIV,1988,671.1556,
Cote d'Ivoire,CIV,1989,645.41016,
Cote d'Ivoire,CIV,1990,619.4212,
Cote d'Ivoire,CIV,1991,583.8096,
Cote d'Ivoire,CIV,1992,546.3269,
Cote d'Ivoire,CIV,1993,502.9926,
Cote d'Ivoire,CIV,1994,463.27286,
Cote d'Ivoire,CIV,1995,421.4385,
Cote d'Ivoire,CIV,1996,381.34207,
Cote d'Ivoire,CIV,1997,364.10468,
Cote d'Ivoire,CIV,1998,379.63834,
Cote d'Ivoire,CIV,1999,381.41647,
Cote d'Ivoire,CIV,2000,377.65912,
Cote d'Ivoire,CIV,2001,404.51685,
Cote d'Ivoire,CIV,2002,426.73804,
Cote d'Ivoire,CIV,2003,450.98257,
Cote d'Ivoire,CIV,2004,456.22293,
Cote d'Ivoire,CIV,2005,492.45312,
Cote d'Ivoire,CIV,2006,544.4609,
Cote d'Ivoire,CIV,2007,567.46796,
Cote d'Ivoire,CIV,2008,562.1841,
Cote d'Ivoire,CIV,2009,587.504,
Cote d'Ivoire,CIV,2010,591.6328,
Cote d'Ivoire,CIV,2011,569.3792,
Cote d'Ivoire,CIV,2012,566.34436,
Cote d'Ivoire,CIV,2013,544.04694,
Cote d'Ivoire,CIV,2014,521.97876,
Cote d'Ivoire,CIV,2015,505.12457,
Cote d'Ivoire,CIV,2016,487.7422,
Cote d'Ivoire,CIV,2017,465.22693,
Cote d'Ivoire,CIV,2018,449.05365,
Cote d'Ivoire,CIV,2019,429.47363,
Cote d'Ivoire,CIV,2020,447.31808,
Cote d'Ivoire,CIV,2021,458.98593,
Cote d'Ivoire,CIV,2022,409.27942,
Cote d'Ivoire,CIV,2023,358.9503,
Croatia,HRV,1985,10.00237,
Croatia,HRV,1986,9.97149,
Croatia,HRV,1987,9.80179,
Croatia,HRV,1988,9.52235,
Croatia,HRV,1989,9.19806,
Croatia,HRV,1990,9.64218,
Croatia,HRV,1991,10.07711,
Croatia,HRV,1992,9.83121,
Croatia,HRV,1993,9.38187,
Croatia,HRV,1994,9.10966,
Croatia,HRV,1995,9.45818,
Croatia,HRV,1996,9.16371,
Croatia,HRV,1997,9.15929,
Croatia,HRV,1998,8.43282,
Croatia,HRV,1999,7.99197,
Croatia,HRV,2000,7.5647,
Croatia,HRV,2001,7.44558,
Croatia,HRV,2002,7.34182,
Croatia,HRV,2003,7.69354,
Croatia,HRV,2004,7.07973,
Croatia,HRV,2005,6.84006,
Croatia,HRV,2006,6.4464,
Croatia,HRV,2007,6.26174,
Croatia,HRV,2008,6.10323,
Croatia,HRV,2009,5.86001,
Croatia,HRV,2010,5.55488,
Croatia,HRV,2011,5.21837,
Croatia,HRV,2012,4.9674,
Croatia,HRV,2013,4.57293,
Croatia,HRV,2014,4.38823,
Croatia,HRV,2015,3.9448,
Croatia,HRV,2016,3.71812,
Croatia,HRV,2017,3.58409,
Croatia,HRV,2018,3.31654,
Croatia,HRV,2019,3.51409,
Croatia,HRV,2020,5.20459,
Croatia,HRV,2021,12.31916,
Croatia,HRV,2022,5.53734,
Croatia,HRV,2023,3.04771,
Cuba,CUB,1985,70.25993,
Cuba,CUB,1986,70.49939,
Cuba,CUB,1987,69.05127,
Cuba,CUB,1988,67.80419,
Cuba,CUB,1989,66.43431,
Cuba,CUB,1990,65.82742,
Cuba,CUB,1991,66.24911,
Cuba,CUB,1992,65.98754,
Cuba,CUB,1993,65.07419,
Cuba,CUB,1994,63.54866,
Cuba,CUB,1995,61.8382,
Cuba,CUB,1996,58.72666,
Cuba,CUB,1997,56.74624,
Cuba,CUB,1998,53.57091,
Cuba,CUB,1999,50.99431,
Cuba,CUB,2000,48.19773,
Cuba,CUB,2001,46.23062,
Cuba,CUB,2002,45.36349,
Cuba,CUB,2003,44.37065,
Cuba,CUB,2004,44.12797,
Cuba,CUB,2005,42.95019,
Cuba,CUB,2006,41.98547,
Cuba,CUB,2007,41.88979,
Cuba,CUB,2008,43.6271,
Cuba,CUB,2009,44.993,
Cuba,CUB,2010,43.88002,
Cuba,CUB,2011,43.58694,
Cuba,CUB,2012,42.49497,
Cuba,CUB,2013,42.28007,
Cuba,CUB,2014,42.14867,
Cuba,CUB,2015,41.48397,
Cuba,CUB,2016,40.45728,
Cuba,CUB,2017,39.2643,
Cuba,CUB,2018,39.17947,
Cuba,CUB,2019,39.72424,
Cuba,CUB,2020,39.95422,
Cuba,CUB,2021,171.67995,
Cuba,CUB,2022,40.95331,
Cuba,CUB,2023,34.79424,
Cyprus,CYP,1985,18.83402,
Cyprus,CYP,1986,17.72109,
Cyprus,CYP,1987,17.07526,
Cyprus,CYP,1988,16.75786,
Cyprus,CYP,1989,15.80332,
Cyprus,CYP,1990,15.4198,
Cyprus,CYP,1991,15.02457,
Cyprus,CYP,1992,14.83555,
Cyprus,CYP,1993,14.68276,
Cyprus,CYP,1994,14.57967,
Cyprus,CYP,1995,14.05805,
Cyprus,CYP,1996,13.50745,
Cyprus,CYP,1997,12.91705,
Cyprus,CYP,1998,12.98109,
Cyprus,CYP,1999,12.14533,
Cyprus,CYP,2000,11.81487,
Cyprus,CYP,2001,11.11002,
Cyprus,CYP,2002,10.62676,
Cyprus,CYP,2003,10.44522,
Cyprus,CYP,2004,10.36635,
Cyprus,CYP,2005,10.3037,
Cyprus,CYP,2006,9.8233,
Cyprus,CYP,2007,9.59252,
Cyprus,CYP,2008,9.74922,
Cyprus,CYP,2009,9.51619,
Cyprus,CYP,2010,9.6925,
Cyprus,CYP,2011,9.92759,
Cyprus,CYP,2012,9.95809,
Cyprus,CYP,2013,10.16617,
Cyprus,CYP,2014,10.81196,
Cyprus,CYP,2015,11.24344,
Cyprus,CYP,2016,11.56878,
Cyprus,CYP,2017,11.98218,
Cyprus,CYP,2018,12.50467,
Cyprus,CYP,2019,13.13985,
Cyprus,CYP,2020,86.95632,
Cyprus,CYP,2021,97.68237,
Cyprus,CYP,2022,52.99854,
Cyprus,CYP,2023,13.62431,
Czechia,CZE,1985,15.33602,
Czechia,CZE,1986,16.59991,
Czechia,CZE,1987,15.19458,
Czechia,CZE,1988,15.53056,
Czechia,CZE,1989,15.43396,
Czechia,CZE,1990,15.38311,
Czechia,CZE,1991,14.94862,
Czechia,CZE,1992,13.2685,
Czechia,CZE,1993,12.36213,
Czechia,CZE,1994,10.80079,
Czechia,CZE,1995,9.94248,
Czechia,CZE,1996,8.44826,
Czechia,CZE,1997,8.24788,
Czechia,CZE,1998,6.98456,
Czechia,CZE,1999,6.54945,
Czechia,CZE,2000,6.52529,
Czechia,CZE,2001,6.20716,
Czechia,CZE,2002,5.73128,
Czechia,CZE,2003,5.53934,
Czechia,CZE,2004,5.12255,
Czechia,CZE,2005,5.06655,
Czechia,CZE,2006,4.67597,
Czechia,CZE,2007,4.37679,
Czechia,CZE,2008,4.34291,
Czechia,CZE,2009,4.24548,
Czechia,CZE,2010,3.90807,
Czechia,CZE,2011,3.81046,
Czechia,CZE,2012,3.65408,
Czechia,CZE,2013,3.40752,
Czechia,CZE,2014,3.2254,
Czechia,CZE,2015,3.13269,
Czechia,CZE,2016,3.21832,
Czechia,CZE,2017,2.94002,
Czechia,CZE,2018,2.99613,
Czechia,CZE,2019,3.12064,
Czechia,CZE,2020,3.24333,
Czechia,CZE,2021,4.39458,
Czechia,CZE,2022,3.03533,
Czechia,CZE,2023,2.70406,
Democratic Republic of Congo,COD,1985,934.04297,
Democratic Republic of Congo,COD,1986,902.33997,
Democratic Republic of Congo,COD,1987,862.9847,
Democratic Republic of Congo,COD,1988,823.8064,
Democratic Republic of Congo,COD,1989,791.12683,
Democratic Republic of Congo,COD,1990,755.3023,
Democratic Republic of Congo,COD,1991,734.575,
Democratic Republic of Congo,COD,1992,708.78546,
Democratic Republic of Congo,COD,1993,682.56177,
Democratic Republic of Congo,COD,1994,655.8333,
Democratic Republic of Congo,COD,1995,644.178,
Democratic Republic of Congo,COD,1996,661.45447,
Democratic Republic of Congo,COD,1997,617.04285,
Democratic Republic of Congo,COD,1998,605.2662,
Democratic Republic of Congo,COD,1999,600.9201,
Democratic Republic of Congo,COD,2000,585.3657,
Democratic Republic of Congo,COD,2001,588.3939,
Democratic Republic of Congo,COD,2002,601.42834,
Democratic Republic of Congo,COD,2003,604.7,
Democratic Republic of Congo,COD,2004,606.6717,
Democratic Republic of Congo,COD,2005,612.5145,
Democratic Republic of Congo,COD,2006,618.8114,
Democratic Republic of Congo,COD,2007,630.50165,
Democratic Republic of Congo,COD,2008,619.6252,
Democratic Republic of Congo,COD,2009,608.39764,
Democratic Republic of Congo,COD,2010,600.7434,
Democratic Republic of Congo,COD,2011,589.271,
Democratic Republic of Congo,COD,2012,578.08704,
Democratic Republic of Congo,COD,2013,566.61237,
Democratic Republic of Congo,COD,2014,557.97235,
Democratic Republic of Congo,COD,2015,545.40564,
Democratic Republic of Congo,COD,2016,526.4813,
Democratic Republic of Congo,COD,2017,519.1103,
Democratic Republic of Congo,COD,2018,508.13367,
Democratic Republic of Congo,COD,2019,492.92987,
Democratic Republic of Congo,COD,2020,489.4759,
Democratic Republic of Congo,COD,2021,506.98212,
Democratic Republic of Congo,COD,2022,455.80927,
Democratic Republic of Congo,COD,2023,427.0455,
Denmark,DNK,1985,12.15856,
Denmark,DNK,1986,12.13086,
Denmark,DNK,1987,11.82249,
Denmark,DNK,1988,12.60405,
Denmark,DNK,1989,12.79721,
Denmark,DNK,1990,12.1686,
Denmark,DNK,1991,11.94694,
Denmark,DNK,1992,12.02795,
Denmark,DNK,1993,11.82927,
Denmark,DNK,1994,11.87117,
Denmark,DNK,1995,11.92846,
Denmark,DNK,1996,10.89958,
Denmark,DNK,1997,10.48267,
Denmark,DNK,1998,9.30102,
Denmark,DNK,1999,9.46779,
Denmark,DNK,2000,8.81269,
Denmark,DNK,2001,8.7702,
Denmark,DNK,2002,8.67708,
Denmark,DNK,2003,8.30215,
Denmark,DNK,2004,8.07753,
Denmark,DNK,2005,7.50338,
Denmark,DNK,2006,7.21512,
Denmark,DNK,2007,7.48625,
Denmark,DNK,2008,7.31866,
Denmark,DNK,2009,7.0143,
Denmark,DNK,2010,6.65839,
Denmark,DNK,2011,6.25191,
Denmark,DNK,2012,5.78113,
Denmark,DNK,2013,5.3555,
Denmark,DNK,2014,5.4102,
Denmark,DNK,2015,5.00722,
Denmark,DNK,2016,5.17206,
Denmark,DNK,2017,4.65475,
Denmark,DNK,2018,4.68011,
Denmark,DNK,2019,4.23327,
Denmark,DNK,2020,4.08359,
Denmark,DNK,2021,7.65463,
Denmark,DNK,2022,5.56497,
Denmark,DNK,2023,3.66575,
Djibouti,DJI,1985,820.81836,
Djibouti,DJI,1986,803.6206,
Djibouti,DJI,1987,784.97766,
Djibouti,DJI,1988,768.0279,
Djibouti,DJI,1989,745.915,
Djibouti,DJI,1990,724.55145,
Djibouti,DJI,1991,731.01086,
Djibouti,DJI,1992,780.0136,
Djibouti,DJI,1993,704.2906,
Djibouti,DJI,1994,681.79016,
Djibouti,DJI,1995,633.9957,
Djibouti,DJI,1996,608.7879,
Djibouti,DJI,1997,582.3531,
Djibouti,DJI,1998,554.8396,
Djibouti,DJI,1999,524.15326,
Djibouti,DJI,2000,501.03754,
Djibouti,DJI,2001,441.36594,
Djibouti,DJI,2002,403.6457,
Djibouti,DJI,2003,390.7256,
Djibouti,DJI,2004,363.52185,
Djibouti,DJI,2005,315.41092,
Djibouti,DJI,2006,297.9443,
Djibouti,DJI,2007,284.9049,
Djibouti,DJI,2008,272.57614,
Djibouti,DJI,2009,262.64536,
Djibouti,DJI,2010,242.84326,
Djibouti,DJI,2011,229.45824,
Djibouti,DJI,2012,221.40295,
Djibouti,DJI,2013,218.93498,
Djibouti,DJI,2014,211.50864,
Djibouti,DJI,2015,210.09373,
Djibouti,DJI,2016,204.4976,
Djibouti,DJI,2017,201.05243,
Djibouti,DJI,2018,199.01518,
Djibouti,DJI,2019,194.00455,
Djibouti,DJI,2020,191.5935,
Djibouti,DJI,2021,221.27058,
Djibouti,DJI,2022,174.41081,
Djibouti,DJI,2023,161.87569,
Dominica,DMA,1985,61.10478,
Dominica,DMA,1986,63.21066,
Dominica,DMA,1987,63.01218,
Dominica,DMA,1988,68.27824,
Dominica,DMA,1989,68.64524,
Dominica,DMA,1990,77.2995,
Dominica,DMA,1991,80.65061,
Dominica,DMA,1992,80.08217,
Dominica,DMA,1993,79.10002,
Dominica,DMA,1994,77.36441,
Dominica,DMA,1995,72.90745,
Dominica,DMA,1996,71.28172,
Dominica,DMA,1997,67.25189,
Dominica,DMA,1998,63.83098,
Dominica,DMA,1999,64.19746,
Dominica,DMA,2000,61.05658,
Dominica,DMA,2001,58.22382,
Dominica,DMA,2002,56.35855,
Dominica,DMA,2003,55.22598,
Dominica,DMA,2004,54.46979,
Dominica,DMA,2005,53.83393,
Dominica,DMA,2006,53.76223,
Dominica,DMA,2007,53.1065,
Dominica,DMA,2008,52.51947,
Dominica,DMA,2009,49.94222,
Dominica,DMA,2010,49.90149,
Dominica,DMA,2011,49.28972,
Dominica,DMA,2012,51.43396,
Dominica,DMA,2013,49.8509,
Dominica,DMA,2014,52.83572,
Dominica,DMA,2015,62.77061,
Dominica,DMA,2016,47.78684,
Dominica,DMA,2017,43.59389,
Dominica,DMA,2018,42.62802,
Dominica,DMA,2019,40.82373,
Dominica,DMA,2020,46.64251,
Dominica,DMA,2021,110.22343,
Dominica,DMA,2022,43.89311,
Dominica,DMA,2023,35.54812,
Dominican Republic,DOM,1985,249.41516,
Dominican Republic,DOM,1986,240.74704,
Dominican Republic,DOM,1987,230.64655,
Dominican Republic,DOM,1988,221.43561,
Dominican Republic,DOM,1989,212.50974,
Dominican Republic,DOM,1990,202.62431,
Dominican Republic,DOM,1991,192.58353,
Dominican Republic,DOM,1992,185.03088,
Dominican Republic,DOM,1993,176.23926,
Dominican Republic,DOM,1994,166.37967,
Dominican Republic,DOM,1995,152.10097,
Dominican Republic,DOM,1996,138.1453,
Dominican Republic,DOM,1997,122.39206,
Dominican Republic,DOM,1998,109.14849,
Dominican Republic,DOM,1999,91.93807,
Dominican Republic,DOM,2000,75.59829,
Dominican Republic,DOM,2001,68.08629,
Dominican Republic,DOM,2002,68.24472,
Dominican Republic,DOM,2003,71.36468,
Dominican Republic,DOM,2004,77.85296,
Dominican Republic,DOM,2005,83.45659,
Dominican Republic,DOM,2006,86.63941,
Dominican Republic,DOM,2007,90.0094,
Dominican Republic,DOM,2008,93.62418,
Dominican Republic,DOM,2009,95.73007,
Dominican Republic,DOM,2010,91.65964,
Dominican Republic,DOM,2011,90.67073,
Dominican Republic,DOM,2012,88.5217,
Dominican Republic,DOM,2013,90.95711,
Dominican Republic,DOM,2014,95.29755,
Dominican Republic,DOM,2015,102.25961,
Dominican Republic,DOM,2016,105.72369,
Dominican Republic,DOM,2017,103.77688,
Dominican Republic,DOM,2018,106.73394,
Dominican Republic,DOM,2019,118.09314,
Dominican Republic,DOM,2020,121.46605,
Dominican Republic,DOM,2021,152.54161,
Dominican Republic,DOM,2022,124.12434,
Dominican Republic,DOM,2023,124.47325,
East Timor,TLS,1985,1916.4116,
East Timor,TLS,1986,1859.9492,
East Timor,TLS,1987,1763.0422,
East Timor,TLS,1988,1742.6587,
East Timor,TLS,1989,1510.8226,
East Timor,TLS,1990,1477.2476,
East Timor,TLS,1991,1439.071,
East Timor,TLS,1992,1368.2737,
East Timor,TLS,1993,1307.7344,
East Timor,TLS,1994,1254.145,
East Timor,TLS,1995,1239.3839,
East Timor,TLS,1996,1192.7999,
East Timor,TLS,1997,1165.5106,
East Timor,TLS,1998,1157.3567,
East Timor,TLS,1999,1487.9827,
East Timor,TLS,2000,796.1314,
East Timor,TLS,2001,761.1697,
East Timor,TLS,2002,723.5832,
East Timor,TLS,2003,713.62494,
East Timor,TLS,2004,683.25494,
East Timor,TLS,2005,647.8162,
East Timor,TLS,2006,599.5189,
East Timor,TLS,2007,558.8654,
East Timor,TLS,2008,518.00305,
East Timor,TLS,2009,477.44992,
East Timor,TLS,2010,438.57297,
East Timor,TLS,2011,403.5338,
East Timor,TLS,2012,374.37634,
East Timor,TLS,2013,349.30615,
East Timor,TLS,2014,327.41052,
East Timor,TLS,2015,304.95105,
East Timor,TLS,2016,286.6941,
East Timor,TLS,2017,268.994,
East Timor,TLS,2018,250.67941,
East Timor,TLS,2019,237.46506,
East Timor,TLS,2020,257.32162,
East Timor,TLS,2021,262.68835,
East Timor,TLS,2022,234.95218,
East Timor,TLS,2023,192.35776,
Eastern Mediterranean (WHO),,1985,464.1536,
Eastern Mediterranean (WHO),,1986,439.6425,
Eastern Mediterranean (WHO),,1987,427.9122,
Eastern Mediterranean (WHO),,1988,411.85126,
Eastern Mediterranean (WHO),,1989,403.7869,
Eastern Mediterranean (WHO),,1990,398.32004,
Eastern Mediterranean (WHO),,1991,400.70303,
Eastern Mediterranean (WHO),,1992,397.98465,
Eastern Mediterranean (WHO),,1993,398.42117,
Eastern Mediterranean (WHO),,1994,410.52744,
Eastern Mediterranean (WHO),,1995,413.84488,
Eastern Mediterranean (WHO),,1996,412.63245,
Eastern Mediterranean (WHO),,1997,406.8824,
Eastern Mediterranean (WHO),,1998,401.83536,
Eastern Mediterranean (WHO),,1999,387.14233,
Eastern Mediterranean (WHO),,2000,377.9216,
Eastern Mediterranean (WHO),,2001,360.0637,
Eastern Mediterranean (WHO),,2002,345.423,
Eastern Mediterranean (WHO),,2003,333.81155,
Eastern Mediterranean (WHO),,2004,317.3753,
Eastern Mediterranean (WHO),,2005,301.96097,
Eastern Mediterranean (WHO),,2006,283.48077,
Eastern Mediterranean (WHO),,2007,268.25385,
Eastern Mediterranean (WHO),,2008,252.95364,
Eastern Mediterranean (WHO),,2009,242.94086,
Eastern Mediterranean (WHO),,2010,239.03696,
Eastern Mediterranean (WHO),,2011,228.57079,
Eastern Mediterranean (WHO),,2012,218.52959,
Eastern Mediterranean (WHO),,2013,209.7719,
Eastern Mediterranean (WHO),,2014,202.86105,
Eastern Mediterranean (WHO),,2015,198.2279,
Eastern Mediterranean (WHO),,2016,192.26447,
Eastern Mediterranean (WHO),,2017,186.47289,
Eastern Mediterranean (WHO),,2018,184.78647,
Eastern Mediterranean (WHO),,2019,181.45193,
Eastern Mediterranean (WHO),,2020,191.48659,
Eastern Mediterranean (WHO),,2021,215.73595,
Eastern Mediterranean (WHO),,2022,175.4589,
Eastern Mediterranean (WHO),,2023,167.37477,
Ecuador,ECU,1985,188.14107,
Ecuador,ECU,1986,180.5693,
Ecuador,ECU,1987,130.53966,
Ecuador,ECU,1988,166.40218,
Ecuador,ECU,1989,165.6311,
Ecuador,ECU,1990,168.31436,
Ecuador,ECU,1991,177.0229,
Ecuador,ECU,1992,172.37575,
Ecuador,ECU,1993,167.74084,
Ecuador,ECU,1994,155.19183,
Ecuador,ECU,1995,146.35457,
Ecuador,ECU,1996,137.91373,
Ecuador,ECU,1997,134.65912,
Ecuador,ECU,1998,131.38493,
Ecuador,ECU,1999,128.28821,
Ecuador,ECU,2000,122.73784,
Ecuador,ECU,2001,116.18089,
Ecuador,ECU,2002,109.31655,
Ecuador,ECU,2003,101.78602,
Ecuador,ECU,2004,96.85289,
Ecuador,ECU,2005,93.50637,
Ecuador,ECU,2006,90.02558,
Ecuador,ECU,2007,85.85287,
Ecuador,ECU,2008,83.24401,
Ecuador,ECU,2009,81.52688,
Ecuador,ECU,2010,79.70975,
Ecuador,ECU,2011,76.62996,
Ecuador,ECU,2012,72.43839,
Ecuador,ECU,2013,68.12781,
Ecuador,ECU,2014,64.88269,
Ecuador,ECU,2015,64.22836,
Ecuador,ECU,2016,64.70521,
Ecuador,ECU,2017,61.50861,
Ecuador,ECU,2018,60.93285,
Ecuador,ECU,2019,61.52598,
Ecuador,ECU,2020,91.49858,
Ecuador,ECU,2021,93.3707,
Ecuador,ECU,2022,68.72916,
Ecuador,ECU,2023,55.37107,
Egypt,EGY,1985,140.7896,
Egypt,EGY,1986,134.85214,
Egypt,EGY,1987,128.46623,
Egypt,EGY,1988,121.44589,
Egypt,EGY,1989,114.30201,
Egypt,EGY,1990,106.52546,
Egypt,EGY,1991,99.91315,
Egypt,EGY,1992,93.11481,
Egypt,EGY,1993,86.34719,
Egypt,EGY,1994,80.53817,
Egypt,EGY,1995,74.84042,
Egypt,EGY,1996,69.38401,
Egypt,EGY,1997,64.17317,
Egypt,EGY,1998,59.81109,
Egypt,EGY,1999,56.18946,
Egypt,EGY,2000,52.81401,
Egypt,EGY,2001,49.90993,
Egypt,EGY,2002,47.55678,
Egypt,EGY,2003,45.45566,
Egypt,EGY,2004,43.39958,
Egypt,EGY,2005,41.47066,
Egypt,EGY,2006,39.677,
Egypt,EGY,2007,37.86996,
Egypt,EGY,2008,36.07185,
Egypt,EGY,2009,34.18942,
Egypt,EGY,2010,32.49094,
Egypt,EGY,2011,30.69098,
Egypt,EGY,2012,28.96123,
Egypt,EGY,2013,27.45214,
Egypt,EGY,2014,25.74099,
Egypt,EGY,2015,24.289,
Egypt,EGY,2016,22.59566,
Egypt,EGY,2017,21.34874,
Egypt,EGY,2018,20.03531,
Egypt,EGY,2019,19.12714,
Egypt,EGY,2020,31.22746,
Egypt,EGY,2021,41.68881,
Egypt,EGY,2022,24.02587,
Egypt,EGY,2023,16.95241,
El Salvador,SLV,1985,193.10962,
El Salvador,SLV,1986,169.10225,
El Salvador,SLV,1987,177.89558,
El Salvador,SLV,1988,173.24545,
El Salvador,SLV,1989,155.24998,
El Salvador,SLV,1990,144.50975,
El Salvador,SLV,1991,129.12642,
El Salvador,SLV,1992,121.20415,
El Salvador,SLV,1993,114.09451,
El Salvador,SLV,1994,101.37519,
El Salvador,SLV,1995,89.27801,
El Salvador,SLV,1996,78.27014,
El Salvador,SLV,1997,67.09207,
El Salvador,SLV,1998,61.27927,
El Salvador,SLV,1999,53.04326,
El Salvador,SLV,2000,47.69612,
El Salvador,SLV,2001,45.28337,
El Salvador,SLV,2002,39.8673,
El Salvador,SLV,2003,37.74841,
El Salvador,SLV,2004,34.61605,
El Salvador,SLV,2005,33.77924,
El Salvador,SLV,2006,33.13052,
El Salvador,SLV,2007,33.18813,
El Salvador,SLV,2008,33.20441,
El Salvador,SLV,2009,34.55275,
El Salvador,SLV,2010,34.32537,
El Salvador,SLV,2011,35.43197,
El Salvador,SLV,2012,36.24238,
El Salvador,SLV,2013,38.73457,
El Salvador,SLV,2014,40.74637,
El Salvador,SLV,2015,42.94738,
El Salvador,SLV,2016,43.40186,
El Salvador,SLV,2017,43.87454,
El Salvador,SLV,2018,42.82344,
El Salvador,SLV,2019,40.28957,
El Salvador,SLV,2020,48.01989,
El Salvador,SLV,2021,58.47763,
El Salvador,SLV,2022,38.76226,
El Salvador,SLV,2023,39.10834,
Equatorial Guinea,GNQ,1985,658.2423,
Equatorial Guinea,GNQ,1986,665.566,
Equatorial Guinea,GNQ,1987,671.66846,
Equatorial Guinea,GNQ,1988,675.39734,
Equatorial Guinea,GNQ,1989,688.0412,
Equatorial Guinea,GNQ,1990,688.694,
Equatorial Guinea,GNQ,1991,687.9278,
Equatorial Guinea,GNQ,1992,682.37286,
Equatorial Guinea,GNQ,1993,668.27356,
Equatorial Guinea,GNQ,1994,638.8651,
Equatorial Guinea,GNQ,1995,586.9696,
Equatorial Guinea,GNQ,1996,543.64667,
Equatorial Guinea,GNQ,1997,507.06094,
Equatorial Guinea,GNQ,1998,476.22632,
Equatorial Guinea,GNQ,1999,442.12463,
Equatorial Guinea,GNQ,2000,405.6241,
Equatorial Guinea,GNQ,2001,388.02734,
Equatorial Guinea,GNQ,2002,364.36905,
Equatorial Guinea,GNQ,2003,342.89508,
Equatorial Guinea,GNQ,2004,322.8042,
Equatorial Guinea,GNQ,2005,312.1375,
Equatorial Guinea,GNQ,2006,298.90002,
Equatorial Guinea,GNQ,2007,288.9156,
Equatorial Guinea,GNQ,2008,275.7745,
Equatorial Guinea,GNQ,2009,266.8787,
Equatorial Guinea,GNQ,2010,259.36008,
Equatorial Guinea,GNQ,2011,253.79839,
Equatorial Guinea,GNQ,2012,244.7134,
Equatorial Guinea,GNQ,2013,235.74696,
Equatorial Guinea,GNQ,2014,227.14719,
Equatorial Guinea,GNQ,2015,222.20844,
Equatorial Guinea,GNQ,2016,216.28613,
Equatorial Guinea,GNQ,2017,211.64288,
Equatorial Guinea,GNQ,2018,204.01324,
Equatorial Guinea,GNQ,2019,198.00484,
Equatorial Guinea,GNQ,2020,195.60724,
Equatorial Guinea,GNQ,2021,201.72655,
Equatorial Guinea,GNQ,2022,183.10326,
Equatorial Guinea,GNQ,2023,173.66293,
Eritrea,ERI,1985,1677.7367,
Eritrea,ERI,1986,1625.1407,
Eritrea,ERI,1987,1555.1747,
Eritrea,ERI,1988,1498.7739,
Eritrea,ERI,1989,1473.3766,
Eritrea,ERI,1990,1351.6444,
Eritrea,ERI,1991,1384.4504,
Eritrea,ERI,1992,1149.4435,
Eritrea,ERI,1993,1039.693,
Eritrea,ERI,1994,998.353,
Eritrea,ERI,1995,854.3894,
Eritrea,ERI,1996,878.48083,
Eritrea,ERI,1997,816.9353,
Eritrea,ERI,1998,864.652,
Eritrea,ERI,1999,734.3238,
Eritrea,ERI,2000,741.4446,
Eritrea,ERI,2001,650.8901,
Eritrea,ERI,2002,636.2738,
Eritrea,ERI,2003,587.6075,
Eritrea,ERI,2004,588.2482,
Eritrea,ERI,2005,566.55225,
Eritrea,ERI,2006,554.5558,
Eritrea,ERI,2007,541.40906,
Eritrea,ERI,2008,529.9048,
Eritrea,ERI,2009,514.5057,
Eritrea,ERI,2010,498.17554,
Eritrea,ERI,2011,477.54443,
Eritrea,ERI,2012,457.76566,
Eritrea,ERI,2013,443.45782,
Eritrea,ERI,2014,429.74088,
Eritrea,ERI,2015,412.84967,
Eritrea,ERI,2016,394.5521,
Eritrea,ERI,2017,379.07242,
Eritrea,ERI,2018,363.31546,
Eritrea,ERI,2019,350.67072,
Eritrea,ERI,2020,333.68784,
Eritrea,ERI,2021,338.46536,
Eritrea,ERI,2022,301.3544,
Eritrea,ERI,2023,291.35822,
Estonia,EST,1985,55.64724,
Estonia,EST,1986,45.97625,
Estonia,EST,1987,42.0617,
Estonia,EST,1988,42.58861,
Estonia,EST,1989,48.27758,
Estonia,EST,1990,44.44265,
Estonia,EST,1991,42.26812,
Estonia,EST,1992,40.4072,
Estonia,EST,1993,45.83706,
Estonia,EST,1994,59.79556,
Estonia,EST,1995,45.10928,
Estonia,EST,1996,35.96907,
Estonia,EST,1997,31.39427,
Estonia,EST,1998,31.56197,
Estonia,EST,1999,27.5493,
Estonia,EST,2000,27.20002,
Estonia,EST,2001,24.85948,
Estonia,EST,2002,22.19555,
Estonia,EST,2003,18.00358,
Estonia,EST,2004,15.48852,
Estonia,EST,2005,14.78486,
Estonia,EST,2006,12.67887,
Estonia,EST,2007,12.76025,
Estonia,EST,2008,10.59715,
Estonia,EST,2009,9.82969,
Estonia,EST,2010,7.86135,
Estonia,EST,2011,8.85176,
Estonia,EST,2012,7.77464,
Estonia,EST,2013,6.45507,
Estonia,EST,2014,6.81232,
Estonia,EST,2015,6.39688,
Estonia,EST,2016,7.16395,
Estonia,EST,2017,5.32243,
Estonia,EST,2018,5.34558,
Estonia,EST,2019,6.00972,
Estonia,EST,2020,5.89312,
Estonia,EST,2021,8.45833,
Estonia,EST,2022,7.24452,
Estonia,EST,2023,4.96289,
Eswatini,SWZ,1985,579.65234,
Eswatini,SWZ,1986,547.5108,
Eswatini,SWZ,1987,520.9527,
Eswatini,SWZ,1988,493.52158,
Eswatini,SWZ,1989,504.89716,
Eswatini,SWZ,1990,520.3063,
Eswatini,SWZ,1991,544.7793,
Eswatini,SWZ,1992,579.62146,
Eswatini,SWZ,1993,609.4074,
Eswatini,SWZ,1994,645.1435,
Eswatini,SWZ,1995,611.92487,
Eswatini,SWZ,1996,604.13025,
Eswatini,SWZ,1997,549.9002,
Eswatini,SWZ,1998,474.6409,
Eswatini,SWZ,1999,408.99176,
Eswatini,SWZ,2000,360.73715,
Eswatini,SWZ,2001,306.58453,
Eswatini,SWZ,2002,331.26645,
Eswatini,SWZ,2003,392.18448,
Eswatini,SWZ,2004,450.9202,
Eswatini,SWZ,2005,528.82654,
Eswatini,SWZ,2006,511.27744,
Eswatini,SWZ,2007,646.81415,
Eswatini,SWZ,2008,766.12885,
Eswatini,SWZ,2009,855.1832,
Eswatini,SWZ,2010,752.1109,
Eswatini,SWZ,2011,765.0727,
Eswatini,SWZ,2012,612.6885,
Eswatini,SWZ,2013,491.40628,
Eswatini,SWZ,2014,368.8472,
Eswatini,SWZ,2015,282.95346,
Eswatini,SWZ,2016,212.87346,
Eswatini,SWZ,2017,151.42303,
Eswatini,SWZ,2018,132.60904,
Eswatini,SWZ,2019,96.24124,
Eswatini,SWZ,2020,102.25624,
Eswatini,SWZ,2021,219.33691,
Eswatini,SWZ,2022,111.50815,
Eswatini,SWZ,2023,117.93016,
Ethiopia,ETH,1985,1328.5771,
Ethiopia,ETH,1986,1317.4401,
Ethiopia,ETH,1987,1289.2211,
Ethiopia,ETH,1988,1306.0479,
Ethiopia,ETH,1989,1296.3324,
Ethiopia,ETH,1990,1320.2264,
Ethiopia,ETH,1991,1239.4109,
Ethiopia,ETH,1992,1218.2148,
Ethiopia,ETH,1993,1167.6101,
Ethiopia,ETH,1994,1113.1333,
Ethiopia,ETH,1995,1060.3446,
Ethiopia,ETH,1996,1008.2491,
Ethiopia,ETH,1997,956.828,
Ethiopia,ETH,1998,910.731,
Ethiopia,ETH,1999,900.6915,
Ethiopia,ETH,2000,870.45905,
Ethiopia,ETH,2001,856.4541,
Ethiopia,ETH,2002,825.94324,
Ethiopia,ETH,2003,797.12366,
Ethiopia,ETH,2004,763.8595,
Ethiopia,ETH,2005,753.7881,
Ethiopia,ETH,2006,728.78735,
Ethiopia,ETH,2007,704.1526,
Ethiopia,ETH,2008,677.6912,
Ethiopia,ETH,2009,649.08795,
Ethiopia,ETH,2010,618.52484,
Ethiopia,ETH,2011,587.66205,
Ethiopia,ETH,2012,545.3751,
Ethiopia,ETH,2013,494.05035,
Ethiopia,ETH,2014,444.44553,
Ethiopia,ETH,2015,400.6946,
Ethiopia,ETH,2016,364.015,
Ethiopia,ETH,2017,327.1084,
Ethiopia,ETH,2018,296.56104,
Ethiopia,ETH,2019,268.79504,
Ethiopia,ETH,2020,243.89641,
Ethiopia,ETH,2021,249.62122,
Ethiopia,ETH,2022,207.47858,
Ethiopia,ETH,2023,194.93684,
Europe (WHO),,1985,47.77518,
Europe (WHO),,1986,44.87056,
Europe (WHO),,1987,42.6949,
Europe (WHO),,1988,40.44968,
Europe (WHO),,1989,38.48169,
Europe (WHO),,1990,35.70409,
Europe (WHO),,1991,34.21335,
Europe (WHO),,1992,34.40914,
Europe (WHO),,1993,35.2807,
Europe (WHO),,1994,36.38816,
Europe (WHO),,1995,35.28846,
Europe (WHO),,1996,32.14461,
Europe (WHO),,1997,29.50236,
Europe (WHO),,1998,27.6161,
Europe (WHO),,1999,26.56109,
Europe (WHO),,2000,24.92435,
Europe (WHO),,2001,24.09775,
Europe (WHO),,2002,23.30291,
Europe (WHO),,2003,22.51141,
Europe (WHO),,2004,21.52361,
Europe (WHO),,2005,20.69595,
Europe (WHO),,2006,19.2225,
Europe (WHO),,2007,18.43318,
Europe (WHO),,2008,17.74372,
Europe (WHO),,2009,16.93048,
Europe (WHO),,2010,16.23431,
Europe (WHO),,2011,15.44522,
Europe (WHO),,2012,14.72862,
Europe (WHO),,2013,14.14028,
Europe (WHO),,2014,13.85717,
Europe (WHO),,2015,13.45132,
Europe (WHO),,2016,13.05984,
Europe (WHO),,2017,12.43085,
Europe (WHO),,2018,12.34071,
Europe (WHO),,2019,12.17334,
Europe (WHO),,2020,15.32444,
Europe (WHO),,2021,17.72712,
Europe (WHO),,2022,14.21512,
Europe (WHO),,2023,11.16042,
Fiji,FJI,1985,78.45585,
Fiji,FJI,1986,75.81185,
Fiji,FJI,1987,74.20559,
Fiji,FJI,1988,70.90989,
Fiji,FJI,1989,69.58511,
Fiji,FJI,1990,70.01377,
Fiji,FJI,1991,67.27525,
Fiji,FJI,1992,64.15931,
Fiji,FJI,1993,61.74329,
Fiji,FJI,1994,57.90174,
Fiji,FJI,1995,55.49599,
Fiji,FJI,1996,53.24545,
Fiji,FJI,1997,51.43496,
Fiji,FJI,1998,48.61353,
Fiji,FJI,1999,46.2079,
Fiji,FJI,2000,47.04706,
Fiji,FJI,2001,45.87703,
Fiji,FJI,2002,48.08153,
Fiji,FJI,2003,47.13741,
Fiji,FJI,2004,45.95183,
Fiji,FJI,2005,44.46596,
Fiji,FJI,2006,43.34434,
Fiji,FJI,2007,42.95332,
Fiji,FJI,2008,42.24973,
Fiji,FJI,2009,41.3051,
Fiji,FJI,2010,39.7292,
Fiji,FJI,2011,38.8227,
Fiji,FJI,2012,41.64186,
Fiji,FJI,2013,39.88123,
Fiji,FJI,2014,37.60074,
Fiji,FJI,2015,37.08208,
Fiji,FJI,2016,37.55503,
Fiji,FJI,2017,34.18856,
Fiji,FJI,2018,34.53254,
Fiji,FJI,2019,33.90995,
Fiji,FJI,2020,33.5077,
Fiji,FJI,2021,67.87552,
Fiji,FJI,2022,31.69343,
Fiji,FJI,2023,30.23569,
Finland,FIN,1985,6.60891,
Finland,FIN,1986,7.53131,
Finland,FIN,1987,7.32363,
Finland,FIN,1988,7.63191,
Finland,FIN,1989,7.83218,
Finland,FIN,1990,8.04737,
Finland,FIN,1991,7.62714,
Finland,FIN,1992,7.9141,
Finland,FIN,1993,7.34885,
Finland,FIN,1994,7.03373,
Finland,FIN,1995,6.97027,
Finland,FIN,1996,6.82405,
Finland,FIN,1997,7.12816,
Finland,FIN,1998,6.68415,
Finland,FIN,1999,6.72593,
Finland,FIN,2000,7.18457,
Finland,FIN,2001,6.94973,
Finland,FIN,2002,7.05104,
Finland,FIN,2003,6.79638,
Finland,FIN,2004,7.35527,
Finland,FIN,2005,7.77313,
Finland,FIN,2006,6.97805,
Finland,FIN,2007,7.33553,
Finland,FIN,2008,7.28394,
Finland,FIN,2009,7.83026,
Finland,FIN,2010,7.63364,
Finland,FIN,2011,7.21836,
Finland,FIN,2012,7.71726,
Finland,FIN,2013,7.74972,
Finland,FIN,2014,6.88932,
Finland,FIN,2015,7.15888,
Finland,FIN,2016,7.43542,
Finland,FIN,2017,7.84832,
Finland,FIN,2018,7.92587,
Finland,FIN,2019,8.40678,
Finland,FIN,2020,8.55245,
Finland,FIN,2021,8.46177,
Finland,FIN,2022,8.35135,
Finland,FIN,2023,7.88007,
France,FRA,1985,20.19784,
France,FRA,1986,19.75383,
France,FRA,1987,18.9458,
France,FRA,1988,18.82868,
France,FRA,1989,18.62876,
France,FRA,1990,17.74163,
France,FRA,1991,17.68269,
France,FRA,1992,17.17763,
France,FRA,1993,16.48787,
France,FRA,1994,15.28353,
France,FRA,1995,14.69626,
France,FRA,1996,13.14208,
France,FRA,1997,11.41729,
France,FRA,1998,10.49818,
France,FRA,1999,9.93988,
France,FRA,2000,9.42702,
France,FRA,2001,9.29799,
France,FRA,2002,9.28067,
France,FRA,2003,9.23696,
France,FRA,2004,9.07566,
France,FRA,2005,9.16654,
France,FRA,2006,9.3064,
France,FRA,2007,9.3017,
France,FRA,2008,9.60314,
France,FRA,2009,9.73263,
France,FRA,2010,9.43215,
France,FRA,2011,9.27475,
France,FRA,2012,9.08149,
France,FRA,2013,8.88249,
France,FRA,2014,8.81578,
France,FRA,2015,8.77581,
France,FRA,2016,8.75862,
France,FRA,2017,8.45489,
France,FRA,2018,8.58842,
France,FRA,2019,8.36364,
France,FRA,2020,8.88955,
France,FRA,2021,8.78872,
France,FRA,2022,8.70469,
France,FRA,2023,7.30455,
Gabon,GAB,1985,372.63992,
Gabon,GAB,1986,369.48923,
Gabon,GAB,1987,365.66348,
Gabon,GAB,1988,367.14203,
Gabon,GAB,1989,366.13046,
Gabon,GAB,1990,368.3132,
Gabon,GAB,1991,369.3222,
Gabon,GAB,1992,371.40002,
Gabon,GAB,1993,364.39905,
Gabon,GAB,1994,357.25992,
Gabon,GAB,1995,341.33194,
Gabon,GAB,1996,321.28418,
Gabon,GAB,1997,289.84946,
Gabon,GAB,1998,258.10022,
Gabon,GAB,1999,216.29272,
Gabon,GAB,2000,178.11302,
Gabon,GAB,2001,159.54872,
Gabon,GAB,2002,150.82675,
Gabon,GAB,2003,133.8411,
Gabon,GAB,2004,142.48618,
Gabon,GAB,2005,175.22758,
Gabon,GAB,2006,185.7779,
Gabon,GAB,2007,172.90002,
Gabon,GAB,2008,157.71317,
Gabon,GAB,2009,157.92397,
Gabon,GAB,2010,144.24953,
Gabon,GAB,2011,148.5494,
Gabon,GAB,2012,172.58305,
Gabon,GAB,2013,234.63478,
Gabon,GAB,2014,273.18103,
Gabon,GAB,2015,239.13962,
Gabon,GAB,2016,214.82362,
Gabon,GAB,2017,184.12482,
Gabon,GAB,2018,175.78122,
Gabon,GAB,2019,179.3606,
Gabon,GAB,2020,193.83475,
Gabon,GAB,2021,249.4844,
Gabon,GAB,2022,215.84464,
Gabon,GAB,2023,232.66042,
Gambia,GMB,1985,1454.156,
Gambia,GMB,1986,1400.6566,
Gambia,GMB,1987,1359.5541,
Gambia,GMB,1988,1302.0411,
Gambia,GMB,1989,1257.7429,
Gambia,GMB,1990,1206.9436,
Gambia,GMB,1991,1167.0002,
Gambia,GMB,1992,1115.3517,
Gambia,GMB,1993,1072.3762,
Gambia,GMB,1994,1039.4791,
Gambia,GMB,1995,999.35376,
Gambia,GMB,1996,955.87524,
Gambia,GMB,1997,927.9448,
Gambia,GMB,1998,866.82446,
Gambia,GMB,1999,830.1396,
Gambia,GMB,2000,810.37036,
Gambia,GMB,2001,793.7375,
Gambia,GMB,2002,772.16034,
Gambia,GMB,2003,748.76166,
Gambia,GMB,2004,718.7294,
Gambia,GMB,2005,707.27655,
Gambia,GMB,2006,682.27246,
Gambia,GMB,2007,674.6237,
Gambia,GMB,2008,652.9137,
Gambia,GMB,2009,634.1394,
Gambia,GMB,2010,631.6814,
Gambia,GMB,2011,634.3975,
Gambia,GMB,2012,628.01874,
Gambia,GMB,2013,606.2811,
Gambia,GMB,2014,560.7181,
Gambia,GMB,2015,526.6845,
Gambia,GMB,2016,489.51053,
Gambia,GMB,2017,468.64972,
Gambia,GMB,2018,450.4107,
Gambia,GMB,2019,422.08704,
Gambia,GMB,2020,400.1448,
Gambia,GMB,2021,420.0763,
Gambia,GMB,2022,365.02136,
Gambia,GMB,2023,354.35257,
Georgia,GEO,1985,34.17254,
Georgia,GEO,1986,34.04045,
Georgia,GEO,1987,32.37371,
Georgia,GEO,1988,33.25334,
Georgia,GEO,1989,35.87595,
Georgia,GEO,1990,33.68389,
Georgia,GEO,1991,36.05433,
Georgia,GEO,1992,37.78152,
Georgia,GEO,1993,40.4821,
Georgia,GEO,1994,40.03904,
Georgia,GEO,1995,41.38991,
Georgia,GEO,1996,35.24949,
Georgia,GEO,1997,44.52074,
Georgia,GEO,1998,42.9837,
Georgia,GEO,1999,41.42766,
Georgia,GEO,2000,42.58235,
Georgia,GEO,2001,44.61957,
Georgia,GEO,2002,45.84682,
Georgia,GEO,2003,41.68641,
Georgia,GEO,2004,42.77224,
Georgia,GEO,2005,53.46322,
Georgia,GEO,2006,44.94539,
Georgia,GEO,2007,51.5472,
Georgia,GEO,2008,54.00805,
Georgia,GEO,2009,55.82012,
Georgia,GEO,2010,40.55389,
Georgia,GEO,2011,37.03695,
Georgia,GEO,2012,34.8783,
Georgia,GEO,2013,33.73153,
Georgia,GEO,2014,31.82241,
Georgia,GEO,2015,29.60028,
Georgia,GEO,2016,27.94438,
Georgia,GEO,2017,26.86179,
Georgia,GEO,2018,24.35445,
Georgia,GEO,2019,22.25717,
Georgia,GEO,2020,29.72163,
Georgia,GEO,2021,59.87914,
Georgia,GEO,2022,21.92826,
Georgia,GEO,2023,19.69185,
Germany,DEU,1985,13.90057,
Germany,DEU,1986,13.58816,
Germany,DEU,1987,12.96331,
Germany,DEU,1988,12.71367,
Germany,DEU,1989,11.99934,
Germany,DEU,1990,11.67303,
Germany,DEU,1991,10.78415,
Germany,DEU,1992,9.89337,
Germany,DEU,1993,9.41362,
Germany,DEU,1994,8.64188,
Germany,DEU,1995,8.38634,
Germany,DEU,1996,8.27955,
Germany,DEU,1997,7.8076,
Germany,DEU,1998,7.38681,
Germany,DEU,1999,7.03426,
Germany,DEU,2000,6.73107,
Germany,DEU,2001,6.31558,
Germany,DEU,2002,6.20604,
Germany,DEU,2003,5.98199,
Germany,DEU,2004,5.78106,
Germany,DEU,2005,5.67329,
Germany,DEU,2006,5.60025,
Germany,DEU,2007,5.49846,
Germany,DEU,2008,5.52833,
Germany,DEU,2009,5.50566,
Germany,DEU,2010,5.38925,
Germany,DEU,2011,5.21113,
Germany,DEU,2012,4.94186,
Germany,DEU,2013,4.87853,
Germany,DEU,2014,4.52608,
Germany,DEU,2015,4.53393,
Germany,DEU,2016,4.43597,
Germany,DEU,2017,4.207,
Germany,DEU,2018,4.20703,
Germany,DEU,2019,3.96585,
Germany,DEU,2020,4.23313,
Germany,DEU,2021,4.45641,
Germany,DEU,2022,4.03073,
Germany,DEU,2023,3.62022,
Ghana,GHA,1985,942.9617,
Ghana,GHA,1986,908.4955,
Ghana,GHA,1987,873.2205,
Ghana,GHA,1988,834.3156,
Ghana,GHA,1989,799.0505,
Ghana,GHA,1990,768.7429,
Ghana,GHA,1991,744.6583,
Ghana,GHA,1992,718.4212,
Ghana,GHA,1993,696.0185,
Ghana,GHA,1994,670.34204,
Ghana,GHA,1995,629.8425,
Ghana,GHA,1996,590.58264,
Ghana,GHA,1997,552.9672,
Ghana,GHA,1998,521.31,
Ghana,GHA,1999,489.88037,
Ghana,GHA,2000,472.49808,
Ghana,GHA,2001,459.95847,
Ghana,GHA,2002,434.24893,
Ghana,GHA,2003,409.55237,
Ghana,GHA,2004,402.64764,
Ghana,GHA,2005,389.52295,
Ghana,GHA,2006,384.5182,
Ghana,GHA,2007,377.21344,
Ghana,GHA,2008,380.10492,
Ghana,GHA,2009,369.00427,
Ghana,GHA,2010,363.05173,
Ghana,GHA,2011,356.37323,
Ghana,GHA,2012,350.70255,
Ghana,GHA,2013,338.42386,
Ghana,GHA,2014,316.81168,
Ghana,GHA,2015,310.33633,
Ghana,GHA,2016,296.1044,
Ghana,GHA,2017,286.91916,
Ghana,GHA,2018,275.56128,
Ghana,GHA,2019,259.7349,
Ghana,GHA,2020,252.78436,
Ghana,GHA,2021,263.93936,
Ghana,GHA,2022,239.08388,
Ghana,GHA,2023,234.32323,
Greece,GRC,1985,9.01953,
Greece,GRC,1986,8.34682,
Greece,GRC,1987,8.56356,
Greece,GRC,1988,7.40277,
Greece,GRC,1989,7.02005,
Greece,GRC,1990,6.58017,
Greece,GRC,1991,6.16751,
Greece,GRC,1992,5.89198,
Greece,GRC,1993,5.39875,
Greece,GRC,1994,5.00901,
Greece,GRC,1995,4.72118,
Greece,GRC,1996,4.33983,
Greece,GRC,1997,3.99858,
Greece,GRC,1998,3.87425,
Greece,GRC,1999,3.72348,
Greece,GRC,2000,3.55096,
Greece,GRC,2001,3.29064,
Greece,GRC,2002,3.21071,
Greece,GRC,2003,3.18738,
Greece,GRC,2004,3.07592,
Greece,GRC,2005,2.98081,
Greece,GRC,2006,3.08682,
Greece,GRC,2007,3.22924,
Greece,GRC,2008,3.24318,
Greece,GRC,2009,3.30238,
Greece,GRC,2010,3.50901,
Greece,GRC,2011,3.62954,
Greece,GRC,2012,3.98946,
Greece,GRC,2013,3.95059,
Greece,GRC,2014,4.25009,
Greece,GRC,2015,4.77033,
Greece,GRC,2016,4.921,
Greece,GRC,2017,5.23547,
Greece,GRC,2018,5.05769,
Greece,GRC,2019,5.21619,
Greece,GRC,2020,7.19733,
Greece,GRC,2021,8.6649,
Greece,GRC,2022,9.88699,
Greece,GRC,2023,4.78855,
Grenada,GRD,1985,70.8825,
Grenada,GRD,1986,67.90898,
Grenada,GRD,1987,68.29177,
Grenada,GRD,1988,61.46752,
Grenada,GRD,1989,63.64629,
Grenada,GRD,1990,61.49099,
Grenada,GRD,1991,58.93419,
Grenada,GRD,1992,55.85705,
Grenada,GRD,1993,52.84353,
Grenada,GRD,1994,54.68207,
Grenada,GRD,1995,53.7071,
Grenada,GRD,1996,51.1576,
Grenada,GRD,1997,49.58918,
Grenada,GRD,1998,49.54673,
Grenada,GRD,1999,47.7566,
Grenada,GRD,2000,45.5281,
Grenada,GRD,2001,44.96926,
Grenada,GRD,2002,42.32388,
Grenada,GRD,2003,42.13301,
Grenada,GRD,2004,48.47069,
Grenada,GRD,2005,40.34661,
Grenada,GRD,2006,38.86186,
Grenada,GRD,2007,39.84307,
Grenada,GRD,2008,41.26666,
Grenada,GRD,2009,40.80389,
Grenada,GRD,2010,43.01116,
Grenada,GRD,2011,43.92505,
Grenada,GRD,2012,43.65259,
Grenada,GRD,2013,44.34523,
Grenada,GRD,2014,44.87656,
Grenada,GRD,2015,46.20516,
Grenada,GRD,2016,44.03691,
Grenada,GRD,2017,44.92742,
Grenada,GRD,2018,46.42027,
Grenada,GRD,2019,48.39963,
Grenada,GRD,2020,50.55742,
Grenada,GRD,2021,52.00749,
Grenada,GRD,2022,49.9391,
Grenada,GRD,2023,48.24919,
Guatemala,GTM,1985,300.76828,
Guatemala,GTM,1986,286.4826,
Guatemala,GTM,1987,277.24484,
Guatemala,GTM,1988,272.99158,
Guatemala,GTM,1989,271.27942,
Guatemala,GTM,1990,270.1629,
Guatemala,GTM,1991,268.4584,
Guatemala,GTM,1992,269.321,
Guatemala,GTM,1993,262.2101,
Guatemala,GTM,1994,243.61285,
Guatemala,GTM,1995,229.47054,
Guatemala,GTM,1996,212.69115,
Guatemala,GTM,1997,198.40471,
Guatemala,GTM,1998,185.48183,
Guatemala,GTM,1999,173.91483,
Guatemala,GTM,2000,165.81012,
Guatemala,GTM,2001,162.13815,
Guatemala,GTM,2002,153.38861,
Guatemala,GTM,2003,149.60913,
Guatemala,GTM,2004,148.04706,
Guatemala,GTM,2005,152.85182,
Guatemala,GTM,2006,141.7435,
Guatemala,GTM,2007,135.01585,
Guatemala,GTM,2008,133.38754,
Guatemala,GTM,2009,130.47305,
Guatemala,GTM,2010,126.99096,
Guatemala,GTM,2011,120.02704,
Guatemala,GTM,2012,114.71297,
Guatemala,GTM,2013,111.22997,
Guatemala,GTM,2014,110.58089,
Guatemala,GTM,2015,111.9959,
Guatemala,GTM,2016,110.10903,
Guatemala,GTM,2017,106.93783,
Guatemala,GTM,2018,107.1139,
Guatemala,GTM,2019,106.15478,
Guatemala,GTM,2020,102.4683,
Guatemala,GTM,2021,125.27008,
Guatemala,GTM,2022,96.5693,
Guatemala,GTM,2023,93.71639,
Guinea,GIN,1985,1247.696,
Guinea,GIN,1986,1234.0483,
Guinea,GIN,1987,1217.6821,
Guinea,GIN,1988,1202.3746,
Guinea,GIN,1989,1187.7166,
Guinea,GIN,1990,1161.8087,
Guinea,GIN,1991,1142.9628,
Guinea,GIN,1992,1123.5276,
Guinea,GIN,1993,1093.5968,
Guinea,GIN,1994,1080.5247,
Guinea,GIN,1995,1042.2819,
Guinea,GIN,1996,1010.3423,
Guinea,GIN,1997,993.58374,
Guinea,GIN,1998,971.34314,
Guinea,GIN,1999,960.0394,
Guinea,GIN,2000,951.4228,
Guinea,GIN,2001,945.5908,
Guinea,GIN,2002,916.1456,
Guinea,GIN,2003,892.30334,
Guinea,GIN,2004,868.695,
Guinea,GIN,2005,842.86237,
Guinea,GIN,2006,824.8725,
Guinea,GIN,2007,801.78925,
Guinea,GIN,2008,772.40424,
Guinea,GIN,2009,766.2596,
Guinea,GIN,2010,749.5302,
Guinea,GIN,2011,727.55597,
Guinea,GIN,2012,703.0267,
Guinea,GIN,2013,682.4269,
Guinea,GIN,2014,663.85614,
Guinea,GIN,2015,641.7042,
Guinea,GIN,2016,606.0211,
Guinea,GIN,2017,582.10266,
Guinea,GIN,2018,560.3764,
Guinea,GIN,2019,548.1233,
Guinea,GIN,2020,528.2048,
Guinea,GIN,2021,533.2656,
Guinea,GIN,2022,500.40625,
Guinea,GIN,2023,494.11566,
Guinea-Bissau,GNB,1985,1850.8546,
Guinea-Bissau,GNB,1986,1824.9211,
Guinea-Bissau,GNB,1987,1796.2161,
Guinea-Bissau,GNB,1988,1758.5392,
Guinea-Bissau,GNB,1989,1697.9254,
Guinea-Bissau,GNB,1990,1708.7487,
Guinea-Bissau,GNB,1991,1663.4922,
Guinea-Bissau,GNB,1992,1633.275,
Guinea-Bissau,GNB,1993,1613.0577,
Guinea-Bissau,GNB,1994,1644.0931,
Guinea-Bissau,GNB,1995,1556.3545,
Guinea-Bissau,GNB,1996,1538.7433,
Guinea-Bissau,GNB,1997,1641.9374,
Guinea-Bissau,GNB,1998,1464.7716,
Guinea-Bissau,GNB,1999,1461.0844,
Guinea-Bissau,GNB,2000,1295.4409,
Guinea-Bissau,GNB,2001,1222.1381,
Guinea-Bissau,GNB,2002,1141.1688,
Guinea-Bissau,GNB,2003,1069.1616,
Guinea-Bissau,GNB,2004,979.5118,
Guinea-Bissau,GNB,2005,956.3018,
Guinea-Bissau,GNB,2006,831.462,
Guinea-Bissau,GNB,2007,791.6083,
Guinea-Bissau,GNB,2008,801.977,
Guinea-Bissau,GNB,2009,752.9263,
Guinea-Bissau,GNB,2010,698.18274,
Guinea-Bissau,GNB,2011,678.28326,
Guinea-Bissau,GNB,2012,703.69507,
Guinea-Bissau,GNB,2013,707.19434,
Guinea-Bissau,GNB,2014,662.4371,
Guinea-Bissau,GNB,2015,631.1542,
Guinea-Bissau,GNB,2016,616.94965,
Guinea-Bissau,GNB,2017,596.93585,
Guinea-Bissau,GNB,2018,584.7364,
Guinea-Bissau,GNB,2019,597.52124,
Guinea-Bissau,GNB,2020,602.8121,
Guinea-Bissau,GNB,2021,617.1863,
Guinea-Bissau,GNB,2022,539.2345,
Guinea-Bissau,GNB,2023,505.36804,
Guyana,GUY,1985,240.60106,
Guyana,GUY,1986,237.8307,
Guyana,GUY,1987,233.50024,
Guyana,GUY,1988,229.67184,
Guyana,GUY,1989,227.3858,
Guyana,GUY,1990,224.38667,
Guyana,GUY,1991,218.53624,
Guyana,GUY,1992,208.33234,
Guyana,GUY,1993,204.96072,
Guyana,GUY,1994,203.53513,
Guyana,GUY,1995,207.38902,
Guyana,GUY,1996,202.23659,
Guyana,GUY,1997,195.1616,
Guyana,GUY,1998,183.9592,
Guyana,GUY,1999,177.53867,
Guyana,GUY,2000,170.55122,
Guyana,GUY,2001,162.77843,
Guyana,GUY,2002,164.26439,
Guyana,GUY,2003,163.6638,
Guyana,GUY,2004,162.31178,
Guyana,GUY,2005,166.40215,
Guyana,GUY,2006,166.5013,
Guyana,GUY,2007,157.5225,
Guyana,GUY,2008,152.93407,
Guyana,GUY,2009,146.31503,
Guyana,GUY,2010,140.98245,
Guyana,GUY,2011,135.16405,
Guyana,GUY,2012,132.98055,
Guyana,GUY,2013,128.16594,
Guyana,GUY,2014,120.58509,
Guyana,GUY,2015,117.17014,
Guyana,GUY,2016,114.12205,
Guyana,GUY,2017,109.86793,
Guyana,GUY,2018,105.12369,
Guyana,GUY,2019,106.94327,
Guyana,GUY,2020,108.56039,
Guyana,GUY,2021,188.99829,
Guyana,GUY,2022,82.96077,
Guyana,GUY,2023,74.73033,
Haiti,HTI,1985,990.6973,
Haiti,HTI,1986,974.98553,
Haiti,HTI,1987,951.7169,
Haiti,HTI,1988,929.31525,
Haiti,HTI,1989,899.6304,
Haiti,HTI,1990,874.224,
Haiti,HTI,1991,831.4644,
Haiti,HTI,1992,793.27795,
Haiti,HTI,1993,746.6542,
Haiti,HTI,1994,710.2268,
Haiti,HTI,1995,638.1759,
Haiti,HTI,1996,588.3773,
Haiti,HTI,1997,551.1774,
Haiti,HTI,1998,511.46024,
Haiti,HTI,1999,463.5284,
Haiti,HTI,2000,439.62344,
Haiti,HTI,2001,428.17496,
Haiti,HTI,2002,410.38235,
Haiti,HTI,2003,384.71085,
Haiti,HTI,2004,427.26797,
Haiti,HTI,2005,355.07236,
Haiti,HTI,2006,367.63446,
Haiti,HTI,2007,382.59662,
Haiti,HTI,2008,394.08572,
Haiti,HTI,2009,396.68967,
Haiti,HTI,2010,396.4023,
Haiti,HTI,2011,409.27698,
Haiti,HTI,2012,385.296,
Haiti,HTI,2013,380.36093,
Haiti,HTI,2014,372.7467,
Haiti,HTI,2015,363.74783,
Haiti,HTI,2016,356.13675,
Haiti,HTI,2017,350.62073,
Haiti,HTI,2018,358.46475,
Haiti,HTI,2019,350.62433,
Haiti,HTI,2020,346.25726,
Haiti,HTI,2021,384.6512,
Haiti,HTI,2022,330.84863,
Haiti,HTI,2023,327.56384,
Honduras,HND,1985,198.90704,
Honduras,HND,1986,191.33183,
Honduras,HND,1987,183.15768,
Honduras,HND,1988,176.53487,
Honduras,HND,1989,169.06339,
Honduras,HND,1990,158.687,
Honduras,HND,1991,148.2201,
Honduras,HND,1992,138.422,
Honduras,HND,1993,127.70292,
Honduras,HND,1994,118.55945,
Honduras,HND,1995,108.98554,
Honduras,HND,1996,101.33811,
Honduras,HND,1997,95.56737,
Honduras,HND,1998,91.06698,
Honduras,HND,1999,85.85893,
Honduras,HND,2000,81.65869,
Honduras,HND,2001,77.71595,
Honduras,HND,2002,75.36672,
Honduras,HND,2003,75.22647,
Honduras,HND,2004,74.29204,
Honduras,HND,2005,73.476,
Honduras,HND,2006,72.25393,
Honduras,HND,2007,72.10544,
Honduras,HND,2008,71.75468,
Honduras,HND,2009,70.89231,
Honduras,HND,2010,71.62103,
Honduras,HND,2011,67.53817,
Honduras,HND,2012,64.36368,
Honduras,HND,2013,61.85652,
Honduras,HND,2014,59.71337,
Honduras,HND,2015,57.10412,
Honduras,HND,2016,54.65124,
Honduras,HND,2017,52.96214,
Honduras,HND,2018,51.75144,
Honduras,HND,2019,51.12075,
Honduras,HND,2020,57.15552,
Honduras,HND,2021,88.2459,
Honduras,HND,2022,48.08667,
Honduras,HND,2023,46.74992,
Hungary,HUN,1985,25.72007,
Hungary,HUN,1986,25.51325,
Hungary,HUN,1987,24.02423,
Hungary,HUN,1988,23.64825,
Hungary,HUN,1989,24.74159,
Hungary,HUN,1990,24.69621,
Hungary,HUN,1991,23.68267,
Hungary,HUN,1992,23.58029,
Hungary,HUN,1993,23.23872,
Hungary,HUN,1994,20.87644,
Hungary,HUN,1995,19.30981,
Hungary,HUN,1996,16.9853,
Hungary,HUN,1997,16.08951,
Hungary,HUN,1998,15.35335,
Hungary,HUN,1999,14.94356,
Hungary,HUN,2000,13.82028,
Hungary,HUN,2001,12.99143,
Hungary,HUN,2002,13.08634,
Hungary,HUN,2003,12.70732,
Hungary,HUN,2004,12.29206,
Hungary,HUN,2005,12.69446,
Hungary,HUN,2006,12.41965,
Hungary,HUN,2007,13.43134,
Hungary,HUN,2008,13.13201,
Hungary,HUN,2009,13.29323,
Hungary,HUN,2010,12.83222,
Hungary,HUN,2011,13.51043,
Hungary,HUN,2012,13.21537,
Hungary,HUN,2013,13.24235,
Hungary,HUN,2014,13.43354,
Hungary,HUN,2015,13.49472,
Hungary,HUN,2016,13.31011,
Hungary,HUN,2017,13.70126,
Hungary,HUN,2018,13.70039,
Hungary,HUN,2019,13.10518,
Hungary,HUN,2020,18.49569,
Hungary,HUN,2021,29.67371,
Hungary,HUN,2022,13.52025,
Hungary,HUN,2023,11.65266,
Iceland,ISL,1985,11.47437,
Iceland,ISL,1986,14.98688,
Iceland,ISL,1987,13.18383,
Iceland,ISL,1988,10.71478,
Iceland,ISL,1989,13.54421,
Iceland,ISL,1990,13.07372,
Iceland,ISL,1991,10.6778,
Iceland,ISL,1992,11.78387,
Iceland,ISL,1993,10.47885,
Iceland,ISL,1994,9.18297,
Iceland,ISL,1995,12.71382,
Iceland,ISL,1996,7.3511,
Iceland,ISL,1997,7.57567,
Iceland,ISL,1998,7.81049,
Iceland,ISL,1999,7.00551,
Iceland,ISL,2000,6.52873,
Iceland,ISL,2001,6.40228,
Iceland,ISL,2002,7.18147,
Iceland,ISL,2003,5.54455,
Iceland,ISL,2004,5.84551,
Iceland,ISL,2005,5.09258,
Iceland,ISL,2006,4.75002,
Iceland,ISL,2007,4.58305,
Iceland,ISL,2008,4.47404,
Iceland,ISL,2009,4.72559,
Iceland,ISL,2010,4.60888,
Iceland,ISL,2011,3.80702,
Iceland,ISL,2012,3.85523,
Iceland,ISL,2013,4.14905,
Iceland,ISL,2014,4.19665,
Iceland,ISL,2015,3.97697,
Iceland,ISL,2016,3.34661,
Iceland,ISL,2017,3.10573,
Iceland,ISL,2018,3.96465,
Iceland,ISL,2019,4.02771,
Iceland,ISL,2020,11.75091,
Iceland,ISL,2021,5.34155,
Iceland,ISL,2022,5.126,
Iceland,ISL,2023,3.0221,
India,IND,1985,657.5321,
India,IND,1986,623.50586,
India,IND,1987,591.507,
India,IND,1988,562.49115,
India,IND,1989,538.4309,
India,IND,1990,515.6008,
India,IND,1991,497.78305,
India,IND,1992,481.56778,
India,IND,1993,467.18777,
India,IND,1994,451.23486,
India,IND,1995,436.778,
India,IND,1996,422.2842,
India,IND,1997,406.67468,
India,IND,1998,392.56354,
India,IND,1999,377.89243,
India,IND,2000,362.29678,
India,IND,2001,349.14352,
India,IND,2002,330.11642,
India,IND,2003,312.99103,
India,IND,2004,296.36725,
India,IND,2005,276.5315,
India,IND,2006,258.327,
India,IND,2007,240.2858,
India,IND,2008,222.70459,
India,IND,2009,205.04956,
India,IND,2010,188.33092,
India,IND,2011,173.39346,
India,IND,2012,160.06758,
India,IND,2013,148.14653,
India,IND,2014,136.9139,
India,IND,2015,128.51315,
India,IND,2016,120.75441,
India,IND,2017,113.01186,
India,IND,2018,107.00503,
India,IND,2019,101.05407,
India,IND,2020,100.5309,
India,IND,2021,154.79778,
India,IND,2022,89.64525,
India,IND,2023,80.48182,
Indonesia,IDN,1985,473.5851,
Indonesia,IDN,1986,455.18777,
Indonesia,IDN,1987,437.24335,
Indonesia,IDN,1988,431.30115,
Indonesia,IDN,1989,401.8316,
Indonesia,IDN,1990,391.71625,
Indonesia,IDN,1991,378.08627,
Indonesia,IDN,1992,359.27304,
Indonesia,IDN,1993,326.63068,
Indonesia,IDN,1994,332.5227,
Indonesia,IDN,1995,334.49036,
Indonesia,IDN,1996,330.95,
Indonesia,IDN,1997,322.79602,
Indonesia,IDN,1998,317.29767,
Indonesia,IDN,1999,320.5623,
Indonesia,IDN,2000,311.24234,
Indonesia,IDN,2001,300.19626,
Indonesia,IDN,2002,283.47726,
Indonesia,IDN,2003,278.88953,
Indonesia,IDN,2004,283.31332,
Indonesia,IDN,2005,268.07315,
Indonesia,IDN,2006,264.15463,
Indonesia,IDN,2007,256.65332,
Indonesia,IDN,2008,250.90303,
Indonesia,IDN,2009,245.56819,
Indonesia,IDN,2010,241.85796,
Indonesia,IDN,2011,230.46437,
Indonesia,IDN,2012,220.28181,
Indonesia,IDN,2013,208.4726,
Indonesia,IDN,2014,198.41762,
Indonesia,IDN,2015,190.18845,
Indonesia,IDN,2016,181.75325,
Indonesia,IDN,2017,173.1172,
Indonesia,IDN,2018,168.10716,
Indonesia,IDN,2019,161.1944,
Indonesia,IDN,2020,184.43573,
Indonesia,IDN,2021,226.46173,
Indonesia,IDN,2022,148.24352,
Indonesia,IDN,2023,140.49918,
Iran,IRN,1985,159.53085,
Iran,IRN,1986,147.51646,
Iran,IRN,1987,136.37509,
Iran,IRN,1988,126.40587,
Iran,IRN,1989,112.68147,
Iran,IRN,1990,106.84034,
Iran,IRN,1991,93.79344,
Iran,IRN,1992,85.65155,
Iran,IRN,1993,80.15828,
Iran,IRN,1994,70.99103,
Iran,IRN,1995,64.56753,
Iran,IRN,1996,58.891,
Iran,IRN,1997,55.29549,
Iran,IRN,1998,49.58556,
Iran,IRN,1999,46.29526,
Iran,IRN,2000,43.02161,
Iran,IRN,2001,40.24384,
Iran,IRN,2002,38.36798,
Iran,IRN,2003,37.13384,
Iran,IRN,2004,34.30775,
Iran,IRN,2005,33.02413,
Iran,IRN,2006,31.69238,
Iran,IRN,2007,30.67978,
Iran,IRN,2008,29.53869,
Iran,IRN,2009,28.36873,
Iran,IRN,2010,27.23878,
Iran,IRN,2011,26.18535,
Iran,IRN,2012,25.15007,
Iran,IRN,2013,24.09732,
Iran,IRN,2014,23.16296,
Iran,IRN,2015,22.19645,
Iran,IRN,2016,21.30417,
Iran,IRN,2017,20.47724,
Iran,IRN,2018,19.43185,
Iran,IRN,2019,18.49963,
Iran,IRN,2020,34.3438,
Iran,IRN,2021,50.7951,
Iran,IRN,2022,21.22289,
Iran,IRN,2023,15.84014,
Iraq,IRQ,1985,152.14464,
Iraq,IRQ,1986,146.92525,
Iraq,IRQ,1987,144.80424,
Iraq,IRQ,1988,174.48228,
Iraq,IRQ,1989,189.73106,
Iraq,IRQ,1990,194.88165,
Iraq,IRQ,1991,157.40253,
Iraq,IRQ,1992,126.42344,
Iraq,IRQ,1993,132.1584,
Iraq,IRQ,1994,141.833,
Iraq,IRQ,1995,151.78236,
Iraq,IRQ,1996,157.87195,
Iraq,IRQ,1997,164.9268,
Iraq,IRQ,1998,162.932,
Iraq,IRQ,1999,156.1629,
Iraq,IRQ,2000,145.62225,
Iraq,IRQ,2001,137.4259,
Iraq,IRQ,2002,127.81148,
Iraq,IRQ,2003,125.19654,
Iraq,IRQ,2004,121.61634,
Iraq,IRQ,2005,117.68681,
Iraq,IRQ,2006,120.00966,
Iraq,IRQ,2007,117.22749,
Iraq,IRQ,2008,109.038,
Iraq,IRQ,2009,107.04592,
Iraq,IRQ,2010,107.13868,
Iraq,IRQ,2011,104.97258,
Iraq,IRQ,2012,99.93955,
Iraq,IRQ,2013,95.83033,
Iraq,IRQ,2014,89.50652,
Iraq,IRQ,2015,85.90805,
Iraq,IRQ,2016,87.08597,
Iraq,IRQ,2017,81.35077,
Iraq,IRQ,2018,75.57648,
Iraq,IRQ,2019,74.26983,
Iraq,IRQ,2020,63.02367,
Iraq,IRQ,2021,76.61516,
Iraq,IRQ,2022,58.91685,
Iraq,IRQ,2023,65.99088,
Ireland,IRL,1985,11.04191,
Ireland,IRL,1986,10.89186,
Ireland,IRL,1987,10.14199,
Ireland,IRL,1988,10.78716,
Ireland,IRL,1989,9.86189,
Ireland,IRL,1990,10.80982,
Ireland,IRL,1991,10.14384,
Ireland,IRL,1992,9.76765,
Ireland,IRL,1993,8.97436,
Ireland,IRL,1994,8.648,
Ireland,IRL,1995,9.00488,
Ireland,IRL,1996,7.92288,
Ireland,IRL,1997,8.42859,
Ireland,IRL,1998,7.73792,
Ireland,IRL,1999,7.46244,
Ireland,IRL,2000,8.04311,
Ireland,IRL,2001,7.37158,
Ireland,IRL,2002,6.75603,
Ireland,IRL,2003,5.95915,
Ireland,IRL,2004,6.19551,
Ireland,IRL,2005,6.33476,
Ireland,IRL,2006,5.98257,
Ireland,IRL,2007,5.63961,
Ireland,IRL,2008,6.3388,
Ireland,IRL,2009,6.06495,
Ireland,IRL,2010,5.50949,
Ireland,IRL,2011,6.2191,
Ireland,IRL,2012,5.71229,
Ireland,IRL,2013,5.02403,
Ireland,IRL,2014,4.73811,
Ireland,IRL,2015,4.71884,
Ireland,IRL,2016,4.35541,
Ireland,IRL,2017,4.24222,
Ireland,IRL,2018,4.71208,
Ireland,IRL,2019,4.27905,
Ireland,IRL,2020,5.58951,
Ireland,IRL,2021,5.74795,
Ireland,IRL,2022,6.80065,
Ireland,IRL,2023,3.79013,
Israel,ISR,1985,35.88122,
Israel,ISR,1986,35.5043,
Israel,ISR,1987,30.38587,
Israel,ISR,1988,31.44563,
Israel,ISR,1989,30.06132,
Israel,ISR,1990,28.54715,
Israel,ISR,1991,28.09242,
Israel,ISR,1992,26.7172,
Israel,ISR,1993,25.24917,
Israel,ISR,1994,23.7473,
Israel,ISR,1995,22.44815,
Israel,ISR,1996,20.13443,
Israel,ISR,1997,17.42804,
Israel,ISR,1998,13.65933,
Israel,ISR,1999,11.01949,
Israel,ISR,2000,8.66354,
Israel,ISR,2001,7.33491,
Israel,ISR,2002,6.50013,
Israel,ISR,2003,5.30291,
Israel,ISR,2004,4.6533,
Israel,ISR,2005,4.47623,
Israel,ISR,2006,4.28699,
Israel,ISR,2007,3.76513,
Israel,ISR,2008,3.64467,
Israel,ISR,2009,3.62591,
Israel,ISR,2010,3.37091,
Israel,ISR,2011,3.37673,
Israel,ISR,2012,3.30695,
Israel,ISR,2013,3.112,
Israel,ISR,2014,3.25866,
Israel,ISR,2015,2.90644,
Israel,ISR,2016,3.13092,
Israel,ISR,2017,2.9757,
Israel,ISR,2018,2.73594,
Israel,ISR,2019,2.75849,
Israel,ISR,2020,3.18977,
Israel,ISR,2021,3.32289,
Israel,ISR,2022,3.15331,
Israel,ISR,2023,2.49143,
Italy,ITA,1985,22.17902,
Italy,ITA,1986,22.07293,
Italy,ITA,1987,20.87451,
Italy,ITA,1988,20.23674,
Italy,ITA,1989,19.06756,
Italy,ITA,1990,18.35456,
Italy,ITA,1991,17.97549,
Italy,ITA,1992,17.02292,
Italy,ITA,1993,16.27324,
Italy,ITA,1994,15.48024,
Italy,ITA,1995,15.02636,
Italy,ITA,1996,14.28551,
Italy,ITA,1997,12.75473,
Italy,ITA,1998,12.20545,
Italy,ITA,1999,11.09545,
Italy,ITA,2000,10.62013,
Italy,ITA,2001,10.11808,
Italy,ITA,2002,9.696,
Italy,ITA,2003,8.03722,
Italy,ITA,2004,8.3028,
Italy,ITA,2005,7.97106,
Italy,ITA,2006,7.46513,
Italy,ITA,2007,7.35144,
Italy,ITA,2008,7.3445,
Italy,ITA,2009,7.74394,
Italy,ITA,2010,7.75332,
Italy,ITA,2011,8.05335,
Italy,ITA,2012,8.16372,
Italy,ITA,2013,8.09827,
Italy,ITA,2014,7.76555,
Italy,ITA,2015,7.85804,
Italy,ITA,2016,7.70331,
Italy,ITA,2017,7.79566,
Italy,ITA,2018,7.4765,
Italy,ITA,2019,7.25186,
Italy,ITA,2020,7.64002,
Italy,ITA,2021,7.3608,
Italy,ITA,2022,9.78905,
Italy,ITA,2023,6.47682,
Jamaica,JAM,1985,44.83609,
Jamaica,JAM,1986,45.37061,
Jamaica,JAM,1987,46.18446,
Jamaica,JAM,1988,48.33572,
Jamaica,JAM,1989,50.46366,
Jamaica,JAM,1990,53.64561,
Jamaica,JAM,1991,57.73589,
Jamaica,JAM,1992,62.2804,
Jamaica,JAM,1993,66.90446,
Jamaica,JAM,1994,70.92096,
Jamaica,JAM,1995,73.83316,
Jamaica,JAM,1996,77.03966,
Jamaica,JAM,1997,78.89111,
Jamaica,JAM,1998,80.02021,
Jamaica,JAM,1999,81.2928,
Jamaica,JAM,2000,81.86244,
Jamaica,JAM,2001,82.32536,
Jamaica,JAM,2002,80.84112,
Jamaica,JAM,2003,78.85198,
Jamaica,JAM,2004,77.07226,
Jamaica,JAM,2005,80.63942,
Jamaica,JAM,2006,88.85183,
Jamaica,JAM,2007,88.54986,
Jamaica,JAM,2008,90.95328,
Jamaica,JAM,2009,92.72836,
Jamaica,JAM,2010,94.20798,
Jamaica,JAM,2011,89.41778,
Jamaica,JAM,2012,88.924,
Jamaica,JAM,2013,93.90488,
Jamaica,JAM,2014,99.81889,
Jamaica,JAM,2015,100.26626,
Jamaica,JAM,2016,102.13734,
Jamaica,JAM,2017,105.55131,
Jamaica,JAM,2018,112.23032,
Jamaica,JAM,2019,120.11501,
Jamaica,JAM,2020,126.19424,
Jamaica,JAM,2021,186.25269,
Jamaica,JAM,2022,137.5833,
Jamaica,JAM,2023,130.14276,
Japan,JPN,1985,18.65441,
Japan,JPN,1986,17.79252,
Japan,JPN,1987,16.53884,
Japan,JPN,1988,15.96224,
Japan,JPN,1989,14.93076,
Japan,JPN,1990,14.0781,
Japan,JPN,1991,13.15742,
Japan,JPN,1992,12.54876,
Japan,JPN,1993,11.76072,
Japan,JPN,1994,11.13568,
Japan,JPN,1995,11.40413,
Japan,JPN,1996,10.61819,
Japan,JPN,1997,10.14183,
Japan,JPN,1998,9.86583,
Japan,JPN,1999,9.34218,
Japan,JPN,2000,8.81453,
Japan,JPN,2001,8.25795,
Japan,JPN,2002,7.80103,
Japan,JPN,2003,7.57196,
Japan,JPN,2004,7.3727,
Japan,JPN,2005,7.16224,
Japan,JPN,2006,6.81418,
Japan,JPN,2007,6.47959,
Japan,JPN,2008,6.38733,
Japan,JPN,2009,6.17391,
Japan,JPN,2010,5.94738,
Japan,JPN,2011,5.71159,
Japan,JPN,2012,5.50588,
Japan,JPN,2013,5.36685,
Japan,JPN,2014,5.24771,
Japan,JPN,2015,5.0353,
Japan,JPN,2016,4.92292,
Japan,JPN,2017,4.76101,
Japan,JPN,2018,4.73495,
Japan,JPN,2019,4.6352,
Japan,JPN,2020,4.28598,
Japan,JPN,2021,4.10804,
Japan,JPN,2022,5.33661,
Japan,JPN,2023,3.07828,
Jordan,JOR,1985,99.97745,
Jordan,JOR,1986,92.86945,
Jordan,JOR,1987,87.14858,
Jordan,JOR,1988,82.10904,
Jordan,JOR,1989,78.68283,
Jordan,JOR,1990,71.93836,
Jordan,JOR,1991,73.75556,
Jordan,JOR,1992,72.09427,
Jordan,JOR,1993,70.88362,
Jordan,JOR,1994,70.06806,
Jordan,JOR,1995,69.62595,
Jordan,JOR,1996,68.73585,
Jordan,JOR,1997,67.04315,
Jordan,JOR,1998,65.3337,
Jordan,JOR,1999,63.48048,
Jordan,JOR,2000,61.3651,
Jordan,JOR,2001,59.56622,
Jordan,JOR,2002,57.8299,
Jordan,JOR,2003,56.0996,
Jordan,JOR,2004,54.34871,
Jordan,JOR,2005,52.77321,
Jordan,JOR,2006,48.79102,
Jordan,JOR,2007,50.46783,
Jordan,JOR,2008,49.77721,
Jordan,JOR,2009,48.86492,
Jordan,JOR,2010,48.3312,
Jordan,JOR,2011,47.4305,
Jordan,JOR,2012,47.12728,
Jordan,JOR,2013,43.93752,
Jordan,JOR,2014,42.76169,
Jordan,JOR,2015,41.20859,
Jordan,JOR,2016,40.37616,
Jordan,JOR,2017,38.24158,
Jordan,JOR,2018,36.21832,
Jordan,JOR,2019,34.73841,
Jordan,JOR,2020,40.84673,
Jordan,JOR,2021,78.50705,
Jordan,JOR,2022,35.09614,
Jordan,JOR,2023,30.77896,
Kazakhstan,KAZ,1985,68.42569,
Kazakhstan,KAZ,1986,66.69582,
Kazakhstan,KAZ,1987,66.07399,
Kazakhstan,KAZ,1988,64.98333,
Kazakhstan,KAZ,1989,64.33257,
Kazakhstan,KAZ,1990,63.58906,
Kazakhstan,KAZ,1991,63.85991,
Kazakhstan,KAZ,1992,65.27966,
Kazakhstan,KAZ,1993,67.42766,
Kazakhstan,KAZ,1994,69.8891,
Kazakhstan,KAZ,1995,71.53443,
Kazakhstan,KAZ,1996,71.85136,
Kazakhstan,KAZ,1997,70.75629,
Kazakhstan,KAZ,1998,68.13076,
Kazakhstan,KAZ,1999,62.70667,
Kazakhstan,KAZ,2000,57.90592,
Kazakhstan,KAZ,2001,52.91963,
Kazakhstan,KAZ,2002,48.34696,
Kazakhstan,KAZ,2003,44.51426,
Kazakhstan,KAZ,2004,41.21663,
Kazakhstan,KAZ,2005,37.86807,
Kazakhstan,KAZ,2006,34.81532,
Kazakhstan,KAZ,2007,31.79221,
Kazakhstan,KAZ,2008,28.48643,
Kazakhstan,KAZ,2009,24.80581,
Kazakhstan,KAZ,2010,21.60419,
Kazakhstan,KAZ,2011,18.80604,
Kazakhstan,KAZ,2012,16.52729,
Kazakhstan,KAZ,2013,14.86633,
Kazakhstan,KAZ,2014,13.7028,
Kazakhstan,KAZ,2015,12.76757,
Kazakhstan,KAZ,2016,12.17764,
Kazakhstan,KAZ,2017,11.65053,
Kazakhstan,KAZ,2018,11.33807,
Kazakhstan,KAZ,2019,10.92913,
Kazakhstan,KAZ,2020,17.9111,
Kazakhstan,KAZ,2021,22.68462,
Kazakhstan,KAZ,2022,14.04913,
Kazakhstan,KAZ,2023,9.57878,
Kenya,KEN,1985,636.24304,
Kenya,KEN,1986,613.754,
Kenya,KEN,1987,586.9162,
Kenya,KEN,1988,567.7793,
Kenya,KEN,1989,544.31006,
Kenya,KEN,1990,620.2106,
Kenya,KEN,1991,588.8808,
Kenya,KEN,1992,562.7261,
Kenya,KEN,1993,531.999,
Kenya,KEN,1994,527.4198,
Kenya,KEN,1995,511.71542,
Kenya,KEN,1996,507.36295,
Kenya,KEN,1997,486.4902,
Kenya,KEN,1998,463.8988,
Kenya,KEN,1999,447.78467,
Kenya,KEN,2000,445.12015,
Kenya,KEN,2001,433.37643,
Kenya,KEN,2002,436.41867,
Kenya,KEN,2003,428.7528,
Kenya,KEN,2004,426.03903,
Kenya,KEN,2005,433.57037,
Kenya,KEN,2006,449.63443,
Kenya,KEN,2007,474.91815,
Kenya,KEN,2008,483.96396,
Kenya,KEN,2009,498.30713,
Kenya,KEN,2010,498.38004,
Kenya,KEN,2011,494.75073,
Kenya,KEN,2012,496.62396,
Kenya,KEN,2013,485.11646,
Kenya,KEN,2014,471.91452,
Kenya,KEN,2015,453.3893,
Kenya,KEN,2016,440.934,
Kenya,KEN,2017,427.55692,
Kenya,KEN,2018,427.99847,
Kenya,KEN,2019,414.88358,
Kenya,KEN,2020,421.1587,
Kenya,KEN,2021,420.85373,
Kenya,KEN,2022,388.4454,
Kenya,KEN,2023,378.79578,
Kiribati,KIR,1985,245.91295,
Kiribati,KIR,1986,232.35034,
Kiribati,KIR,1987,231.26018,
Kiribati,KIR,1988,220.27695,
Kiribati,KIR,1989,212.24306,
Kiribati,KIR,1990,198.80272,
Kiribati,KIR,1991,188.20879,
Kiribati,KIR,1992,174.69896,
Kiribati,KIR,1993,162.27245,
Kiribati,KIR,1994,149.71313,
Kiribati,KIR,1995,147.69188,
Kiribati,KIR,1996,141.28018,
Kiribati,KIR,1997,132.43246,
Kiribati,KIR,1998,126.41292,
Kiribati,KIR,1999,121.39151,
Kiribati,KIR,2000,118.50423,
Kiribati,KIR,2001,113.31661,
Kiribati,KIR,2002,109.42319,
Kiribati,KIR,2003,105.48475,
Kiribati,KIR,2004,105.56595,
Kiribati,KIR,2005,103.55336,
Kiribati,KIR,2006,102.33067,
Kiribati,KIR,2007,100.69176,
Kiribati,KIR,2008,100.36603,
Kiribati,KIR,2009,99.08535,
Kiribati,KIR,2010,101.85851,
Kiribati,KIR,2011,98.48149,
Kiribati,KIR,2012,97.64742,
Kiribati,KIR,2013,92.90915,
Kiribati,KIR,2014,91.39924,
Kiribati,KIR,2015,90.38566,
Kiribati,KIR,2016,88.0977,
Kiribati,KIR,2017,89.64068,
Kiribati,KIR,2018,86.87804,
Kiribati,KIR,2019,89.14799,
Kiribati,KIR,2020,88.97304,
Kiribati,KIR,2021,121.73464,
Kiribati,KIR,2022,86.02299,
Kiribati,KIR,2023,79.76224,
Kuwait,KWT,1985,10.92089,
Kuwait,KWT,1986,10.63472,
Kuwait,KWT,1987,10.33624,
Kuwait,KWT,1988,10.18061,
Kuwait,KWT,1989,10.20186,
Kuwait,KWT,1990,16.04511,
Kuwait,KWT,1991,8.01311,
Kuwait,KWT,1992,9.67556,
Kuwait,KWT,1993,10.12289,
Kuwait,KWT,1994,10.26919,
Kuwait,KWT,1995,10.46197,
Kuwait,KWT,1996,10.75084,
Kuwait,KWT,1997,11.07315,
Kuwait,KWT,1998,11.15375,
Kuwait,KWT,1999,11.20416,
Kuwait,KWT,2000,11.24364,
Kuwait,KWT,2001,11.17988,
Kuwait,KWT,2002,10.99496,
Kuwait,KWT,2003,10.8322,
Kuwait,KWT,2004,10.67487,
Kuwait,KWT,2005,10.2042,
Kuwait,KWT,2006,9.82756,
Kuwait,KWT,2007,9.50994,
Kuwait,KWT,2008,9.29454,
Kuwait,KWT,2009,9.07576,
Kuwait,KWT,2010,8.78515,
Kuwait,KWT,2011,8.46613,
Kuwait,KWT,2012,8.38173,
Kuwait,KWT,2013,8.09818,
Kuwait,KWT,2014,8.06933,
Kuwait,KWT,2015,7.86438,
Kuwait,KWT,2016,7.77607,
Kuwait,KWT,2017,7.75141,
Kuwait,KWT,2018,7.50922,
Kuwait,KWT,2019,7.47887,
Kuwait,KWT,2020,32.91985,
Kuwait,KWT,2021,74.75771,
Kuwait,KWT,2022,7.7266,
Kuwait,KWT,2023,7.75309,
Kyrgyzstan,KGZ,1985,81.27083,
Kyrgyzstan,KGZ,1986,76.40998,
Kyrgyzstan,KGZ,1987,73.86538,
Kyrgyzstan,KGZ,1988,73.03021,
Kyrgyzstan,KGZ,1989,71.11429,
Kyrgyzstan,KGZ,1990,71.66995,
Kyrgyzstan,KGZ,1991,71.2292,
Kyrgyzstan,KGZ,1992,73.83029,
Kyrgyzstan,KGZ,1993,78.32688,
Kyrgyzstan,KGZ,1994,87.98992,
Kyrgyzstan,KGZ,1995,91.9385,
Kyrgyzstan,KGZ,1996,91.22551,
Kyrgyzstan,KGZ,1997,84.52845,
Kyrgyzstan,KGZ,1998,78.75345,
Kyrgyzstan,KGZ,1999,74.77629,
Kyrgyzstan,KGZ,2000,71.99438,
Kyrgyzstan,KGZ,2001,72.196,
Kyrgyzstan,KGZ,2002,73.58702,
Kyrgyzstan,KGZ,2003,74.68118,
Kyrgyzstan,KGZ,2004,74.27324,
Kyrgyzstan,KGZ,2005,74.45868,
Kyrgyzstan,KGZ,2006,76.25106,
Kyrgyzstan,KGZ,2007,75.10522,
Kyrgyzstan,KGZ,2008,73.33037,
Kyrgyzstan,KGZ,2009,70.74719,
Kyrgyzstan,KGZ,2010,70.89542,
Kyrgyzstan,KGZ,2011,69.82206,
Kyrgyzstan,KGZ,2012,67.20567,
Kyrgyzstan,KGZ,2013,63.70302,
Kyrgyzstan,KGZ,2014,61.88775,
Kyrgyzstan,KGZ,2015,57.71723,
Kyrgyzstan,KGZ,2016,53.15532,
Kyrgyzstan,KGZ,2017,48.66456,
Kyrgyzstan,KGZ,2018,49.32973,
Kyrgyzstan,KGZ,2019,46.97892,
Kyrgyzstan,KGZ,2020,55.14404,
Kyrgyzstan,KGZ,2021,70.21587,
Kyrgyzstan,KGZ,2022,43.71568,
Kyrgyzstan,KGZ,2023,41.89503,
Laos,LAO,1985,993.5348,
Laos,LAO,1986,962.9547,
Laos,LAO,1987,930.44165,
Laos,LAO,1988,897.9722,
Laos,LAO,1989,855.8411,
Laos,LAO,1990,833.53375,
Laos,LAO,1991,798.09314,
Laos,LAO,1992,780.8639,
Laos,LAO,1993,751.431,
Laos,LAO,1994,741.3995,
Laos,LAO,1995,708.9113,
Laos,LAO,1996,682.3482,
Laos,LAO,1997,660.2499,
Laos,LAO,1998,646.6376,
Laos,LAO,1999,637.8005,
Laos,LAO,2000,609.09454,
Laos,LAO,2001,573.6033,
Laos,LAO,2002,550.3891,
Laos,LAO,2003,524.25397,
Laos,LAO,2004,492.45184,
Laos,LAO,2005,458.3534,
Laos,LAO,2006,431.7554,
Laos,LAO,2007,401.9269,
Laos,LAO,2008,374.42752,
Laos,LAO,2009,336.39575,
Laos,LAO,2010,304.5791,
Laos,LAO,2011,267.3203,
Laos,LAO,2012,240.81827,
Laos,LAO,2013,215.4005,
Laos,LAO,2014,192.8141,
Laos,LAO,2015,179.64726,
Laos,LAO,2016,164.83543,
Laos,LAO,2017,153.65417,
Laos,LAO,2018,144.7914,
Laos,LAO,2019,136.54272,
Laos,LAO,2020,132.00978,
Laos,LAO,2021,138.85213,
Laos,LAO,2022,119.93192,
Laos,LAO,2023,112.15137,
Latvia,LVA,1985,51.32352,
Latvia,LVA,1986,43.03182,
Latvia,LVA,1987,44.17594,
Latvia,LVA,1988,42.48093,
Latvia,LVA,1989,46.40632,
Latvia,LVA,1990,47.20669,
Latvia,LVA,1991,46.04177,
Latvia,LVA,1992,48.32395,
Latvia,LVA,1993,57.07436,
Latvia,LVA,1994,64.63858,
Latvia,LVA,1995,58.83917,
Latvia,LVA,1996,45.22972,
Latvia,LVA,1997,40.83987,
Latvia,LVA,1998,39.99245,
Latvia,LVA,1999,39.5005,
Latvia,LVA,2000,33.63837,
Latvia,LVA,2001,32.42158,
Latvia,LVA,2002,29.30642,
Latvia,LVA,2003,30.26261,
Latvia,LVA,2004,28.0269,
Latvia,LVA,2005,26.68549,
Latvia,LVA,2006,27.60439,
Latvia,LVA,2007,27.4069,
Latvia,LVA,2008,24.64872,
Latvia,LVA,2009,23.99172,
Latvia,LVA,2010,22.22861,
Latvia,LVA,2011,22.36854,
Latvia,LVA,2012,20.47409,
Latvia,LVA,2013,24.16464,
Latvia,LVA,2014,22.24147,
Latvia,LVA,2015,22.05601,
Latvia,LVA,2016,23.26641,
Latvia,LVA,2017,23.10912,
Latvia,LVA,2018,23.13567,
Latvia,LVA,2019,22.09015,
Latvia,LVA,2020,21.09566,
Latvia,LVA,2021,41.67532,
Latvia,LVA,2022,29.28922,
Latvia,LVA,2023,18.71678,
Lebanon,LBN,1985,59.28472,
Lebanon,LBN,1986,57.9065,
Lebanon,LBN,1987,64.92684,
Lebanon,LBN,1988,64.90635,
Lebanon,LBN,1989,49.18754,
Lebanon,LBN,1990,47.92248,
Lebanon,LBN,1991,38.43719,
Lebanon,LBN,1992,35.69635,
Lebanon,LBN,1993,32.74634,
Lebanon,LBN,1994,30.36554,
Lebanon,LBN,1995,28.5838,
Lebanon,LBN,1996,27.68421,
Lebanon,LBN,1997,26.65576,
Lebanon,LBN,1998,25.78913,
Lebanon,LBN,1999,24.82429,
Lebanon,LBN,2000,23.62113,
Lebanon,LBN,2001,22.05506,
Lebanon,LBN,2002,20.59618,
Lebanon,LBN,2003,19.28136,
Lebanon,LBN,2004,18.21029,
Lebanon,LBN,2005,17.28005,
Lebanon,LBN,2006,17.21413,
Lebanon,LBN,2007,15.87527,
Lebanon,LBN,2008,15.47579,
Lebanon,LBN,2009,15.02833,
Lebanon,LBN,2010,14.78868,
Lebanon,LBN,2011,14.53501,
Lebanon,LBN,2012,14.26297,
Lebanon,LBN,2013,13.46714,
Lebanon,LBN,2014,14.14728,
Lebanon,LBN,2015,14.86968,
Lebanon,LBN,2016,14.80749,
Lebanon,LBN,2017,14.88748,
Lebanon,LBN,2018,14.70727,
Lebanon,LBN,2019,14.6366,
Lebanon,LBN,2020,26.99419,
Lebanon,LBN,2021,53.6006,
Lebanon,LBN,2022,15.1107,
Lebanon,LBN,2023,14.97623,
Lesotho,LSO,1985,711.3992,
Lesotho,LSO,1986,680.3669,
Lesotho,LSO,1987,686.33307,
Lesotho,LSO,1988,680.49347,
Lesotho,LSO,1989,679.96484,
Lesotho,LSO,1990,665.1362,
Lesotho,LSO,1991,640.5011,
Lesotho,LSO,1992,600.5306,
Lesotho,LSO,1993,541.72815,
Lesotho,LSO,1994,423.2478,
Lesotho,LSO,1995,356.7298,
Lesotho,LSO,1996,318.6965,
Lesotho,LSO,1997,312.24533,
Lesotho,LSO,1998,332.34586,
Lesotho,LSO,1999,371.1646,
Lesotho,LSO,2000,412.61612,
Lesotho,LSO,2001,464.78464,
Lesotho,LSO,2002,484.126,
Lesotho,LSO,2003,508.23898,
Lesotho,LSO,2004,498.59897,
Lesotho,LSO,2005,549.488,
Lesotho,LSO,2006,696.1898,
Lesotho,LSO,2007,891.42444,
Lesotho,LSO,2008,1205.4609,
Lesotho,LSO,2009,1387.0833,
Lesotho,LSO,2010,1311.0565,
Lesotho,LSO,2011,1209.5295,
Lesotho,LSO,2012,1000.0558,
Lesotho,LSO,2013,854.9236,
Lesotho,LSO,2014,707.14514,
Lesotho,LSO,2015,593.85767,
Lesotho,LSO,2016,517.54236,
Lesotho,LSO,2017,468.27325,
Lesotho,LSO,2018,491.13428,
Lesotho,LSO,2019,467.00803,
Lesotho,LSO,2020,528.7292,
Lesotho,LSO,2021,576.88776,
Lesotho,LSO,2022,476.9258,
Lesotho,LSO,2023,478.02036,
Liberia,LBR,1985,1749.3256,
Liberia,LBR,1986,1677.8348,
Liberia,LBR,1987,1654.8834,
Liberia,LBR,1988,1646.9559,
Liberia,LBR,1989,1633.0068,
Liberia,LBR,1990,2145.5518,
Liberia,LBR,1991,1627.1829,
Liberia,LBR,1992,1642.805,
Liberia,LBR,1993,1709.1545,
Liberia,LBR,1994,1811.0651,
Liberia,LBR,1995,1529.8069,
Liberia,LBR,1996,1438.358,
Liberia,LBR,1997,1042.9728,
Liberia,LBR,1998,962.17236,
Liberia,LBR,1999,851.5464,
Liberia,LBR,2000,785.756,
Liberia,LBR,2001,720.0406,
Liberia,LBR,2002,699.9532,
Liberia,LBR,2003,758.6182,
Liberia,LBR,2004,644.84814,
Liberia,LBR,2005,618.5619,
Liberia,LBR,2006,646.6887,
Liberia,LBR,2007,659.0975,
Liberia,LBR,2008,662.9333,
Liberia,LBR,2009,673.8736,
Liberia,LBR,2010,712.1968,
Liberia,LBR,2011,725.9247,
Liberia,LBR,2012,728.1929,
Liberia,LBR,2013,725.0196,
Liberia,LBR,2014,801.16626,
Liberia,LBR,2015,784.2436,
Liberia,LBR,2016,690.05646,
Liberia,LBR,2017,703.1631,
Liberia,LBR,2018,707.00653,
Liberia,LBR,2019,689.4117,
Liberia,LBR,2020,664.1135,
Liberia,LBR,2021,667.43005,
Liberia,LBR,2022,633.7036,
Liberia,LBR,2023,627.71765,
Libya,LBY,1985,85.8445,
Libya,LBY,1986,81.83391,
Libya,LBY,1987,76.58323,
Libya,LBY,1988,73.8665,
Libya,LBY,1989,70.26951,
Libya,LBY,1990,66.55614,
Libya,LBY,1991,63.71738,
Libya,LBY,1992,61.16876,
Libya,LBY,1993,59.67577,
Libya,LBY,1994,58.98703,
Libya,LBY,1995,59.44237,
Libya,LBY,1996,61.29419,
Libya,LBY,1997,63.59135,
Libya,LBY,1998,66.64487,
Libya,LBY,1999,69.24781,
Libya,LBY,2000,70.98793,
Libya,LBY,2001,70.67026,
Libya,LBY,2002,69.47104,
Libya,LBY,2003,68.0975,
Libya,LBY,2004,66.78986,
Libya,LBY,2005,66.18384,
Libya,LBY,2006,66.33204,
Libya,LBY,2007,67.06258,
Libya,LBY,2008,67.86565,
Libya,LBY,2009,69.84868,
Libya,LBY,2010,70.57275,
Libya,LBY,2011,80.62484,
Libya,LBY,2012,74.03075,
Libya,LBY,2013,74.57214,
Libya,LBY,2014,77.25574,
Libya,LBY,2015,76.11852,
Libya,LBY,2016,74.03941,
Libya,LBY,2017,69.19734,
Libya,LBY,2018,66.42091,
Libya,LBY,2019,64.67242,
Libya,LBY,2020,70.83682,
Libya,LBY,2021,98.30336,
Libya,LBY,2022,60.23006,
Libya,LBY,2023,59.49735,
Lithuania,LTU,1985,34.95649,
Lithuania,LTU,1986,30.15194,
Lithuania,LTU,1987,28.03257,
Lithuania,LTU,1988,28.10784,
Lithuania,LTU,1989,30.92804,
Lithuania,LTU,1990,28.90399,
Lithuania,LTU,1991,29.41331,
Lithuania,LTU,1992,28.40879,
Lithuania,LTU,1993,28.70983,
Lithuania,LTU,1994,30.55485,
Lithuania,LTU,1995,28.26851,
Lithuania,LTU,1996,25.25071,
Lithuania,LTU,1997,20.57925,
Lithuania,LTU,1998,19.48511,
Lithuania,LTU,1999,17.78034,
Lithuania,LTU,2000,15.9291,
Lithuania,LTU,2001,15.79649,
Lithuania,LTU,2002,13.70421,
Lithuania,LTU,2003,14.0346,
Lithuania,LTU,2004,12.34503,
Lithuania,LTU,2005,13.21568,
Lithuania,LTU,2006,13.80128,
Lithuania,LTU,2007,13.69697,
Lithuania,LTU,2008,12.62571,
Lithuania,LTU,2009,10.74772,
Lithuania,LTU,2010,10.2988,
Lithuania,LTU,2011,10.4568,
Lithuania,LTU,2012,10.03891,
Lithuania,LTU,2013,10.0415,
Lithuania,LTU,2014,9.11587,
Lithuania,LTU,2015,9.87794,
Lithuania,LTU,2016,9.2688,
Lithuania,LTU,2017,9.71197,
Lithuania,LTU,2018,9.00776,
Lithuania,LTU,2019,8.90376,
Lithuania,LTU,2020,8.10758,
Lithuania,LTU,2021,9.30984,
Lithuania,LTU,2022,9.41284,
Lithuania,LTU,2023,7.67441,
Luxembourg,LUX,1985,24.03211,
Luxembourg,LUX,1986,24.31544,
Luxembourg,LUX,1987,22.50397,
Luxembourg,LUX,1988,24.10592,
Luxembourg,LUX,1989,21.01685,
Luxembourg,LUX,1990,23.93566,
Luxembourg,LUX,1991,25.12562,
Luxembourg,LUX,1992,25.65203,
Luxembourg,LUX,1993,20.45588,
Luxembourg,LUX,1994,19.63624,
Luxembourg,LUX,1995,22.39096,
Luxembourg,LUX,1996,23.14681,
Luxembourg,LUX,1997,22.2276,
Luxembourg,LUX,1998,17.78281,
Luxembourg,LUX,1999,21.36307,
Luxembourg,LUX,2000,17.57827,
Luxembourg,LUX,2001,18.72515,
Luxembourg,LUX,2002,17.11708,
Luxembourg,LUX,2003,14.52577,
Luxembourg,LUX,2004,16.67694,
Luxembourg,LUX,2005,16.6576,
Luxembourg,LUX,2006,16.23438,
Luxembourg,LUX,2007,13.56569,
Luxembourg,LUX,2008,13.12175,
Luxembourg,LUX,2009,15.44752,
Luxembourg,LUX,2010,16.8151,
Luxembourg,LUX,2011,13.46078,
Luxembourg,LUX,2012,13.23659,
Luxembourg,LUX,2013,15.56389,
Luxembourg,LUX,2014,13.10833,
Luxembourg,LUX,2015,13.0221,
Luxembourg,LUX,2016,13.37579,
Luxembourg,LUX,2017,15.35656,
Luxembourg,LUX,2018,9.51567,
Luxembourg,LUX,2019,12.63998,
Luxembourg,LUX,2020,6.02227,
Luxembourg,LUX,2021,6.04371,
Luxembourg,LUX,2022,6.11139,
Luxembourg,LUX,2023,11.68882,
Madagascar,MDG,1985,750.6675,
Madagascar,MDG,1986,730.31476,
Madagascar,MDG,1987,702.35693,
Madagascar,MDG,1988,686.6977,
Madagascar,MDG,1989,684.1943,
Madagascar,MDG,1990,691.5458,
Madagascar,MDG,1991,691.0914,
Madagascar,MDG,1992,698.90234,
Madagascar,MDG,1993,688.00885,
Madagascar,MDG,1994,687.7564,
Madagascar,MDG,1995,684.2684,
Madagascar,MDG,1996,679.7191,
Madagascar,MDG,1997,675.5017,
Madagascar,MDG,1998,662.8997,
Madagascar,MDG,1999,647.05615,
Madagascar,MDG,2000,638.2806,
Madagascar,MDG,2001,610.7078,
Madagascar,MDG,2002,592.55066,
Madagascar,MDG,2003,570.9189,
Madagascar,MDG,2004,554.84955,
Madagascar,MDG,2005,540.24304,
Madagascar,MDG,2006,527.7089,
Madagascar,MDG,2007,521.7292,
Madagascar,MDG,2008,510.31848,
Madagascar,MDG,2009,507.00195,
Madagascar,MDG,2010,499.55954,
Madagascar,MDG,2011,491.54642,
Madagascar,MDG,2012,486.94144,
Madagascar,MDG,2013,481.23788,
Madagascar,MDG,2014,477.1834,
Madagascar,MDG,2015,473.88666,
Madagascar,MDG,2016,469.8805,
Madagascar,MDG,2017,468.6632,
Madagascar,MDG,2018,465.69452,
Madagascar,MDG,2019,462.12296,
Madagascar,MDG,2020,447.3924,
Madagascar,MDG,2021,466.74048,
Madagascar,MDG,2022,438.69034,
Madagascar,MDG,2023,445.42902,
Malawi,MWI,1985,1115.3871,
Malawi,MWI,1986,1118.4464,
Malawi,MWI,1987,1122.7867,
Malawi,MWI,1988,1154.0903,
Malawi,MWI,1989,1135.8213,
Malawi,MWI,1990,1112.2151,
Malawi,MWI,1991,1079.753,
Malawi,MWI,1992,1042.0259,
Malawi,MWI,1993,1000.13446,
Malawi,MWI,1994,912.40247,
Malawi,MWI,1995,782.0047,
Malawi,MWI,1996,713.3132,
Malawi,MWI,1997,672.28064,
Malawi,MWI,1998,657.64124,
Malawi,MWI,1999,575.53564,
Malawi,MWI,2000,506.35007,
Malawi,MWI,2001,446.7751,
Malawi,MWI,2002,404.01895,
Malawi,MWI,2003,345.69376,
Malawi,MWI,2004,303.67734,
Malawi,MWI,2005,283.4558,
Malawi,MWI,2006,285.8136,
Malawi,MWI,2007,333.041,
Malawi,MWI,2008,429.5691,
Malawi,MWI,2009,511.69116,
Malawi,MWI,2010,516.99786,
Malawi,MWI,2011,486.05835,
Malawi,MWI,2012,446.7939,
Malawi,MWI,2013,410.1349,
Malawi,MWI,2014,367.29642,
Malawi,MWI,2015,353.83203,
Malawi,MWI,2016,311.83267,
Malawi,MWI,2017,283.85596,
Malawi,MWI,2018,267.41064,
Malawi,MWI,2019,259.55106,
Malawi,MWI,2020,256.44928,
Malawi,MWI,2021,285.70157,
Malawi,MWI,2022,238.95775,
Malawi,MWI,2023,224.95015,
Malaysia,MYS,1985,62.68445,
Malaysia,MYS,1986,59.12488,
Malaysia,MYS,1987,56.10282,
Malaysia,MYS,1988,54.50755,
Malaysia,MYS,1989,52.43775,
Malaysia,MYS,1990,51.00004,
Malaysia,MYS,1991,49.28326,
Malaysia,MYS,1992,47.64201,
Malaysia,MYS,1993,45.99341,
Malaysia,MYS,1994,43.99221,
Malaysia,MYS,1995,42.8951,
Malaysia,MYS,1996,41.99097,
Malaysia,MYS,1997,40.36135,
Malaysia,MYS,1998,39.07139,
Malaysia,MYS,1999,38.4972,
Malaysia,MYS,2000,37.26516,
Malaysia,MYS,2001,35.85579,
Malaysia,MYS,2002,34.42907,
Malaysia,MYS,2003,33.55886,
Malaysia,MYS,2004,32.59775,
Malaysia,MYS,2005,31.35878,
Malaysia,MYS,2006,30.41199,
Malaysia,MYS,2007,29.79434,
Malaysia,MYS,2008,29.46221,
Malaysia,MYS,2009,29.24519,
Malaysia,MYS,2010,28.93778,
Malaysia,MYS,2011,28.84643,
Malaysia,MYS,2012,28.74949,
Malaysia,MYS,2013,29.01168,
Malaysia,MYS,2014,29.62196,
Malaysia,MYS,2015,29.82129,
Malaysia,MYS,2016,29.59486,
Malaysia,MYS,2017,29.31702,
Malaysia,MYS,2018,28.93194,
Malaysia,MYS,2019,28.47785,
Malaysia,MYS,2020,28.6768,
Malaysia,MYS,2021,52.14544,
Malaysia,MYS,2022,37.59127,
Malaysia,MYS,2023,26.37991,
Maldives,MDV,1985,552.34985,
Maldives,MDV,1986,507.5266,
Maldives,MDV,1987,470.93207,
Maldives,MDV,1988,423.78085,
Maldives,MDV,1989,381.39334,
Maldives,MDV,1990,346.15833,
Maldives,MDV,1991,310.0102,
Maldives,MDV,1992,280.9906,
Maldives,MDV,1993,250.79456,
Maldives,MDV,1994,222.32123,
Maldives,MDV,1995,191.29666,
Maldives,MDV,1996,167.49925,
Maldives,MDV,1997,149.08304,
Maldives,MDV,1998,136.4093,
Maldives,MDV,1999,110.97856,
Maldives,MDV,2000,93.63796,
Maldives,MDV,2001,80.906,
Maldives,MDV,2002,76.35977,
Maldives,MDV,2003,70.28459,
Maldives,MDV,2004,64.84808,
Maldives,MDV,2005,54.3059,
Maldives,MDV,2006,52.41614,
Maldives,MDV,2007,50.56586,
Maldives,MDV,2008,53.00442,
Maldives,MDV,2009,52.2611,
Maldives,MDV,2010,49.15596,
Maldives,MDV,2011,48.2405,
Maldives,MDV,2012,47.28601,
Maldives,MDV,2013,47.43601,
Maldives,MDV,2014,42.67413,
Maldives,MDV,2015,40.88225,
Maldives,MDV,2016,40.97458,
Maldives,MDV,2017,41.1487,
Maldives,MDV,2018,39.52019,
Maldives,MDV,2019,39.42199,
Maldives,MDV,2020,47.58409,
Maldives,MDV,2021,60.0576,
Maldives,MDV,2022,34.32716,
Maldives,MDV,2023,31.82444,
Mali,MLI,1985,1217.1362,
Mali,MLI,1986,1183.8771,
Mali,MLI,1987,1141.9862,
Mali,MLI,1988,1127.7657,
Mali,MLI,1989,1105.7681,
Mali,MLI,1990,1087.4081,
Mali,MLI,1991,1063.1713,
Mali,MLI,1992,1024.1884,
Mali,MLI,1993,987.50745,
Mali,MLI,1994,935.0296,
Mali,MLI,1995,895.4662,
Mali,MLI,1996,874.87665,
Mali,MLI,1997,820.466,
Mali,MLI,1998,781.1896,
Mali,MLI,1999,749.20276,
Mali,MLI,2000,741.2467,
Mali,MLI,2001,693.59064,
Mali,MLI,2002,649.22015,
Mali,MLI,2003,615.6746,
Mali,MLI,2004,591.70917,
Mali,MLI,2005,577.30396,
Mali,MLI,2006,567.6552,
Mali,MLI,2007,574.4597,
Mali,MLI,2008,572.54974,
Mali,MLI,2009,565.26514,
Mali,MLI,2010,557.82874,
Mali,MLI,2011,553.2613,
Mali,MLI,2012,549.0358,
Mali,MLI,2013,525.2186,
Mali,MLI,2014,506.80316,
Mali,MLI,2015,489.717,
Mali,MLI,2016,471.7054,
Mali,MLI,2017,453.03268,
Mali,MLI,2018,434.27515,
Mali,MLI,2019,415.95786,
Mali,MLI,2020,404.70224,
Mali,MLI,2021,414.56714,
Mali,MLI,2022,381.04617,
Mali,MLI,2023,367.33148,
Malta,MLT,1985,21.00129,
Malta,MLT,1986,19.31695,
Malta,MLT,1987,18.9787,
Malta,MLT,1988,17.09929,
Malta,MLT,1989,17.18843,
Malta,MLT,1990,17.36959,
Malta,MLT,1991,16.68323,
Malta,MLT,1992,16.75592,
Malta,MLT,1993,16.48563,
Malta,MLT,1994,15.92377,
Malta,MLT,1995,15.1139,
Malta,MLT,1996,15.99172,
Malta,MLT,1997,15.2614,
Malta,MLT,1998,13.91751,
Malta,MLT,1999,15.46754,
Malta,MLT,2000,12.64875,
Malta,MLT,2001,12.17126,
Malta,MLT,2002,13.165,
Malta,MLT,2003,13.22216,
Malta,MLT,2004,11.03887,
Malta,MLT,2005,11.04235,
Malta,MLT,2006,12.19134,
Malta,MLT,2007,10.28845,
Malta,MLT,2008,9.88038,
Malta,MLT,2009,10.62272,
Malta,MLT,2010,8.57566,
Malta,MLT,2011,10.51744,
Malta,MLT,2012,9.3461,
Malta,MLT,2013,7.44593,
Malta,MLT,2014,8.16613,
Malta,MLT,2015,7.04657,
Malta,MLT,2016,9.58558,
Malta,MLT,2017,7.36046,
Malta,MLT,2018,8.93773,
Malta,MLT,2019,8.47909,
Malta,MLT,2020,9.97489,
Malta,MLT,2021,9.88831,
Malta,MLT,2022,9.81516,
Malta,MLT,2023,8.39304,
Marshall Islands,MHL,1985,254.23518,
Marshall Islands,MHL,1986,273.8423,
Marshall Islands,MHL,1987,282.46588,
Marshall Islands,MHL,1988,275.56577,
Marshall Islands,MHL,1989,298.73886,
Marshall Islands,MHL,1990,310.99692,
Marshall Islands,MHL,1991,296.65952,
Marshall Islands,MHL,1992,322.2328,
Marshall Islands,MHL,1993,319.76373,
Marshall Islands,MHL,1994,302.90793,
Marshall Islands,MHL,1995,303.13474,
Marshall Islands,MHL,1996,291.62473,
Marshall Islands,MHL,1997,273.51346,
Marshall Islands,MHL,1998,259.0931,
Marshall Islands,MHL,1999,249.9101,
Marshall Islands,MHL,2000,250.65323,
Marshall Islands,MHL,2001,230.55078,
Marshall Islands,MHL,2002,222.92503,
Marshall Islands,MHL,2003,221.31065,
Marshall Islands,MHL,2004,237.78775,
Marshall Islands,MHL,2005,233.92082,
Marshall Islands,MHL,2006,232.76035,
Marshall Islands,MHL,2007,228.96931,
Marshall Islands,MHL,2008,226.06293,
Marshall Islands,MHL,2009,223.60776,
Marshall Islands,MHL,2010,211.87335,
Marshall Islands,MHL,2011,209.31177,
Marshall Islands,MHL,2012,206.96516,
Marshall Islands,MHL,2013,200.72105,
Marshall Islands,MHL,2014,199.45929,
Marshall Islands,MHL,2015,183.79701,
Marshall Islands,MHL,2016,183.49446,
Marshall Islands,MHL,2017,179.12498,
Marshall Islands,MHL,2018,167.21693,
Marshall Islands,MHL,2019,167.93625,
Marshall Islands,MHL,2020,177.63264,
Marshall Islands,MHL,2021,205.55028,
Marshall Islands,MHL,2022,173.51651,
Marshall Islands,MHL,2023,154.78926,
Mauritania,MRT,1985,997.5313,
Mauritania,MRT,1986,961.4368,
Mauritania,MRT,1987,913.8171,
Mauritania,MRT,1988,886.6471,
Mauritania,MRT,1989,883.29,
Mauritania,MRT,1990,858.2668,
Mauritania,MRT,1991,844.82104,
Mauritania,MRT,1992,810.8154,
Mauritania,MRT,1993,813.09393,
Mauritania,MRT,1994,809.3175,
Mauritania,MRT,1995,814.99945,
Mauritania,MRT,1996,812.68054,
Mauritania,MRT,1997,751.80725,
Mauritania,MRT,1998,697.55164,
Mauritania,MRT,1999,668.55646,
Mauritania,MRT,2000,644.1167,
Mauritania,MRT,2001,616.41833,
Mauritania,MRT,2002,589.672,
Mauritania,MRT,2003,571.37384,
Mauritania,MRT,2004,557.2116,
Mauritania,MRT,2005,535.6517,
Mauritania,MRT,2006,520.8811,
Mauritania,MRT,2007,516.4277,
Mauritania,MRT,2008,505.94034,
Mauritania,MRT,2009,499.6839,
Mauritania,MRT,2010,499.23123,
Mauritania,MRT,2011,493.5581,
Mauritania,MRT,2012,496.19736,
Mauritania,MRT,2013,495.89282,
Mauritania,MRT,2014,483.62518,
Mauritania,MRT,2015,469.155,
Mauritania,MRT,2016,455.9667,
Mauritania,MRT,2017,449.91156,
Mauritania,MRT,2018,437.1696,
Mauritania,MRT,2019,423.59055,
Mauritania,MRT,2020,412.89212,
Mauritania,MRT,2021,425.3389,
Mauritania,MRT,2022,385.14282,
Mauritania,MRT,2023,381.05408,
Mauritius,MUS,1985,110.88177,
Mauritius,MUS,1986,106.33524,
Mauritius,MUS,1987,102.50585,
Mauritius,MUS,1988,92.70381,
Mauritius,MUS,1989,84.73858,
Mauritius,MUS,1990,77.48682,
Mauritius,MUS,1991,74.79479,
Mauritius,MUS,1992,72.86187,
Mauritius,MUS,1993,70.14197,
Mauritius,MUS,1994,63.27513,
Mauritius,MUS,1995,55.45234,
Mauritius,MUS,1996,51.62455,
Mauritius,MUS,1997,49.28538,
Mauritius,MUS,1998,47.89158,
Mauritius,MUS,1999,46.01328,
Mauritius,MUS,2000,43.34112,
Mauritius,MUS,2001,42.05341,
Mauritius,MUS,2002,41.98473,
Mauritius,MUS,2003,41.95996,
Mauritius,MUS,2004,42.71363,
Mauritius,MUS,2005,43.28131,
Mauritius,MUS,2006,44.7308,
Mauritius,MUS,2007,45.80363,
Mauritius,MUS,2008,47.73689,
Mauritius,MUS,2009,51.17138,
Mauritius,MUS,2010,52.55189,
Mauritius,MUS,2011,54.97622,
Mauritius,MUS,2012,54.56368,
Mauritius,MUS,2013,58.1218,
Mauritius,MUS,2014,60.34938,
Mauritius,MUS,2015,61.48437,
Mauritius,MUS,2016,62.39713,
Mauritius,MUS,2017,65.98689,
Mauritius,MUS,2018,66.63662,
Mauritius,MUS,2019,67.15215,
Mauritius,MUS,2020,58.11272,
Mauritius,MUS,2021,79.99165,
Mauritius,MUS,2022,60.57355,
Mauritius,MUS,2023,65.90151,
Mexico,MEX,1985,106.97556,
Mexico,MEX,1986,99.53261,
Mexico,MEX,1987,92.66971,
Mexico,MEX,1988,88.12454,
Mexico,MEX,1989,84.83008,
Mexico,MEX,1990,80.64151,
Mexico,MEX,1991,76.72336,
Mexico,MEX,1992,73.11703,
Mexico,MEX,1993,70.72743,
Mexico,MEX,1994,68.83062,
Mexico,MEX,1995,66.29823,
Mexico,MEX,1996,64.20372,
Mexico,MEX,1997,62.33537,
Mexico,MEX,1998,60.38859,
Mexico,MEX,1999,58.1676,
Mexico,MEX,2000,56.39246,
Mexico,MEX,2001,55.3538,
Mexico,MEX,2002,54.96576,
Mexico,MEX,2003,54.03961,
Mexico,MEX,2004,53.06311,
Mexico,MEX,2005,51.64543,
Mexico,MEX,2006,50.60049,
Mexico,MEX,2007,49.59504,
Mexico,MEX,2008,50.63943,
Mexico,MEX,2009,50.60608,
Mexico,MEX,2010,49.73802,
Mexico,MEX,2011,47.28058,
Mexico,MEX,2012,45.78834,
Mexico,MEX,2013,44.95863,
Mexico,MEX,2014,43.70399,
Mexico,MEX,2015,43.15536,
Mexico,MEX,2016,43.15522,
Mexico,MEX,2017,43.93981,
Mexico,MEX,2018,44.00298,
Mexico,MEX,2019,43.33916,
Mexico,MEX,2020,61.48252,
Mexico,MEX,2021,103.87792,
Mexico,MEX,2022,45.44723,
Mexico,MEX,2023,42.10605,
Micronesia (country),FSM,1985,223.51208,
Micronesia (country),FSM,1986,217.2129,
Micronesia (country),FSM,1987,224.44528,
Micronesia (country),FSM,1988,218.7754,
Micronesia (country),FSM,1989,210.668,
Micronesia (country),FSM,1990,209.02338,
Micronesia (country),FSM,1991,207.5177,
Micronesia (country),FSM,1992,205.20863,
Micronesia (country),FSM,1993,204.17438,
Micronesia (country),FSM,1994,199.59453,
Micronesia (country),FSM,1995,204.49496,
Micronesia (country),FSM,1996,204.44147,
Micronesia (country),FSM,1997,200.6665,
Micronesia (country),FSM,1998,202.8675,
Micronesia (country),FSM,1999,200.21182,
Micronesia (country),FSM,2000,203.94019,
Micronesia (country),FSM,2001,195.75069,
Micronesia (country),FSM,2002,213.5877,
Micronesia (country),FSM,2003,190.79424,
Micronesia (country),FSM,2004,190.4666,
Micronesia (country),FSM,2005,188.39127,
Micronesia (country),FSM,2006,189.90912,
Micronesia (country),FSM,2007,187.60242,
Micronesia (country),FSM,2008,187.61487,
Micronesia (country),FSM,2009,186.18701,
Micronesia (country),FSM,2010,184.30652,
Micronesia (country),FSM,2011,180.5236,
Micronesia (country),FSM,2012,180.10255,
Micronesia (country),FSM,2013,181.1283,
Micronesia (country),FSM,2014,177.50203,
Micronesia (country),FSM,2015,181.91965,
Micronesia (country),FSM,2016,172.57527,
Micronesia (country),FSM,2017,170.57463,
Micronesia (country),FSM,2018,163.46101,
Micronesia (country),FSM,2019,153.8577,
Micronesia (country),FSM,2020,150.28299,
Micronesia (country),FSM,2021,155.44073,
Micronesia (country),FSM,2022,143.84691,
Micronesia (country),FSM,2023,128.75348,
Moldova,MDA,1985,62.46303,
Moldova,MDA,1986,59.53345,
Moldova,MDA,1987,55.85044,
Moldova,MDA,1988,53.15673,
Moldova,MDA,1989,52.07853,
Moldova,MDA,1990,52.89579,
Moldova,MDA,1991,52.98626,
Moldova,MDA,1992,54.82952,
Moldova,MDA,1993,55.09265,
Moldova,MDA,1994,55.62949,
Moldova,MDA,1995,54.26125,
Moldova,MDA,1996,53.39966,
Moldova,MDA,1997,51.79919,
Moldova,MDA,1998,47.54165,
Moldova,MDA,1999,42.67829,
Moldova,MDA,2000,38.26972,
Moldova,MDA,2001,34.51239,
Moldova,MDA,2002,31.43742,
Moldova,MDA,2003,29.19358,
Moldova,MDA,2004,27.74979,
Moldova,MDA,2005,26.3741,
Moldova,MDA,2006,25.20781,
Moldova,MDA,2007,24.35107,
Moldova,MDA,2008,23.23807,
Moldova,MDA,2009,21.91423,
Moldova,MDA,2010,20.15396,
Moldova,MDA,2011,19.04115,
Moldova,MDA,2012,18.60263,
Moldova,MDA,2013,18.75318,
Moldova,MDA,2014,19.55936,
Moldova,MDA,2015,20.39393,
Moldova,MDA,2016,20.60342,
Moldova,MDA,2017,20.18174,
Moldova,MDA,2018,20.20726,
Moldova,MDA,2019,20.58362,
Moldova,MDA,2020,28.51011,
Moldova,MDA,2021,24.24679,
Moldova,MDA,2022,19.07588,
Moldova,MDA,2023,18.67839,
Monaco,MCO,1985,29.00042,
Monaco,MCO,1986,17.18575,
Monaco,MCO,1987,16.8883,
Monaco,MCO,1988,16.4691,
Monaco,MCO,1989,16.01976,
Monaco,MCO,1990,15.64673,
Monaco,MCO,1991,15.3372,
Monaco,MCO,1992,15.18258,
Monaco,MCO,1993,10.08481,
Monaco,MCO,1994,10.06196,
Monaco,MCO,1995,10.06282,
Monaco,MCO,1996,10.0406,
Monaco,MCO,1997,10.00549,
Monaco,MCO,1998,10.049,
Monaco,MCO,1999,10.10706,
Monaco,MCO,2000,10.18872,
Monaco,MCO,2001,10.36441,
Monaco,MCO,2002,10.25784,
Monaco,MCO,2003,5.1189,
Monaco,MCO,2004,5.16573,
Monaco,MCO,2005,5.15542,
Monaco,MCO,2006,5.15439,
Monaco,MCO,2007,10.40706,
Monaco,MCO,2008,10.56595,
Monaco,MCO,2009,10.52301,
Monaco,MCO,2010,10.63792,
Monaco,MCO,2011,10.55121,
Monaco,MCO,2012,5.29035,
Monaco,MCO,2013,5.30999,
Monaco,MCO,2014,5.41487,
Monaco,MCO,2015,5.43692,
Monaco,MCO,2016,5.52532,
Monaco,MCO,2017,5.45052,
Monaco,MCO,2018,5.52895,
Monaco,MCO,2019,5.56207,
Monaco,MCO,2020,23.63592,
Monaco,MCO,2021,5.47441,
Monaco,MCO,2022,5.3102,
Monaco,MCO,2023,5.2201,
Mongolia,MNG,1985,351.87903,
Mongolia,MNG,1986,345.97528,
Mongolia,MNG,1987,341.37497,
Mongolia,MNG,1988,335.3283,
Mongolia,MNG,1989,310.55942,
Mongolia,MNG,1990,276.37122,
Mongolia,MNG,1991,227.24231,
Mongolia,MNG,1992,198.72562,
Mongolia,MNG,1993,181.2268,
Mongolia,MNG,1994,178.35095,
Mongolia,MNG,1995,176.44649,
Mongolia,MNG,1996,178.4067,
Mongolia,MNG,1997,179.91463,
Mongolia,MNG,1998,174.28871,
Mongolia,MNG,1999,161.84608,
Mongolia,MNG,2000,143.90363,
Mongolia,MNG,2001,129.8066,
Mongolia,MNG,2002,119.77228,
Mongolia,MNG,2003,113.92432,
Mongolia,MNG,2004,107.83407,
Mongolia,MNG,2005,99.15442,
Mongolia,MNG,2006,89.97532,
Mongolia,MNG,2007,81.29675,
Mongolia,MNG,2008,77.13513,
Mongolia,MNG,2009,74.62361,
Mongolia,MNG,2010,71.41092,
Mongolia,MNG,2011,67.2642,
Mongolia,MNG,2012,62.64257,
Mongolia,MNG,2013,58.85377,
Mongolia,MNG,2014,56.2346,
Mongolia,MNG,2015,51.87235,
Mongolia,MNG,2016,48.12729,
Mongolia,MNG,2017,45.43285,
Mongolia,MNG,2018,44.58727,
Mongolia,MNG,2019,44.81787,
Mongolia,MNG,2020,46.82396,
Mongolia,MNG,2021,63.32941,
Mongolia,MNG,2022,41.22209,
Mongolia,MNG,2023,40.51441,
Montenegro,MNE,1985,11.21837,
Montenegro,MNE,1986,10.64998,
Montenegro,MNE,1987,10.40857,
Montenegro,MNE,1988,10.49676,
Montenegro,MNE,1989,10.2749,
Montenegro,MNE,1990,10.39945,
Montenegro,MNE,1991,10.61566,
Montenegro,MNE,1992,10.89401,
Montenegro,MNE,1993,10.86944,
Montenegro,MNE,1994,11.24419,
Montenegro,MNE,1995,11.46837,
Montenegro,MNE,1996,11.80828,
Montenegro,MNE,1997,11.91502,
Montenegro,MNE,1998,11.66053,
Montenegro,MNE,1999,11.67575,
Montenegro,MNE,2000,11.32872,
Montenegro,MNE,2001,10.85544,
Montenegro,MNE,2002,10.15995,
Montenegro,MNE,2003,10.01238,
Montenegro,MNE,2004,9.26611,
Montenegro,MNE,2005,8.39416,
Montenegro,MNE,2006,8.03252,
Montenegro,MNE,2007,7.98634,
Montenegro,MNE,2008,7.66636,
Montenegro,MNE,2009,7.55159,
Montenegro,MNE,2010,7.39175,
Montenegro,MNE,2011,7.21669,
Montenegro,MNE,2012,6.97358,
Montenegro,MNE,2013,7.0749,
Montenegro,MNE,2014,6.77844,
Montenegro,MNE,2015,6.95236,
Montenegro,MNE,2016,6.02556,
Montenegro,MNE,2017,7.38949,
Montenegro,MNE,2018,6.7576,
Montenegro,MNE,2019,6.37307,
Montenegro,MNE,2020,14.73917,
Montenegro,MNE,2021,14.64486,
Montenegro,MNE,2022,13.05405,
Montenegro,MNE,2023,5.83283,
Morocco,MAR,1985,752.1258,
Morocco,MAR,1986,697.04425,
Morocco,MAR,1987,649.78503,
Morocco,MAR,1988,602.489,
Morocco,MAR,1989,559.2454,
Morocco,MAR,1990,522.12366,
Morocco,MAR,1991,490.03726,
Morocco,MAR,1992,458.1716,
Morocco,MAR,1993,428.46628,
Morocco,MAR,1994,401.06296,
Morocco,MAR,1995,378.41754,
Morocco,MAR,1996,354.39047,
Morocco,MAR,1997,333.44266,
Morocco,MAR,1998,313.066,
Morocco,MAR,1999,291.0907,
Morocco,MAR,2000,271.39725,
Morocco,MAR,2001,254.091,
Morocco,MAR,2002,238.0678,
Morocco,MAR,2003,224.18013,
Morocco,MAR,2004,213.25595,
Morocco,MAR,2005,196.4898,
Morocco,MAR,2006,182.3823,
Morocco,MAR,2007,169.27818,
Morocco,MAR,2008,158.17421,
Morocco,MAR,2009,148.33351,
Morocco,MAR,2010,140.10773,
Morocco,MAR,2011,130.19186,
Morocco,MAR,2012,121.03357,
Morocco,MAR,2013,112.61122,
Morocco,MAR,2014,105.71759,
Morocco,MAR,2015,99.65204,
Morocco,MAR,2016,94.25251,
Morocco,MAR,2017,88.09191,
Morocco,MAR,2018,83.13175,
Morocco,MAR,2019,79.21254,
Morocco,MAR,2020,81.33571,
Morocco,MAR,2021,92.06035,
Morocco,MAR,2022,71.22582,
Morocco,MAR,2023,69.76916,
Mozambique,MOZ,1985,1411.7185,
Mozambique,MOZ,1986,1322.9341,
Mozambique,MOZ,1987,1317.8888,
Mozambique,MOZ,1988,1233.7761,
Mozambique,MOZ,1989,1189.4427,
Mozambique,MOZ,1990,1134.4894,
Mozambique,MOZ,1991,1077.0884,
Mozambique,MOZ,1992,1030.6062,
Mozambique,MOZ,1993,951.0066,
Mozambique,MOZ,1994,885.0731,
Mozambique,MOZ,1995,865.4018,
Mozambique,MOZ,1996,802.54663,
Mozambique,MOZ,1997,719.0591,
Mozambique,MOZ,1998,673.34814,
Mozambique,MOZ,1999,603.0723,
Mozambique,MOZ,2000,525.41315,
Mozambique,MOZ,2001,450.41968,
Mozambique,MOZ,2002,375.1564,
Mozambique,MOZ,2003,338.08408,
Mozambique,MOZ,2004,300.19656,
Mozambique,MOZ,2005,279.28833,
Mozambique,MOZ,2006,274.14548,
Mozambique,MOZ,2007,296.7699,
Mozambique,MOZ,2008,328.39435,
Mozambique,MOZ,2009,312.7203,
Mozambique,MOZ,2010,271.0672,
Mozambique,MOZ,2011,236.57222,
Mozambique,MOZ,2012,191.04987,
Mozambique,MOZ,2013,169.90538,
Mozambique,MOZ,2014,179.70657,
Mozambique,MOZ,2015,182.45146,
Mozambique,MOZ,2016,169.82497,
Mozambique,MOZ,2017,155.79584,
Mozambique,MOZ,2018,132.49019,
Mozambique,MOZ,2019,111.39326,
Mozambique,MOZ,2020,110.246,
Mozambique,MOZ,2021,160.58316,
Mozambique,MOZ,2022,92.75864,
Mozambique,MOZ,2023,82.21794,
Myanmar,MMR,1985,674.22534,
Myanmar,MMR,1986,652.1148,
Myanmar,MMR,1987,631.11615,
Myanmar,MMR,1988,615.70013,
Myanmar,MMR,1989,602.56195,
Myanmar,MMR,1990,585.617,
Myanmar,MMR,1991,566.4721,
Myanmar,MMR,1992,542.1928,
Myanmar,MMR,1993,521.60986,
Myanmar,MMR,1994,497.5414,
Myanmar,MMR,1995,472.3412,
Myanmar,MMR,1996,442.18845,
Myanmar,MMR,1997,416.3211,
Myanmar,MMR,1998,398.34106,
Myanmar,MMR,1999,387.7999,
Myanmar,MMR,2000,374.92752,
Myanmar,MMR,2001,361.47913,
Myanmar,MMR,2002,346.5184,
Myanmar,MMR,2003,335.00943,
Myanmar,MMR,2004,323.6279,
Myanmar,MMR,2005,311.54758,
Myanmar,MMR,2006,300.80844,
Myanmar,MMR,2007,290.4669,
Myanmar,MMR,2008,285.78406,
Myanmar,MMR,2009,268.4586,
Myanmar,MMR,2010,259.09937,
Myanmar,MMR,2011,248.54788,
Myanmar,MMR,2012,242.8506,
Myanmar,MMR,2013,236.86836,
Myanmar,MMR,2014,227.5465,
Myanmar,MMR,2015,221.54979,
Myanmar,MMR,2016,215.23624,
Myanmar,MMR,2017,209.06783,
Myanmar,MMR,2018,200.94518,
Myanmar,MMR,2019,194.91335,
Myanmar,MMR,2020,198.19867,
Myanmar,MMR,2021,231.31671,
Myanmar,MMR,2022,192.89107,
Myanmar,MMR,2023,184.63515,
Namibia,NAM,1985,354.07596,
Namibia,NAM,1986,347.61307,
Namibia,NAM,1987,335.8553,
Namibia,NAM,1988,342.02383,
Namibia,NAM,1989,305.97775,
Namibia,NAM,1990,325.43115,
Namibia,NAM,1991,336.51825,
Namibia,NAM,1992,345.8264,
Namibia,NAM,1993,353.84723,
Namibia,NAM,1994,366.80136,
Namibia,NAM,1995,369.10474,
Namibia,NAM,1996,386.7117,
Namibia,NAM,1997,383.32666,
Namibia,NAM,1998,396.0672,
Namibia,NAM,1999,371.22092,
Namibia,NAM,2000,383.54517,
Namibia,NAM,2001,376.0567,
Namibia,NAM,2002,313.28693,
Namibia,NAM,2003,289.92633,
Namibia,NAM,2004,282.39044,
Namibia,NAM,2005,343.78687,
Namibia,NAM,2006,407.52832,
Namibia,NAM,2007,488.73,
Namibia,NAM,2008,537.1472,
Namibia,NAM,2009,547.36487,
Namibia,NAM,2010,531.1404,
Namibia,NAM,2011,497.65234,
Namibia,NAM,2012,439.41855,
Namibia,NAM,2013,401.55783,
Namibia,NAM,2014,368.96008,
Namibia,NAM,2015,306.57053,
Namibia,NAM,2016,249.62141,
Namibia,NAM,2017,213.12163,
Namibia,NAM,2018,197.94821,
Namibia,NAM,2019,174.91908,
Namibia,NAM,2020,143.44502,
Namibia,NAM,2021,254.24675,
Namibia,NAM,2022,126.86318,
Namibia,NAM,2023,138.85587,
Nauru,NRU,1985,190.8528,
Nauru,NRU,1986,209.06639,
Nauru,NRU,1987,205.8208,
Nauru,NRU,1988,201.63939,
Nauru,NRU,1989,197.98882,
Nauru,NRU,1990,195.43723,
Nauru,NRU,1991,215.62292,
Nauru,NRU,1992,216.99051,
Nauru,NRU,1993,219.14561,
Nauru,NRU,1994,220.18617,
Nauru,NRU,1995,219.25218,
Nauru,NRU,1996,217.62753,
Nauru,NRU,1997,217.61494,
Nauru,NRU,1998,256.79846,
Nauru,NRU,1999,276.8275,
Nauru,NRU,2000,278.3415,
Nauru,NRU,2001,298.6574,
Nauru,NRU,2002,320.93362,
Nauru,NRU,2003,322.9668,
Nauru,NRU,2004,324.39502,
Nauru,NRU,2005,327.64795,
Nauru,NRU,2006,303.64713,
Nauru,NRU,2007,302.66885,
Nauru,NRU,2008,301.5835,
Nauru,NRU,2009,300.06232,
Nauru,NRU,2010,296.72382,
Nauru,NRU,2011,259.96823,
Nauru,NRU,2012,254.65527,
Nauru,NRU,2013,247.21945,
Nauru,NRU,2014,239.69849,
Nauru,NRU,2015,252.94153,
Nauru,NRU,2016,248.40034,
Nauru,NRU,2017,259.4277,
Nauru,NRU,2018,268.8639,
Nauru,NRU,2019,266.55035,
Nauru,NRU,2020,309.02277,
Nauru,NRU,2021,265.6565,
Nauru,NRU,2022,317.2944,
Nauru,NRU,2023,273.37735,
Nepal,NPL,1985,1186.2543,
Nepal,NPL,1986,1142.9597,
Nepal,NPL,1987,1088.0216,
Nepal,NPL,1988,1037.855,
Nepal,NPL,1989,973.0777,
Nepal,NPL,1990,919.8087,
Nepal,NPL,1991,849.6474,
Nepal,NPL,1992,767.5965,
Nepal,NPL,1993,702.80023,
Nepal,NPL,1994,656.7814,
Nepal,NPL,1995,624.81775,
Nepal,NPL,1996,583.517,
Nepal,NPL,1997,550.4028,
Nepal,NPL,1998,521.7701,
Nepal,NPL,1999,511.76428,
Nepal,NPL,2000,479.58563,
Nepal,NPL,2001,443.13797,
Nepal,NPL,2002,413.9053,
Nepal,NPL,2003,387.42892,
Nepal,NPL,2004,364.48273,
Nepal,NPL,2005,344.40836,
Nepal,NPL,2006,318.0433,
Nepal,NPL,2007,308.73358,
Nepal,NPL,2008,301.69922,
Nepal,NPL,2009,298.67548,
Nepal,NPL,2010,297.2142,
Nepal,NPL,2011,285.71094,
Nepal,NPL,2012,272.24887,
Nepal,NPL,2013,258.41937,
Nepal,NPL,2014,244.6627,
Nepal,NPL,2015,235.64067,
Nepal,NPL,2016,213.50919,
Nepal,NPL,2017,197.15935,
Nepal,NPL,2018,182.91228,
Nepal,NPL,2019,170.04721,
Nepal,NPL,2020,152.51642,
Nepal,NPL,2021,172.80504,
Nepal,NPL,2022,138.71207,
Nepal,NPL,2023,142.00526,
Netherlands,NLD,1985,11.73055,
Netherlands,NLD,1986,12.45753,
Netherlands,NLD,1987,12.25018,
Netherlands,NLD,1988,11.98998,
Netherlands,NLD,1989,12.40406,
Netherlands,NLD,1990,11.84761,
Netherlands,NLD,1991,12.16427,
Netherlands,NLD,1992,12.0088,
Netherlands,NLD,1993,12.15482,
Netherlands,NLD,1994,12.14939,
Netherlands,NLD,1995,12.33192,
Netherlands,NLD,1996,12.4631,
Netherlands,NLD,1997,12.68221,
Netherlands,NLD,1998,12.35591,
Netherlands,NLD,1999,13.26588,
Netherlands,NLD,2000,13.31224,
Netherlands,NLD,2001,12.6089,
Netherlands,NLD,2002,12.68498,
Netherlands,NLD,2003,12.0093,
Netherlands,NLD,2004,10.98512,
Netherlands,NLD,2005,10.21355,
Netherlands,NLD,2006,9.01537,
Netherlands,NLD,2007,8.19657,
Netherlands,NLD,2008,7.77168,
Netherlands,NLD,2009,7.18944,
Netherlands,NLD,2010,6.44459,
Netherlands,NLD,2011,6.58665,
Netherlands,NLD,2012,6.06385,
Netherlands,NLD,2013,5.61585,
Netherlands,NLD,2014,5.47286,
Netherlands,NLD,2015,5.12861,
Netherlands,NLD,2016,5.26488,
Netherlands,NLD,2017,5.01078,
Netherlands,NLD,2018,4.78947,
Netherlands,NLD,2019,4.81401,
Netherlands,NLD,2020,3.8157,
Netherlands,NLD,2021,4.92789,
Netherlands,NLD,2022,4.40968,
Netherlands,NLD,2023,4.30275,
New Zealand,NZL,1985,19.34708,
New Zealand,NZL,1986,17.74649,
New Zealand,NZL,1987,19.00851,
New Zealand,NZL,1988,18.56284,
New Zealand,NZL,1989,17.70009,
New Zealand,NZL,1990,17.53899,
New Zealand,NZL,1991,16.44817,
New Zealand,NZL,1992,14.70145,
New Zealand,NZL,1993,14.0409,
New Zealand,NZL,1994,12.98639,
New Zealand,NZL,1995,14.03313,
New Zealand,NZL,1996,13.58665,
New Zealand,NZL,1997,12.75728,
New Zealand,NZL,1998,11.84433,
New Zealand,NZL,1999,11.78694,
New Zealand,NZL,2000,10.68162,
New Zealand,NZL,2001,10.36083,
New Zealand,NZL,2002,10.60099,
New Zealand,NZL,2003,10.85151,
New Zealand,NZL,2004,10.64545,
New Zealand,NZL,2005,10.59466,
New Zealand,NZL,2006,10.1546,
New Zealand,NZL,2007,10.39645,
New Zealand,NZL,2008,9.82274,
New Zealand,NZL,2009,10.05756,
New Zealand,NZL,2010,9.92919,
New Zealand,NZL,2011,10.0658,
New Zealand,NZL,2012,9.26745,
New Zealand,NZL,2013,8.29886,
New Zealand,NZL,2014,7.45427,
New Zealand,NZL,2015,8.0528,
New Zealand,NZL,2016,7.66801,
New Zealand,NZL,2017,7.55047,
New Zealand,NZL,2018,7.4841,
New Zealand,NZL,2019,7.53312,
New Zealand,NZL,2020,7.59102,
New Zealand,NZL,2021,7.58434,
New Zealand,NZL,2022,22.61618,
New Zealand,NZL,2023,7.02621,
Nicaragua,NIC,1985,318.73444,
Nicaragua,NIC,1986,312.74838,
Nicaragua,NIC,1987,316.4137,
Nicaragua,NIC,1988,301.23154,
Nicaragua,NIC,1989,285.9003,
Nicaragua,NIC,1990,281.4655,
Nicaragua,NIC,1991,273.02637,
Nicaragua,NIC,1992,271.92365,
Nicaragua,NIC,1993,264.80286,
Nicaragua,NIC,1994,256.00342,
Nicaragua,NIC,1995,250.84808,
Nicaragua,NIC,1996,243.90344,
Nicaragua,NIC,1997,236.46272,
Nicaragua,NIC,1998,239.45813,
Nicaragua,NIC,1999,227.97949,
Nicaragua,NIC,2000,213.31067,
Nicaragua,NIC,2001,194.1273,
Nicaragua,NIC,2002,170.15453,
Nicaragua,NIC,2003,153.99707,
Nicaragua,NIC,2004,140.03818,
Nicaragua,NIC,2005,124.30539,
Nicaragua,NIC,2006,112.98628,
Nicaragua,NIC,2007,106.08226,
Nicaragua,NIC,2008,101.34116,
Nicaragua,NIC,2009,99.45709,
Nicaragua,NIC,2010,96.46102,
Nicaragua,NIC,2011,92.50731,
Nicaragua,NIC,2012,88.09861,
Nicaragua,NIC,2013,85.76308,
Nicaragua,NIC,2014,82.61405,
Nicaragua,NIC,2015,80.67301,
Nicaragua,NIC,2016,76.77425,
Nicaragua,NIC,2017,72.42528,
Nicaragua,NIC,2018,66.82026,
Nicaragua,NIC,2019,69.49821,
Nicaragua,NIC,2020,86.79423,
Nicaragua,NIC,2021,123.59525,
Nicaragua,NIC,2022,61.13118,
Nicaragua,NIC,2023,60.3484,
Niger,NER,1985,1136.9884,
Niger,NER,1986,1107.345,
Niger,NER,1987,1073.8636,
Niger,NER,1988,1039.6992,
Niger,NER,1989,1010.2873,
Niger,NER,1990,983.2623,
Niger,NER,1991,957.3031,
Niger,NER,1992,925.6094,
Niger,NER,1993,902.642,
Niger,NER,1994,883.2566,
Niger,NER,1995,865.12225,
Niger,NER,1996,853.7041,
Niger,NER,1997,841.14575,
Niger,NER,1998,839.08496,
Niger,NER,1999,840.68054,
Niger,NER,2000,844.7606,
Niger,NER,2001,843.3342,
Niger,NER,2002,834.598,
Niger,NER,2003,812.8297,
Niger,NER,2004,789.92316,
Niger,NER,2005,763.75995,
Niger,NER,2006,737.0506,
Niger,NER,2007,704.3362,
Niger,NER,2008,668.6191,
Niger,NER,2009,647.469,
Niger,NER,2010,621.31006,
Niger,NER,2011,584.9257,
Niger,NER,2012,553.9389,
Niger,NER,2013,525.55444,
Niger,NER,2014,497.21393,
Niger,NER,2015,472.98074,
Niger,NER,2016,450.2699,
Niger,NER,2017,432.89084,
Niger,NER,2018,419.7231,
Niger,NER,2019,405.653,
Niger,NER,2020,387.96912,
Niger,NER,2021,396.30545,
Niger,NER,2022,360.92172,
Niger,NER,2023,350.26834,
Nigeria,NGA,1985,1343.5619,
Nigeria,NGA,1986,1363.4825,
Nigeria,NGA,1987,1350.8622,
Nigeria,NGA,1988,1331.9404,
Nigeria,NGA,1989,1304.4088,
Nigeria,NGA,1990,1285.4298,
Nigeria,NGA,1991,1281.8827,
Nigeria,NGA,1992,1245.7308,
Nigeria,NGA,1993,1200.0137,
Nigeria,NGA,1994,1192.9515,
Nigeria,NGA,1995,1185.8254,
Nigeria,NGA,1996,1185.3301,
Nigeria,NGA,1997,1183.8059,
Nigeria,NGA,1998,1189.0298,
Nigeria,NGA,1999,1165.2881,
Nigeria,NGA,2000,1135.6735,
Nigeria,NGA,2001,1129.8469,
Nigeria,NGA,2002,1116.6499,
Nigeria,NGA,2003,1090.3915,
Nigeria,NGA,2004,1075.1246,
Nigeria,NGA,2005,1059.8103,
Nigeria,NGA,2006,1067.3362,
Nigeria,NGA,2007,1063.3547,
Nigeria,NGA,2008,1081.4298,
Nigeria,NGA,2009,1088.0979,
Nigeria,NGA,2010,1093.7433,
Nigeria,NGA,2011,1107.9701,
Nigeria,NGA,2012,1124.1445,
Nigeria,NGA,2013,1146.0221,
Nigeria,NGA,2014,1155.4159,
Nigeria,NGA,2015,1167.7367,
Nigeria,NGA,2016,1155.2396,
Nigeria,NGA,2017,1141.8066,
Nigeria,NGA,2018,1118.3787,
Nigeria,NGA,2019,1090.9554,
Nigeria,NGA,2020,1064.6935,
Nigeria,NGA,2021,1046.1415,
Nigeria,NGA,2022,1016.33673,
Nigeria,NGA,2023,992.8292,
North Korea,PRK,1985,75.50409,
North Korea,PRK,1986,68.48258,
North Korea,PRK,1987,61.52552,
North Korea,PRK,1988,54.68629,
North Korea,PRK,1989,48.59353,
North Korea,PRK,1990,43.29347,
North Korea,PRK,1991,38.20106,
North Korea,PRK,1992,36.88365,
North Korea,PRK,1993,45.69087,
North Korea,PRK,1994,56.74293,
North Korea,PRK,1995,127.34279,
North Korea,PRK,1996,128.10252,
North Korea,PRK,1997,128.48193,
North Korea,PRK,1998,129.04338,
North Korea,PRK,1999,129.32764,
North Korea,PRK,2000,128.85979,
North Korea,PRK,2001,129.63023,
North Korea,PRK,2002,131.37128,
North Korea,PRK,2003,76.13102,
North Korea,PRK,2004,77.44453,
North Korea,PRK,2005,78.1111,
North Korea,PRK,2006,79.78108,
North Korea,PRK,2007,80.35575,
North Korea,PRK,2008,79.43948,
North Korea,PRK,2009,78.23986,
North Korea,PRK,2010,77.13996,
North Korea,PRK,2011,76.34465,
North Korea,PRK,2012,75.6433,
North Korea,PRK,2013,74.68346,
North Korea,PRK,2014,72.96946,
North Korea,PRK,2015,71.8541,
North Korea,PRK,2016,71.31296,
North Korea,PRK,2017,70.0796,
North Korea,PRK,2018,68.99159,
North Korea,PRK,2019,66.46183,
North Korea,PRK,2020,66.26748,
North Korea,PRK,2021,71.71772,
North Korea,PRK,2022,66.71418,
North Korea,PRK,2023,66.90204,
North Macedonia,MKD,1985,16.67953,
North Macedonia,MKD,1986,15.69105,
North Macedonia,MKD,1987,15.47596,
North Macedonia,MKD,1988,15.77253,
North Macedonia,MKD,1989,14.4945,
North Macedonia,MKD,1990,15.76352,
North Macedonia,MKD,1991,14.65424,
North Macedonia,MKD,1992,14.03631,
North Macedonia,MKD,1993,13.69186,
North Macedonia,MKD,1994,13.46777,
North Macedonia,MKD,1995,13.41441,
North Macedonia,MKD,1996,14.25912,
North Macedonia,MKD,1997,13.36878,
North Macedonia,MKD,1998,13.4839,
North Macedonia,MKD,1999,11.8153,
North Macedonia,MKD,2000,11.13099,
North Macedonia,MKD,2001,9.29156,
North Macedonia,MKD,2002,9.87101,
North Macedonia,MKD,2003,8.102,
North Macedonia,MKD,2004,8.21324,
North Macedonia,MKD,2005,7.31362,
North Macedonia,MKD,2006,7.12959,
North Macedonia,MKD,2007,6.84227,
North Macedonia,MKD,2008,5.67264,
North Macedonia,MKD,2009,5.6288,
North Macedonia,MKD,2010,5.3045,
North Macedonia,MKD,2011,4.72385,
North Macedonia,MKD,2012,5.04212,
North Macedonia,MKD,2013,4.53809,
North Macedonia,MKD,2014,4.21734,
North Macedonia,MKD,2015,3.8349,
North Macedonia,MKD,2016,3.87515,
North Macedonia,MKD,2017,3.52566,
North Macedonia,MKD,2018,3.37044,
North Macedonia,MKD,2019,3.18101,
North Macedonia,MKD,2020,7.10935,
North Macedonia,MKD,2021,11.79374,
North Macedonia,MKD,2022,2.51519,
North Macedonia,MKD,2023,2.75812,
Norway,NOR,1985,9.09786,
Norway,NOR,1986,8.82238,
Norway,NOR,1987,8.75933,
Norway,NOR,1988,9.36143,
Norway,NOR,1989,8.84802,
Norway,NOR,1990,8.92652,
Norway,NOR,1991,8.2877,
Norway,NOR,1992,7.57999,
Norway,NOR,1993,6.9769,
Norway,NOR,1994,6.60982,
Norway,NOR,1995,6.18212,
Norway,NOR,1996,5.82532,
Norway,NOR,1997,5.44912,
Norway,NOR,1998,5.40376,
Norway,NOR,1999,5.41232,
Norway,NOR,2000,5.42032,
Norway,NOR,2001,5.44149,
Norway,NOR,2002,5.10663,
Norway,NOR,2003,5.41465,
Norway,NOR,2004,5.67852,
Norway,NOR,2005,5.62986,
Norway,NOR,2006,5.32143,
Norway,NOR,2007,5.03063,
Norway,NOR,2008,4.71817,
Norway,NOR,2009,4.48243,
Norway,NOR,2010,4.13837,
Norway,NOR,2011,3.76163,
Norway,NOR,2012,3.0857,
Norway,NOR,2013,2.8824,
Norway,NOR,2014,2.40148,
Norway,NOR,2015,2.23189,
Norway,NOR,2016,2.0574,
Norway,NOR,2017,1.84867,
Norway,NOR,2018,1.67121,
Norway,NOR,2019,1.58778,
Norway,NOR,2020,2.16048,
Norway,NOR,2021,1.65591,
Norway,NOR,2022,2.71617,
Norway,NOR,2023,1.30843,
Oman,OMN,1985,43.4927,
Oman,OMN,1986,39.68408,
Oman,OMN,1987,36.55216,
Oman,OMN,1988,34.08308,
Oman,OMN,1989,31.77861,
Oman,OMN,1990,29.47873,
Oman,OMN,1991,27.53297,
Oman,OMN,1992,26.05952,
Oman,OMN,1993,24.57078,
Oman,OMN,1994,23.28932,
Oman,OMN,1995,22.17472,
Oman,OMN,1996,21.28364,
Oman,OMN,1997,20.42547,
Oman,OMN,1998,19.66106,
Oman,OMN,1999,18.95507,
Oman,OMN,2000,18.54632,
Oman,OMN,2001,18.29711,
Oman,OMN,2002,18.24534,
Oman,OMN,2003,18.31585,
Oman,OMN,2004,18.02087,
Oman,OMN,2005,18.00736,
Oman,OMN,2006,17.85664,
Oman,OMN,2007,18.29477,
Oman,OMN,2008,17.58469,
Oman,OMN,2009,17.40761,
Oman,OMN,2010,16.98361,
Oman,OMN,2011,15.82256,
Oman,OMN,2012,15.53795,
Oman,OMN,2013,15.23059,
Oman,OMN,2014,14.81022,
Oman,OMN,2015,14.59147,
Oman,OMN,2016,14.48933,
Oman,OMN,2017,14.35211,
Oman,OMN,2018,14.11131,
Oman,OMN,2019,13.95601,
Oman,OMN,2020,32.11873,
Oman,OMN,2021,73.95815,
Oman,OMN,2022,13.21789,
Oman,OMN,2023,12.54503,
Pakistan,PAK,1985,431.63132,
Pakistan,PAK,1986,436.27634,
Pakistan,PAK,1987,441.57794,
Pakistan,PAK,1988,440.67807,
Pakistan,PAK,1989,438.62415,
Pakistan,PAK,1990,433.6038,
Pakistan,PAK,1991,442.54767,
Pakistan,PAK,1992,459.1903,
Pakistan,PAK,1993,472.70862,
Pakistan,PAK,1994,478.9757,
Pakistan,PAK,1995,485.36166,
Pakistan,PAK,1996,482.417,
Pakistan,PAK,1997,476.43896,
Pakistan,PAK,1998,455.75333,
Pakistan,PAK,1999,438.3627,
Pakistan,PAK,2000,419.21234,
Pakistan,PAK,2001,400.05984,
Pakistan,PAK,2002,380.1861,
Pakistan,PAK,2003,358.39395,
Pakistan,PAK,2004,332.82303,
Pakistan,PAK,2005,314.5432,
Pakistan,PAK,2006,284.46472,
Pakistan,PAK,2007,265.4964,
Pakistan,PAK,2008,253.82248,
Pakistan,PAK,2009,246.04266,
Pakistan,PAK,2010,240.12775,
Pakistan,PAK,2011,233.61024,
Pakistan,PAK,2012,227.01051,
Pakistan,PAK,2013,219.51196,
Pakistan,PAK,2014,210.56526,
Pakistan,PAK,2015,202.31631,
Pakistan,PAK,2016,193.04173,
Pakistan,PAK,2017,183.86932,
Pakistan,PAK,2018,178.44202,
Pakistan,PAK,2019,173.43253,
Pakistan,PAK,2020,177.92497,
Pakistan,PAK,2021,192.89742,
Pakistan,PAK,2022,160.0929,
Pakistan,PAK,2023,155.03275,
Palau,PLW,1985,95.44458,
Palau,PLW,1986,91.63612,
Palau,PLW,1987,87.52075,
Palau,PLW,1988,96.35227,
Palau,PLW,1989,93.3151,
Palau,PLW,1990,100.29742,
Palau,PLW,1991,106.24555,
Palau,PLW,1992,113.27626,
Palau,PLW,1993,109.49546,
Palau,PLW,1994,115.86746,
Palau,PLW,1995,111.19529,
Palau,PLW,1996,122.6219,
Palau,PLW,1997,124.90657,
Palau,PLW,1998,118.76391,
Palau,PLW,1999,114.53385,
Palau,PLW,2000,118.59793,
Palau,PLW,2001,118.16932,
Palau,PLW,2002,117.38999,
Palau,PLW,2003,108.25676,
Palau,PLW,2004,106.43825,
Palau,PLW,2005,105.18813,
Palau,PLW,2006,104.66538,
Palau,PLW,2007,98.00537,
Palau,PLW,2008,98.94456,
Palau,PLW,2009,93.69657,
Palau,PLW,2010,95.62896,
Palau,PLW,2011,82.55458,
Palau,PLW,2012,83.73043,
Palau,PLW,2013,85.03874,
Palau,PLW,2014,77.90794,
Palau,PLW,2015,78.73529,
Palau,PLW,2016,79.86846,
Palau,PLW,2017,80.49167,
Palau,PLW,2018,81.51714,
Palau,PLW,2019,83.51271,
Palau,PLW,2020,117.00126,
Palau,PLW,2021,109.14735,
Palau,PLW,2022,120.65208,
Palau,PLW,2023,89.41672,
Palestine,PSE,1985,101.66283,
Palestine,PSE,1986,95.95395,
Palestine,PSE,1987,87.43663,
Palestine,PSE,1988,84.64134,
Palestine,PSE,1989,81.53259,
Palestine,PSE,1990,77.56386,
Palestine,PSE,1991,75.13281,
Palestine,PSE,1992,72.6332,
Palestine,PSE,1993,69.17246,
Palestine,PSE,1994,65.95335,
Palestine,PSE,1995,64.03488,
Palestine,PSE,1996,61.42573,
Palestine,PSE,1997,59.7019,
Palestine,PSE,1998,59.04354,
Palestine,PSE,1999,57.94272,
Palestine,PSE,2000,58.87915,
Palestine,PSE,2001,60.22733,
Palestine,PSE,2002,57.80683,
Palestine,PSE,2003,56.33592,
Palestine,PSE,2004,55.189,
Palestine,PSE,2005,51.84733,
Palestine,PSE,2006,50.84527,
Palestine,PSE,2007,49.15471,
Palestine,PSE,2008,49.37673,
Palestine,PSE,2009,47.87366,
Palestine,PSE,2010,42.03863,
Palestine,PSE,2011,38.70891,
Palestine,PSE,2012,35.57409,
Palestine,PSE,2013,31.70226,
Palestine,PSE,2014,29.4683,
Palestine,PSE,2015,25.69982,
Palestine,PSE,2016,22.93751,
Palestine,PSE,2017,20.75398,
Palestine,PSE,2018,19.33007,
Palestine,PSE,2019,17.6943,
Palestine,PSE,2020,19.52321,
Palestine,PSE,2021,28.51121,
Palestine,PSE,2022,16.61076,
Palestine,PSE,2023,16.11319,
Panama,PAN,1985,95.37337,
Panama,PAN,1986,93.93501,
Panama,PAN,1987,92.62235,
Panama,PAN,1988,93.06827,
Panama,PAN,1989,96.33017,
Panama,PAN,1990,88.62314,
Panama,PAN,1991,86.99185,
Panama,PAN,1992,84.91759,
Panama,PAN,1993,80.85382,
Panama,PAN,1994,78.35441,
Panama,PAN,1995,76.63737,
Panama,PAN,1996,73.26115,
Panama,PAN,1997,70.2702,
Panama,PAN,1998,67.67854,
Panama,PAN,1999,65.29674,
Panama,PAN,2000,64.08376,
Panama,PAN,2001,61.56771,
Panama,PAN,2002,59.406,
Panama,PAN,2003,58.3954,
Panama,PAN,2004,57.42359,
Panama,PAN,2005,56.78298,
Panama,PAN,2006,56.28085,
Panama,PAN,2007,55.40564,
Panama,PAN,2008,55.12235,
Panama,PAN,2009,55.30424,
Panama,PAN,2010,55.56431,
Panama,PAN,2011,54.77635,
Panama,PAN,2012,53.48818,
Panama,PAN,2013,51.84922,
Panama,PAN,2014,49.01167,
Panama,PAN,2015,48.08212,
Panama,PAN,2016,46.56604,
Panama,PAN,2017,46.60967,
Panama,PAN,2018,43.42175,
Panama,PAN,2019,40.72978,
Panama,PAN,2020,74.18438,
Panama,PAN,2021,59.22772,
Panama,PAN,2022,40.19728,
Panama,PAN,2023,37.00633,
Papua New Guinea,PNG,1985,393.41684,
Papua New Guinea,PNG,1986,385.53366,
Papua New Guinea,PNG,1987,378.53867,
Papua New Guinea,PNG,1988,376.78928,
Papua New Guinea,PNG,1989,368.65494,
Papua New Guinea,PNG,1990,360.0205,
Papua New Guinea,PNG,1991,353.57553,
Papua New Guinea,PNG,1992,339.78894,
Papua New Guinea,PNG,1993,333.16345,
Papua New Guinea,PNG,1994,323.68774,
Papua New Guinea,PNG,1995,318.38724,
Papua New Guinea,PNG,1996,315.82455,
Papua New Guinea,PNG,1997,316.40543,
Papua New Guinea,PNG,1998,325.26526,
Papua New Guinea,PNG,1999,320.57938,
Papua New Guinea,PNG,2000,323.27054,
Papua New Guinea,PNG,2001,324.91238,
Papua New Guinea,PNG,2002,329.25027,
Papua New Guinea,PNG,2003,328.3712,
Papua New Guinea,PNG,2004,326.40317,
Papua New Guinea,PNG,2005,326.322,
Papua New Guinea,PNG,2006,324.64548,
Papua New Guinea,PNG,2007,325.9503,
Papua New Guinea,PNG,2008,314.52417,
Papua New Guinea,PNG,2009,301.7345,
Papua New Guinea,PNG,2010,288.60904,
Papua New Guinea,PNG,2011,270.77942,
Papua New Guinea,PNG,2012,256.78418,
Papua New Guinea,PNG,2013,243.21436,
Papua New Guinea,PNG,2014,231.75084,
Papua New Guinea,PNG,2015,220.68039,
Papua New Guinea,PNG,2016,213.77618,
Papua New Guinea,PNG,2017,206.94275,
Papua New Guinea,PNG,2018,204.72237,
Papua New Guinea,PNG,2019,199.0579,
Papua New Guinea,PNG,2020,194.0589,
Papua New Guinea,PNG,2021,222.9466,
Papua New Guinea,PNG,2022,188.81349,
Papua New Guinea,PNG,2023,188.6495,
Paraguay,PRY,1985,236.98105,
Paraguay,PRY,1986,230.34267,
Paraguay,PRY,1987,224.77345,
Paraguay,PRY,1988,219.90324,
Paraguay,PRY,1989,208.88876,
Paraguay,PRY,1990,198.11598,
Paraguay,PRY,1991,191.62033,
Paraguay,PRY,1992,194.88368,
Paraguay,PRY,1993,197.37846,
Paraguay,PRY,1994,200.78062,
Paraguay,PRY,1995,202.48007,
Paraguay,PRY,1996,202.95512,
Paraguay,PRY,1997,205.04665,
Paraguay,PRY,1998,206.59776,
Paraguay,PRY,1999,206.66324,
Paraguay,PRY,2000,206.76167,
Paraguay,PRY,2001,206.85486,
Paraguay,PRY,2002,205.51112,
Paraguay,PRY,2003,202.99771,
Paraguay,PRY,2004,198.88058,
Paraguay,PRY,2005,194.03043,
Paraguay,PRY,2006,186.48486,
Paraguay,PRY,2007,176.89627,
Paraguay,PRY,2008,165.8215,
Paraguay,PRY,2009,152.07336,
Paraguay,PRY,2010,135.98734,
Paraguay,PRY,2011,120.28351,
Paraguay,PRY,2012,99.71234,
Paraguay,PRY,2013,83.61236,
Paraguay,PRY,2014,70.40385,
Paraguay,PRY,2015,63.68524,
Paraguay,PRY,2016,59.62665,
Paraguay,PRY,2017,58.41089,
Paraguay,PRY,2018,57.68947,
Paraguay,PRY,2019,57.57454,
Paraguay,PRY,2020,68.64985,
Paraguay,PRY,2021,139.9224,
Paraguay,PRY,2022,77.71228,
Paraguay,PRY,2023,58.27149,
Peru,PER,1985,198.29678,
Peru,PER,1986,192.62643,
Peru,PER,1987,191.62125,
Peru,PER,1988,189.71101,
Peru,PER,1989,190.00182,
Peru,PER,1990,191.46477,
Peru,PER,1991,201.15501,
Peru,PER,1992,195.32967,
Peru,PER,1993,192.13986,
Peru,PER,1994,187.50748,
Peru,PER,1995,179.16426,
Peru,PER,1996,165.69562,
Peru,PER,1997,151.8285,
Peru,PER,1998,138.7892,
Peru,PER,1999,124.1866,
Peru,PER,2000,115.33938,
Peru,PER,2001,109.38935,
Peru,PER,2002,105.71584,
Peru,PER,2003,104.18467,
Peru,PER,2004,106.66304,
Peru,PER,2005,103.02851,
Peru,PER,2006,98.84666,
Peru,PER,2007,94.22268,
Peru,PER,2008,90.72159,
Peru,PER,2009,89.31913,
Peru,PER,2010,85.92868,
Peru,PER,2011,83.21231,
Peru,PER,2012,78.76699,
Peru,PER,2013,75.02815,
Peru,PER,2014,72.96355,
Peru,PER,2015,71.46575,
Peru,PER,2016,68.76235,
Peru,PER,2017,66.663,
Peru,PER,2018,66.17149,
Peru,PER,2019,60.19835,
Peru,PER,2020,75.04343,
Peru,PER,2021,141.45583,
Peru,PER,2022,80.57387,
Peru,PER,2023,51.44545,
Philippines,PHL,1985,204.49165,
Philippines,PHL,1986,199.02422,
Philippines,PHL,1987,191.20773,
Philippines,PHL,1988,183.74478,
Philippines,PHL,1989,176.83188,
Philippines,PHL,1990,173.36974,
Philippines,PHL,1991,171.57962,
Philippines,PHL,1992,159.70149,
Philippines,PHL,1993,154.83759,
Philippines,PHL,1994,150.91138,
Philippines,PHL,1995,147.19708,
Philippines,PHL,1996,140.99823,
Philippines,PHL,1997,137.53714,
Philippines,PHL,1998,134.73865,
Philippines,PHL,1999,130.22408,
Philippines,PHL,2000,126.75743,
Philippines,PHL,2001,131.61478,
Philippines,PHL,2002,126.30297,
Philippines,PHL,2003,126.9038,
Philippines,PHL,2004,121.52117,
Philippines,PHL,2005,117.74614,
Philippines,PHL,2006,128.60643,
Philippines,PHL,2007,123.31671,
Philippines,PHL,2008,122.62678,
Philippines,PHL,2009,122.1059,
Philippines,PHL,2010,117.42578,
Philippines,PHL,2011,115.27327,
Philippines,PHL,2012,110.43096,
Philippines,PHL,2013,109.7279,
Philippines,PHL,2014,105.56776,
Philippines,PHL,2015,103.51507,
Philippines,PHL,2016,97.95528,
Philippines,PHL,2017,85.87139,
Philippines,PHL,2018,92.4242,
Philippines,PHL,2019,91.94279,
Philippines,PHL,2020,88.45692,
Philippines,PHL,2021,152.67587,
Philippines,PHL,2022,92.29797,
Philippines,PHL,2023,83.75268,
Poland,POL,1985,19.34094,
Poland,POL,1986,18.96101,
Poland,POL,1987,18.39262,
Poland,POL,1988,18.22077,
Poland,POL,1989,18.00021,
Poland,POL,1990,18.10857,
Poland,POL,1991,17.61877,
Poland,POL,1992,16.4816,
Poland,POL,1993,14.99652,
Poland,POL,1994,13.65964,
Poland,POL,1995,12.29313,
Poland,POL,1996,11.13153,
Poland,POL,1997,9.88329,
Poland,POL,1998,8.82909,
Poland,POL,1999,7.87096,
Poland,POL,2000,6.97095,
Poland,POL,2001,6.0894,
Poland,POL,2002,5.33329,
Poland,POL,2003,4.83743,
Poland,POL,2004,4.45693,
Poland,POL,2005,4.11356,
Poland,POL,2006,3.80216,
Poland,POL,2007,3.49376,
Poland,POL,2008,3.21297,
Poland,POL,2009,2.86032,
Poland,POL,2010,2.61197,
Poland,POL,2011,2.34524,
Poland,POL,2012,2.18717,
Poland,POL,2013,2.04631,
Poland,POL,2014,1.95684,
Poland,POL,2015,1.88938,
Poland,POL,2016,1.86297,
Poland,POL,2017,1.87054,
Poland,POL,2018,1.82704,
Poland,POL,2019,1.79983,
Poland,POL,2020,2.94978,
Poland,POL,2021,2.45421,
Poland,POL,2022,1.66523,
Poland,POL,2023,1.56712,
Portugal,PRT,1985,20.40314,
Portugal,PRT,1986,18.88259,
Portugal,PRT,1987,19.48951,
Portugal,PRT,1988,18.22903,
Portugal,PRT,1989,18.02723,
Portugal,PRT,1990,17.45709,
Portugal,PRT,1991,16.68367,
Portugal,PRT,1992,15.71354,
Portugal,PRT,1993,15.13569,
Portugal,PRT,1994,13.22442,
Portugal,PRT,1995,12.34709,
Portugal,PRT,1996,12.02102,
Portugal,PRT,1997,11.88351,
Portugal,PRT,1998,10.67358,
Portugal,PRT,1999,9.91355,
Portugal,PRT,2000,9.41592,
Portugal,PRT,2001,9.19703,
Portugal,PRT,2002,8.73887,
Portugal,PRT,2003,8.46033,
Portugal,PRT,2004,8.03696,
Portugal,PRT,2005,8.30173,
Portugal,PRT,2006,7.92361,
Portugal,PRT,2007,8.47036,
Portugal,PRT,2008,8.83055,
Portugal,PRT,2009,9.42063,
Portugal,PRT,2010,10.00561,
Portugal,PRT,2011,9.53003,
Portugal,PRT,2012,9.9919,
Portugal,PRT,2013,10.25146,
Portugal,PRT,2014,10.75707,
Portugal,PRT,2015,11.01035,
Portugal,PRT,2016,12.15513,
Portugal,PRT,2017,13.47289,
Portugal,PRT,2018,14.00162,
Portugal,PRT,2019,14.65165,
Portugal,PRT,2020,13.63253,
Portugal,PRT,2021,18.76945,
Portugal,PRT,2022,16.19468,
Portugal,PRT,2023,14.94519,
Puerto Rico,PRI,1985,31.74551,
Puerto Rico,PRI,1986,29.32479,
Puerto Rico,PRI,1987,28.85375,
Puerto Rico,PRI,1988,29.88656,
Puerto Rico,PRI,1989,33.66548,
Puerto Rico,PRI,1990,31.6178,
Puerto Rico,PRI,1991,26.43209,
Puerto Rico,PRI,1992,26.63988,
Puerto Rico,PRI,1993,25.79485,
Puerto Rico,PRI,1994,25.16728,
Puerto Rico,PRI,1995,24.62833,
Puerto Rico,PRI,1996,24.29665,
Puerto Rico,PRI,1997,23.15516,
Puerto Rico,PRI,1998,22.44971,
Puerto Rico,PRI,1999,21.9462,
Puerto Rico,PRI,2000,21.8012,
Puerto Rico,PRI,2001,20.75558,
Puerto Rico,PRI,2002,19.43858,
Puerto Rico,PRI,2003,19.54747,
Puerto Rico,PRI,2004,19.93115,
Puerto Rico,PRI,2005,20.242,
Puerto Rico,PRI,2006,18.82478,
Puerto Rico,PRI,2007,18.45396,
Puerto Rico,PRI,2008,18.14167,
Puerto Rico,PRI,2009,17.56576,
Puerto Rico,PRI,2010,17.52801,
Puerto Rico,PRI,2011,17.24569,
Puerto Rico,PRI,2012,16.86694,
Puerto Rico,PRI,2013,15.83413,
Puerto Rico,PRI,2014,15.95047,
Puerto Rico,PRI,2015,15.15107,
Puerto Rico,PRI,2016,15.37008,
Puerto Rico,PRI,2017,16.54053,
Puerto Rico,PRI,2018,14.01131,
Puerto Rico,PRI,2019,13.06405,
Puerto Rico,PRI,2020,10.50316,
Puerto Rico,PRI,2021,49.80809,
Puerto Rico,PRI,2022,55.33396,
Puerto Rico,PRI,2023,11.02504,
Qatar,QAT,1985,17.15605,
Qatar,QAT,1986,15.63249,
Qatar,QAT,1987,15.23643,
Qatar,QAT,1988,14.875,
Qatar,QAT,1989,14.22928,
Qatar,QAT,1990,13.47578,
Qatar,QAT,1991,13.41123,
Qatar,QAT,1992,13.4627,
Qatar,QAT,1993,13.30769,
Qatar,QAT,1994,12.87631,
Qatar,QAT,1995,13.18543,
Qatar,QAT,1996,12.87745,
Qatar,QAT,1997,12.60538,
Qatar,QAT,1998,12.32154,
Qatar,QAT,1999,11.51221,
Qatar,QAT,2000,11.46109,
Qatar,QAT,2001,11.62269,
Qatar,QAT,2002,11.19381,
Qatar,QAT,2003,10.87371,
Qatar,QAT,2004,10.72437,
Qatar,QAT,2005,10.6835,
Qatar,QAT,2006,9.82611,
Qatar,QAT,2007,9.03196,
Qatar,QAT,2008,8.73276,
Qatar,QAT,2009,8.03382,
Qatar,QAT,2010,7.61913,
Qatar,QAT,2011,7.19921,
Qatar,QAT,2012,6.76735,
Qatar,QAT,2013,6.45964,
Qatar,QAT,2014,6.12283,
Qatar,QAT,2015,5.71379,
Qatar,QAT,2016,5.39597,
Qatar,QAT,2017,5.07405,
Qatar,QAT,2018,4.80923,
Qatar,QAT,2019,4.53942,
Qatar,QAT,2020,6.30297,
Qatar,QAT,2021,7.08985,
Qatar,QAT,2022,8.01817,
Qatar,QAT,2023,3.9216,
Romania,ROU,1985,183.88354,
Romania,ROU,1986,179.7809,
Romania,ROU,1987,172.82664,
Romania,ROU,1988,158.81145,
Romania,ROU,1989,142.70589,
Romania,ROU,1990,118.05978,
Romania,ROU,1991,104.06821,
Romania,ROU,1992,95.13411,
Romania,ROU,1993,87.01199,
Romania,ROU,1994,80.42358,
Romania,ROU,1995,75.34612,
Romania,ROU,1996,71.54906,
Romania,ROU,1997,65.90104,
Romania,ROU,1998,57.95669,
Romania,ROU,1999,51.10026,
Romania,ROU,2000,45.24842,
Romania,ROU,2001,40.81347,
Romania,ROU,2002,38.07128,
Romania,ROU,2003,35.42811,
Romania,ROU,2004,32.39281,
Romania,ROU,2005,29.89098,
Romania,ROU,2006,26.67134,
Romania,ROU,2007,24.81144,
Romania,ROU,2008,24.6795,
Romania,ROU,2009,24.51503,
Romania,ROU,2010,22.97817,
Romania,ROU,2011,19.97662,
Romania,ROU,2012,19.09191,
Romania,ROU,2013,17.51956,
Romania,ROU,2014,17.81074,
Romania,ROU,2015,17.64792,
Romania,ROU,2016,17.16658,
Romania,ROU,2017,16.64921,
Romania,ROU,2018,15.4014,
Romania,ROU,2019,14.05002,
Romania,ROU,2020,15.80412,
Romania,ROU,2021,19.69604,
Romania,ROU,2022,12.79396,
Romania,ROU,2023,11.68035,
Russia,RUS,1985,80.94363,
Russia,RUS,1986,68.95924,
Russia,RUS,1987,65.0918,
Russia,RUS,1988,62.70638,
Russia,RUS,1989,61.0735,
Russia,RUS,1990,58.39627,
Russia,RUS,1991,57.47183,
Russia,RUS,1992,62.46074,
Russia,RUS,1993,76.15149,
Russia,RUS,1994,85.41102,
Russia,RUS,1995,81.65307,
Russia,RUS,1996,69.15967,
Russia,RUS,1997,58.80772,
Russia,RUS,1998,52.82969,
Russia,RUS,1999,53.17793,
Russia,RUS,2000,50.99688,
Russia,RUS,2001,48.20529,
Russia,RUS,2002,46.57861,
Russia,RUS,2003,44.8046,
Russia,RUS,2004,40.94596,
Russia,RUS,2005,38.06467,
Russia,RUS,2006,31.86741,
Russia,RUS,2007,28.69368,
Russia,RUS,2008,26.56263,
Russia,RUS,2009,23.683,
Russia,RUS,2010,22.94341,
Russia,RUS,2011,19.49919,
Russia,RUS,2012,17.70813,
Russia,RUS,2013,16.40046,
Russia,RUS,2014,15.78711,
Russia,RUS,2015,14.79449,
Russia,RUS,2016,13.74824,
Russia,RUS,2017,12.25272,
Russia,RUS,2018,12.028,
Russia,RUS,2019,11.75003,
Russia,RUS,2020,18.78881,
Russia,RUS,2021,20.56878,
Russia,RUS,2022,13.00375,
Russia,RUS,2023,9.40281,
Rwanda,RWA,1985,1116.4882,
Rwanda,RWA,1986,1125.9866,
Rwanda,RWA,1987,1145.0192,
Rwanda,RWA,1988,1188.076,
Rwanda,RWA,1989,1237.6055,
Rwanda,RWA,1990,1308.9867,
Rwanda,RWA,1991,1386.0264,
Rwanda,RWA,1992,1529.9076,
Rwanda,RWA,1993,1619.1722,
Rwanda,RWA,1994,5721.3584,
Rwanda,RWA,1995,1505.2579,
Rwanda,RWA,1996,1294.9106,
Rwanda,RWA,1997,1318.4106,
Rwanda,RWA,1998,1267.6915,
Rwanda,RWA,1999,1072.7882,
Rwanda,RWA,2000,885.23505,
Rwanda,RWA,2001,769.0453,
Rwanda,RWA,2002,677.23267,
Rwanda,RWA,2003,551.06287,
Rwanda,RWA,2004,459.92697,
Rwanda,RWA,2005,465.36627,
Rwanda,RWA,2006,493.79135,
Rwanda,RWA,2007,493.62268,
Rwanda,RWA,2008,453.87195,
Rwanda,RWA,2009,418.32498,
Rwanda,RWA,2010,392.90836,
Rwanda,RWA,2011,358.48343,
Rwanda,RWA,2012,330.7634,
Rwanda,RWA,2013,316.50668,
Rwanda,RWA,2014,301.05173,
Rwanda,RWA,2015,291.56894,
Rwanda,RWA,2016,278.1358,
Rwanda,RWA,2017,275.06314,
Rwanda,RWA,2018,268.73254,
Rwanda,RWA,2019,261.30612,
Rwanda,RWA,2020,252.12369,
Rwanda,RWA,2021,253.96986,
Rwanda,RWA,2022,233.96683,
Rwanda,RWA,2023,229.4839,
Saint Kitts and Nevis,KNA,1985,290.3548,
Saint Kitts and Nevis,KNA,1986,285.05127,
Saint Kitts and Nevis,KNA,1987,302.32867,
Saint Kitts and Nevis,KNA,1988,307.94296,
Saint Kitts and Nevis,KNA,1989,315.88098,
Saint Kitts and Nevis,KNA,1990,302.34457,
Saint Kitts and Nevis,KNA,1991,280.2614,
Saint Kitts and Nevis,KNA,1992,255.30849,
Saint Kitts and Nevis,KNA,1993,224.5313,
Saint Kitts and Nevis,KNA,1994,205.21121,
Saint Kitts and Nevis,KNA,1995,203.56752,
Saint Kitts and Nevis,KNA,1996,193.96095,
Saint Kitts and Nevis,KNA,1997,194.23286,
Saint Kitts and Nevis,KNA,1998,192.52301,
Saint Kitts and Nevis,KNA,1999,164.38907,
Saint Kitts and Nevis,KNA,2000,143.32396,
Saint Kitts and Nevis,KNA,2001,131.06358,
Saint Kitts and Nevis,KNA,2002,114.50306,
Saint Kitts and Nevis,KNA,2003,110.58398,
Saint Kitts and Nevis,KNA,2004,104.30002,
Saint Kitts and Nevis,KNA,2005,102.26938,
Saint Kitts and Nevis,KNA,2006,98.99029,
Saint Kitts and Nevis,KNA,2007,96.27308,
Saint Kitts and Nevis,KNA,2008,94.84777,
Saint Kitts and Nevis,KNA,2009,93.33373,
Saint Kitts and Nevis,KNA,2010,91.77566,
Saint Kitts and Nevis,KNA,2011,89.8804,
Saint Kitts and Nevis,KNA,2012,88.07637,
Saint Kitts and Nevis,KNA,2013,82.27753,
Saint Kitts and Nevis,KNA,2014,81.94962,
Saint Kitts and Nevis,KNA,2015,76.39769,
Saint Kitts and Nevis,KNA,2016,74.56875,
Saint Kitts and Nevis,KNA,2017,74.00377,
Saint Kitts and Nevis,KNA,2018,77.81833,
Saint Kitts and Nevis,KNA,2019,74.415,
Saint Kitts and Nevis,KNA,2020,79.63985,
Saint Kitts and Nevis,KNA,2021,110.78927,
Saint Kitts and Nevis,KNA,2022,99.28244,
Saint Kitts and Nevis,KNA,2023,73.51601,
Saint Lucia,LCA,1985,55.82573,
Saint Lucia,LCA,1986,57.09184,
Saint Lucia,LCA,1987,69.40805,
Saint Lucia,LCA,1988,71.30329,
Saint Lucia,LCA,1989,66.41607,
Saint Lucia,LCA,1990,72.36839,
Saint Lucia,LCA,1991,70.5411,
Saint Lucia,LCA,1992,58.32003,
Saint Lucia,LCA,1993,58.05905,
Saint Lucia,LCA,1994,59.81642,
Saint Lucia,LCA,1995,59.77781,
Saint Lucia,LCA,1996,72.15306,
Saint Lucia,LCA,1997,88.9707,
Saint Lucia,LCA,1998,89.06198,
Saint Lucia,LCA,1999,88.46875,
Saint Lucia,LCA,2000,82.83546,
Saint Lucia,LCA,2001,70.47084,
Saint Lucia,LCA,2002,62.05676,
Saint Lucia,LCA,2003,56.40501,
Saint Lucia,LCA,2004,54.49808,
Saint Lucia,LCA,2005,54.69425,
Saint Lucia,LCA,2006,53.33863,
Saint Lucia,LCA,2007,54.93045,
Saint Lucia,LCA,2008,55.1507,
Saint Lucia,LCA,2009,51.05268,
Saint Lucia,LCA,2010,56.14203,
Saint Lucia,LCA,2011,56.24125,
Saint Lucia,LCA,2012,55.39059,
Saint Lucia,LCA,2013,53.24975,
Saint Lucia,LCA,2014,49.17294,
Saint Lucia,LCA,2015,45.80502,
Saint Lucia,LCA,2016,45.80728,
Saint Lucia,LCA,2017,42.93519,
Saint Lucia,LCA,2018,41.33142,
Saint Lucia,LCA,2019,42.70594,
Saint Lucia,LCA,2020,43.03641,
Saint Lucia,LCA,2021,94.04726,
Saint Lucia,LCA,2022,47.51653,
Saint Lucia,LCA,2023,43.96011,
Saint Vincent and the Grenadines,VCT,1985,77.44896,
Saint Vincent and the Grenadines,VCT,1986,71.26707,
Saint Vincent and the Grenadines,VCT,1987,69.33769,
Saint Vincent and the Grenadines,VCT,1988,67.07407,
Saint Vincent and the Grenadines,VCT,1989,69.54638,
Saint Vincent and the Grenadines,VCT,1990,71.63225,
Saint Vincent and the Grenadines,VCT,1991,71.31226,
Saint Vincent and the Grenadines,VCT,1992,88.6132,
Saint Vincent and the Grenadines,VCT,1993,76.20473,
Saint Vincent and the Grenadines,VCT,1994,77.98333,
Saint Vincent and the Grenadines,VCT,1995,79.7765,
Saint Vincent and the Grenadines,VCT,1996,79.41727,
Saint Vincent and the Grenadines,VCT,1997,78.38578,
Saint Vincent and the Grenadines,VCT,1998,76.51048,
Saint Vincent and the Grenadines,VCT,1999,72.48043,
Saint Vincent and the Grenadines,VCT,2000,67.64056,
Saint Vincent and the Grenadines,VCT,2001,64.27993,
Saint Vincent and the Grenadines,VCT,2002,61.85463,
Saint Vincent and the Grenadines,VCT,2003,58.87329,
Saint Vincent and the Grenadines,VCT,2004,56.16916,
Saint Vincent and the Grenadines,VCT,2005,55.16724,
Saint Vincent and the Grenadines,VCT,2006,54.29765,
Saint Vincent and the Grenadines,VCT,2007,54.29569,
Saint Vincent and the Grenadines,VCT,2008,55.75416,
Saint Vincent and the Grenadines,VCT,2009,56.2599,
Saint Vincent and the Grenadines,VCT,2010,58.65158,
Saint Vincent and the Grenadines,VCT,2011,58.56305,
Saint Vincent and the Grenadines,VCT,2012,61.22143,
Saint Vincent and the Grenadines,VCT,2013,72.54977,
Saint Vincent and the Grenadines,VCT,2014,63.67821,
Saint Vincent and the Grenadines,VCT,2015,59.18607,
Saint Vincent and the Grenadines,VCT,2016,52.05484,
Saint Vincent and the Grenadines,VCT,2017,58.10732,
Saint Vincent and the Grenadines,VCT,2018,56.21989,
Saint Vincent and the Grenadines,VCT,2019,57.86889,
Saint Vincent and the Grenadines,VCT,2020,57.28972,
Saint Vincent and the Grenadines,VCT,2021,105.09028,
Saint Vincent and the Grenadines,VCT,2022,56.04434,
Saint Vincent and the Grenadines,VCT,2023,55.83509,
Samoa,WSM,1985,160.06412,
Samoa,WSM,1986,153.22491,
Samoa,WSM,1987,147.31934,
Samoa,WSM,1988,142.76212,
Samoa,WSM,1989,136.29414,
Samoa,WSM,1990,135.20268,
Samoa,WSM,1991,131.18037,
Samoa,WSM,1992,123.56412,
Samoa,WSM,1993,117.14802,
Samoa,WSM,1994,112.32235,
Samoa,WSM,1995,105.08484,
Samoa,WSM,1996,103.25865,
Samoa,WSM,1997,98.42373,
Samoa,WSM,1998,95.70366,
Samoa,WSM,1999,94.37361,
Samoa,WSM,2000,92.95197,
Samoa,WSM,2001,92.70644,
Samoa,WSM,2002,88.77601,
Samoa,WSM,2003,86.65357,
Samoa,WSM,2004,86.12183,
Samoa,WSM,2005,87.43444,
Samoa,WSM,2006,86.00462,
Samoa,WSM,2007,84.97414,
Samoa,WSM,2008,86.53001,
Samoa,WSM,2009,93.60072,
Samoa,WSM,2010,92.27506,
Samoa,WSM,2011,92.87968,
Samoa,WSM,2012,100.74981,
Samoa,WSM,2013,100.46956,
Samoa,WSM,2014,106.26281,
Samoa,WSM,2015,107.73652,
Samoa,WSM,2016,107.73893,
Samoa,WSM,2017,110.63354,
Samoa,WSM,2018,110.17302,
Samoa,WSM,2019,110.51046,
Samoa,WSM,2020,113.57306,
Samoa,WSM,2021,115.36672,
Samoa,WSM,2022,110.14861,
Samoa,WSM,2023,101.48754,
San Marino,SMR,1985,12.40325,
San Marino,SMR,1986,12.17066,
San Marino,SMR,1987,11.96903,
San Marino,SMR,1988,11.75445,
San Marino,SMR,1989,11.52736,
San Marino,SMR,1990,11.33465,
San Marino,SMR,1991,11.11047,
San Marino,SMR,1992,10.86839,
San Marino,SMR,1993,10.56489,
San Marino,SMR,1994,10.30839,
San Marino,SMR,1995,10.08067,
San Marino,SMR,1996,9.87625,
San Marino,SMR,1997,9.67284,
San Marino,SMR,1998,9.45965,
San Marino,SMR,1999,9.26049,
San Marino,SMR,2000,13.95368,
San Marino,SMR,2001,13.98093,
San Marino,SMR,2002,13.59608,
San Marino,SMR,2003,13.08103,
San Marino,SMR,2004,12.83867,
San Marino,SMR,2005,12.3639,
San Marino,SMR,2006,12.23397,
San Marino,SMR,2007,8.06547,
San Marino,SMR,2008,8.26467,
San Marino,SMR,2009,8.05609,
San Marino,SMR,2010,8.14983,
San Marino,SMR,2011,7.92369,
San Marino,SMR,2012,7.63949,
San Marino,SMR,2013,7.88229,
San Marino,SMR,2014,7.60495,
San Marino,SMR,2015,7.52121,
San Marino,SMR,2016,7.38915,
San Marino,SMR,2017,7.19095,
San Marino,SMR,2018,7.26473,
San Marino,SMR,2019,7.33349,
San Marino,SMR,2020,45.86234,
San Marino,SMR,2021,34.64816,
San Marino,SMR,2022,22.23702,
San Marino,SMR,2023,7.65699,
Sao Tome and Principe,STP,1985,158.65791,
Sao Tome and Principe,STP,1986,174.6889,
Sao Tome and Principe,STP,1987,160.93956,
Sao Tome and Principe,STP,1988,156.6771,
Sao Tome and Principe,STP,1989,166.6155,
Sao Tome and Principe,STP,1990,163.9993,
Sao Tome and Principe,STP,1991,165.7073,
Sao Tome and Principe,STP,1992,163.62234,
Sao Tome and Principe,STP,1993,166.20175,
Sao Tome and Principe,STP,1994,167.87738,
Sao Tome and Principe,STP,1995,171.95193,
Sao Tome and Principe,STP,1996,170.9748,
Sao Tome and Principe,STP,1997,173.1607,
Sao Tome and Principe,STP,1998,175.40582,
Sao Tome and Principe,STP,1999,178.67157,
Sao Tome and Principe,STP,2000,180.14896,
Sao Tome and Principe,STP,2001,178.3879,
Sao Tome and Principe,STP,2002,178.58025,
Sao Tome and Principe,STP,2003,178.49075,
Sao Tome and Principe,STP,2004,177.45615,
Sao Tome and Principe,STP,2005,181.12833,
Sao Tome and Principe,STP,2006,176.85245,
Sao Tome and Principe,STP,2007,173.85258,
Sao Tome and Principe,STP,2008,173.57584,
Sao Tome and Principe,STP,2009,171.75427,
Sao Tome and Principe,STP,2010,169.67178,
Sao Tome and Principe,STP,2011,164.33101,
Sao Tome and Principe,STP,2012,158.44012,
Sao Tome and Principe,STP,2013,149.73099,
Sao Tome and Principe,STP,2014,138.42677,
Sao Tome and Principe,STP,2015,127.81405,
Sao Tome and Principe,STP,2016,119.41602,
Sao Tome and Principe,STP,2017,110.19703,
Sao Tome and Principe,STP,2018,100.27355,
Sao Tome and Principe,STP,2019,94.77672,
Sao Tome and Principe,STP,2020,92.43941,
Sao Tome and Principe,STP,2021,97.68471,
Sao Tome and Principe,STP,2022,82.467,
Sao Tome and Principe,STP,2023,75.36397,
Saudi Arabia,SAU,1985,40.07749,
Saudi Arabia,SAU,1986,37.77287,
Saudi Arabia,SAU,1987,35.8373,
Saudi Arabia,SAU,1988,33.84454,
Saudi Arabia,SAU,1989,32.05028,
Saudi Arabia,SAU,1990,30.31518,
Saudi Arabia,SAU,1991,28.90115,
Saudi Arabia,SAU,1992,27.40351,
Saudi Arabia,SAU,1993,26.33408,
Saudi Arabia,SAU,1994,25.33531,
Saudi Arabia,SAU,1995,24.3798,
Saudi Arabia,SAU,1996,23.46332,
Saudi Arabia,SAU,1997,22.58659,
Saudi Arabia,SAU,1998,21.72594,
Saudi Arabia,SAU,1999,20.75528,
Saudi Arabia,SAU,2000,20.03733,
Saudi Arabia,SAU,2001,18.80577,
Saudi Arabia,SAU,2002,17.56665,
Saudi Arabia,SAU,2003,16.48313,
Saudi Arabia,SAU,2004,15.50259,
Saudi Arabia,SAU,2005,14.63041,
Saudi Arabia,SAU,2006,13.85357,
Saudi Arabia,SAU,2007,13.15016,
Saudi Arabia,SAU,2008,12.33952,
Saudi Arabia,SAU,2009,11.48959,
Saudi Arabia,SAU,2010,10.54084,
Saudi Arabia,SAU,2011,9.85487,
Saudi Arabia,SAU,2012,9.27215,
Saudi Arabia,SAU,2013,8.67865,
Saudi Arabia,SAU,2014,8.29313,
Saudi Arabia,SAU,2015,7.9991,
Saudi Arabia,SAU,2016,7.90698,
Saudi Arabia,SAU,2017,7.94402,
Saudi Arabia,SAU,2018,8.00479,
Saudi Arabia,SAU,2019,7.85066,
Saudi Arabia,SAU,2020,11.10272,
Saudi Arabia,SAU,2021,12.33028,
Saudi Arabia,SAU,2022,9.01551,
Saudi Arabia,SAU,2023,7.35841,
Senegal,SEN,1985,899.0729,
Senegal,SEN,1986,819.829,
Senegal,SEN,1987,759.91046,
Senegal,SEN,1988,709.0464,
Senegal,SEN,1989,661.78973,
Senegal,SEN,1990,640.3257,
Senegal,SEN,1991,616.06494,
Senegal,SEN,1992,597.94995,
Senegal,SEN,1993,588.51776,
Senegal,SEN,1994,578.8981,
Senegal,SEN,1995,585.9298,
Senegal,SEN,1996,600.81287,
Senegal,SEN,1997,599.09503,
Senegal,SEN,1998,605.4024,
Senegal,SEN,1999,602.39905,
Senegal,SEN,2000,580.98315,
Senegal,SEN,2001,559.5607,
Senegal,SEN,2002,531.4737,
Senegal,SEN,2003,520.1214,
Senegal,SEN,2004,500.5155,
Senegal,SEN,2005,488.12228,
Senegal,SEN,2006,461.97357,
Senegal,SEN,2007,457.14407,
Senegal,SEN,2008,463.1464,
Senegal,SEN,2009,441.2062,
Senegal,SEN,2010,435.51074,
Senegal,SEN,2011,414.71338,
Senegal,SEN,2012,404.69095,
Senegal,SEN,2013,385.49954,
Senegal,SEN,2014,372.8909,
Senegal,SEN,2015,356.67093,
Senegal,SEN,2016,345.09903,
Senegal,SEN,2017,325.22864,
Senegal,SEN,2018,305.37213,
Senegal,SEN,2019,286.27,
Senegal,SEN,2020,252.22356,
Senegal,SEN,2021,262.83746,
Senegal,SEN,2022,228.24239,
Senegal,SEN,2023,237.4421,
Serbia,SRB,1985,15.18716,
Serbia,SRB,1986,14.76938,
Serbia,SRB,1987,14.50669,
Serbia,SRB,1988,14.20795,
Serbia,SRB,1989,13.85232,
Serbia,SRB,1990,14.10061,
Serbia,SRB,1991,14.35694,
Serbia,SRB,1992,15.03113,
Serbia,SRB,1993,15.84258,
Serbia,SRB,1994,16.43343,
Serbia,SRB,1995,16.79516,
Serbia,SRB,1996,17.016,
Serbia,SRB,1997,17.25221,
Serbia,SRB,1998,18.65698,
Serbia,SRB,1999,16.56658,
Serbia,SRB,2000,15.55837,
Serbia,SRB,2001,14.81964,
Serbia,SRB,2002,14.24191,
Serbia,SRB,2003,13.7164,
Serbia,SRB,2004,13.25971,
Serbia,SRB,2005,12.78248,
Serbia,SRB,2006,12.23824,
Serbia,SRB,2007,12.10156,
Serbia,SRB,2008,12.21471,
Serbia,SRB,2009,12.46603,
Serbia,SRB,2010,12.62061,
Serbia,SRB,2011,12.6729,
Serbia,SRB,2012,12.69422,
Serbia,SRB,2013,12.7955,
Serbia,SRB,2014,13.02132,
Serbia,SRB,2015,13.28251,
Serbia,SRB,2016,13.16989,
Serbia,SRB,2017,12.75714,
Serbia,SRB,2018,12.28853,
Serbia,SRB,2019,12.10227,
Serbia,SRB,2020,15.69567,
Serbia,SRB,2021,26.38974,
Serbia,SRB,2022,14.35143,
Serbia,SRB,2023,10.7385,
Seychelles,SYC,1985,68.82169,
Seychelles,SYC,1986,64.57249,
Seychelles,SYC,1987,62.3967,
Seychelles,SYC,1988,60.14197,
Seychelles,SYC,1989,60.76457,
Seychelles,SYC,1990,53.40102,
Seychelles,SYC,1991,54.43397,
Seychelles,SYC,1992,49.80504,
Seychelles,SYC,1993,48.50409,
Seychelles,SYC,1994,44.78163,
Seychelles,SYC,1995,40.29704,
Seychelles,SYC,1996,38.68126,
Seychelles,SYC,1997,36.79419,
Seychelles,SYC,1998,40.51457,
Seychelles,SYC,1999,40.80601,
Seychelles,SYC,2000,44.59896,
Seychelles,SYC,2001,42.94076,
Seychelles,SYC,2002,45.19914,
Seychelles,SYC,2003,47.32508,
Seychelles,SYC,2004,52.3714,
Seychelles,SYC,2005,50.0773,
Seychelles,SYC,2006,51.43554,
Seychelles,SYC,2007,52.10551,
Seychelles,SYC,2008,51.42185,
Seychelles,SYC,2009,50.6473,
Seychelles,SYC,2010,50.21291,
Seychelles,SYC,2011,49.71879,
Seychelles,SYC,2012,48.79719,
Seychelles,SYC,2013,48.25366,
Seychelles,SYC,2014,45.86373,
Seychelles,SYC,2015,46.48183,
Seychelles,SYC,2016,46.99445,
Seychelles,SYC,2017,47.2322,
Seychelles,SYC,2018,48.60859,
Seychelles,SYC,2019,47.8968,
Seychelles,SYC,2020,51.1212,
Seychelles,SYC,2021,73.94598,
Seychelles,SYC,2022,88.59012,
Seychelles,SYC,2023,41.89188,
Sierra Leone,SLE,1985,1505.8087,
Sierra Leone,SLE,1986,1530.0498,
Sierra Leone,SLE,1987,1532.6436,
Sierra Leone,SLE,1988,1548.5956,
Sierra Leone,SLE,1989,1574.556,
Sierra Leone,SLE,1990,1571.5377,
Sierra Leone,SLE,1991,1698.8037,
Sierra Leone,SLE,1992,1681.4319,
Sierra Leone,SLE,1993,1695.9565,
Sierra Leone,SLE,1994,1755.3011,
Sierra Leone,SLE,1995,1777.4388,
Sierra Leone,SLE,1996,1725.5729,
Sierra Leone,SLE,1997,1721.2743,
Sierra Leone,SLE,1998,1752.7693,
Sierra Leone,SLE,1999,1730.8256,
Sierra Leone,SLE,2000,1603.1442,
Sierra Leone,SLE,2001,1517.5853,
Sierra Leone,SLE,2002,1492.2882,
Sierra Leone,SLE,2003,1432.7356,
Sierra Leone,SLE,2004,1365.9105,
Sierra Leone,SLE,2005,1294.2275,
Sierra Leone,SLE,2006,1167.5487,
Sierra Leone,SLE,2007,1132.4277,
Sierra Leone,SLE,2008,1092.8842,
Sierra Leone,SLE,2009,1053.6167,
Sierra Leone,SLE,2010,1018.0487,
Sierra Leone,SLE,2011,967.11743,
Sierra Leone,SLE,2012,914.8796,
Sierra Leone,SLE,2013,842.32104,
Sierra Leone,SLE,2014,820.777,
Sierra Leone,SLE,2015,730.10596,
Sierra Leone,SLE,2016,632.9048,
Sierra Leone,SLE,2017,578.403,
Sierra Leone,SLE,2018,491.49698,
Sierra Leone,SLE,2019,463.56717,
Sierra Leone,SLE,2020,422.25787,
Sierra Leone,SLE,2021,403.22055,
Sierra Leone,SLE,2022,369.63504,
Sierra Leone,SLE,2023,353.56357,
Singapore,SGP,1985,18.42531,
Singapore,SGP,1986,17.6849,
Singapore,SGP,1987,17.85106,
Singapore,SGP,1988,18.40679,
Singapore,SGP,1989,17.52413,
Singapore,SGP,1990,16.96045,
Singapore,SGP,1991,16.24637,
Singapore,SGP,1992,15.79143,
Singapore,SGP,1993,15.77914,
Singapore,SGP,1994,16.06118,
Singapore,SGP,1995,16.57165,
Singapore,SGP,1996,17.46389,
Singapore,SGP,1997,17.47132,
Singapore,SGP,1998,17.31227,
Singapore,SGP,1999,17.17686,
Singapore,SGP,2000,17.16366,
Singapore,SGP,2001,16.21249,
Singapore,SGP,2002,15.61658,
Singapore,SGP,2003,14.89446,
Singapore,SGP,2004,14.14817,
Singapore,SGP,2005,13.5223,
Singapore,SGP,2006,12.98976,
Singapore,SGP,2007,12.25287,
Singapore,SGP,2008,11.33222,
Singapore,SGP,2009,10.49094,
Singapore,SGP,2010,10.02635,
Singapore,SGP,2011,9.94368,
Singapore,SGP,2012,9.85663,
Singapore,SGP,2013,9.23591,
Singapore,SGP,2014,8.76372,
Singapore,SGP,2015,8.33353,
Singapore,SGP,2016,8.20214,
Singapore,SGP,2017,7.98622,
Singapore,SGP,2018,7.71265,
Singapore,SGP,2019,7.42965,
Singapore,SGP,2020,12.71787,
Singapore,SGP,2021,20.20445,
Singapore,SGP,2022,33.67386,
Singapore,SGP,2023,6.12124,
Slovakia,SVK,1985,19.21056,
Slovakia,SVK,1986,19.01313,
Slovakia,SVK,1987,19.14843,
Slovakia,SVK,1988,18.18722,
Slovakia,SVK,1989,17.33292,
Slovakia,SVK,1990,17.92378,
Slovakia,SVK,1991,17.06468,
Slovakia,SVK,1992,15.00318,
Slovakia,SVK,1993,13.67638,
Slovakia,SVK,1994,12.41679,
Slovakia,SVK,1995,10.93797,
Slovakia,SVK,1996,10.28066,
Slovakia,SVK,1997,10.33848,
Slovakia,SVK,1998,9.65343,
Slovakia,SVK,1999,9.08545,
Slovakia,SVK,2000,8.21591,
Slovakia,SVK,2001,8.03729,
Slovakia,SVK,2002,7.24493,
Slovakia,SVK,2003,7.01685,
Slovakia,SVK,2004,6.68917,
Slovakia,SVK,2005,6.62808,
Slovakia,SVK,2006,5.7809,
Slovakia,SVK,2007,6.42185,
Slovakia,SVK,2008,5.47861,
Slovakia,SVK,2009,5.54384,
Slovakia,SVK,2010,5.15921,
Slovakia,SVK,2011,5.12227,
Slovakia,SVK,2012,4.86898,
Slovakia,SVK,2013,5.00146,
Slovakia,SVK,2014,4.78525,
Slovakia,SVK,2015,4.56933,
Slovakia,SVK,2016,4.98507,
Slovakia,SVK,2017,4.7929,
Slovakia,SVK,2018,4.65378,
Slovakia,SVK,2019,4.81111,
Slovakia,SVK,2020,4.08422,
Slovakia,SVK,2021,12.22554,
Slovakia,SVK,2022,5.44161,
Slovakia,SVK,2023,4.47117,
Slovenia,SVN,1985,17.07723,
Slovenia,SVN,1986,16.30614,
Slovenia,SVN,1987,16.04735,
Slovenia,SVN,1988,16.02853,
Slovenia,SVN,1989,14.56098,
Slovenia,SVN,1990,13.88082,
Slovenia,SVN,1991,13.15607,
Slovenia,SVN,1992,12.7887,
Slovenia,SVN,1993,12.4789,
Slovenia,SVN,1994,11.72725,
Slovenia,SVN,1995,11.13936,
Slovenia,SVN,1996,10.12292,
Slovenia,SVN,1997,9.36242,
Slovenia,SVN,1998,8.65996,
Slovenia,SVN,1999,8.1424,
Slovenia,SVN,2000,7.20192,
Slovenia,SVN,2001,6.3768,
Slovenia,SVN,2002,5.67333,
Slovenia,SVN,2003,5.81908,
Slovenia,SVN,2004,5.82811,
Slovenia,SVN,2005,6.02384,
Slovenia,SVN,2006,6.30499,
Slovenia,SVN,2007,6.36834,
Slovenia,SVN,2008,6.78159,
Slovenia,SVN,2009,6.60043,
Slovenia,SVN,2010,6.60346,
Slovenia,SVN,2011,6.3763,
Slovenia,SVN,2012,6.17579,
Slovenia,SVN,2013,5.72917,
Slovenia,SVN,2014,5.59934,
Slovenia,SVN,2015,5.18963,
Slovenia,SVN,2016,4.96998,
Slovenia,SVN,2017,4.73407,
Slovenia,SVN,2018,4.12664,
Slovenia,SVN,2019,3.84994,
Slovenia,SVN,2020,11.79162,
Slovenia,SVN,2021,8.06952,
Slovenia,SVN,2022,15.12944,
Slovenia,SVN,2023,3.32847,
Solomon Islands,SLB,1985,209.28142,
Solomon Islands,SLB,1986,226.38216,
Solomon Islands,SLB,1987,200.15486,
Solomon Islands,SLB,1988,192.5144,
Solomon Islands,SLB,1989,188.11972,
Solomon Islands,SLB,1990,184.05618,
Solomon Islands,SLB,1991,178.13948,
Solomon Islands,SLB,1992,173.60779,
Solomon Islands,SLB,1993,172.51242,
Solomon Islands,SLB,1994,170.16711,
Solomon Islands,SLB,1995,167.78313,
Solomon Islands,SLB,1996,165.66234,
Solomon Islands,SLB,1997,164.2387,
Solomon Islands,SLB,1998,165.15465,
Solomon Islands,SLB,1999,164.35387,
Solomon Islands,SLB,2000,166.26477,
Solomon Islands,SLB,2001,166.59679,
Solomon Islands,SLB,2002,167.52193,
Solomon Islands,SLB,2003,166.72618,
Solomon Islands,SLB,2004,163.83736,
Solomon Islands,SLB,2005,161.02087,
Solomon Islands,SLB,2006,158.9966,
Solomon Islands,SLB,2007,162.82767,
Solomon Islands,SLB,2008,153.27892,
Solomon Islands,SLB,2009,152.12383,
Solomon Islands,SLB,2010,147.50899,
Solomon Islands,SLB,2011,147.07254,
Solomon Islands,SLB,2012,145.62173,
Solomon Islands,SLB,2013,147.27127,
Solomon Islands,SLB,2014,146.83025,
Solomon Islands,SLB,2015,146.01901,
Solomon Islands,SLB,2016,142.73422,
Solomon Islands,SLB,2017,140.17767,
Solomon Islands,SLB,2018,136.48161,
Solomon Islands,SLB,2019,135.04446,
Solomon Islands,SLB,2020,131.22385,
Solomon Islands,SLB,2021,152.61777,
Solomon Islands,SLB,2022,125.87663,
Solomon Islands,SLB,2023,122.58949,
Somalia,SOM,1985,1465.3091,
Somalia,SOM,1986,1451.7697,
Somalia,SOM,1987,1393.1799,
Somalia,SOM,1988,1423.3317,
Somalia,SOM,1989,1394.5073,
Somalia,SOM,1990,1358.4022,
Somalia,SOM,1991,1430.9706,
Somalia,SOM,1992,1338.8867,
Somalia,SOM,1993,1195.0093,
Somalia,SOM,1994,1254.2031,
Somalia,SOM,1995,1209.505,
Somalia,SOM,1996,1224.9668,
Somalia,SOM,1997,1206.3698,
Somalia,SOM,1998,1176.812,
Somalia,SOM,1999,1169.8705,
Somalia,SOM,2000,1150.383,
Somalia,SOM,2001,1128.7488,
Somalia,SOM,2002,1120.9012,
Somalia,SOM,2003,1110.8796,
Somalia,SOM,2004,1104.061,
Somalia,SOM,2005,1086.0201,
Somalia,SOM,2006,1085.324,
Somalia,SOM,2007,1074.4774,
Somalia,SOM,2008,1035.2565,
Somalia,SOM,2009,994.9014,
Somalia,SOM,2010,1062.4724,
Somalia,SOM,2011,972.3334,
Somalia,SOM,2012,894.1013,
Somalia,SOM,2013,854.68604,
Somalia,SOM,2014,816.2461,
Somalia,SOM,2015,784.19135,
Somalia,SOM,2016,754.07007,
Somalia,SOM,2017,715.9144,
Somalia,SOM,2018,726.8841,
Somalia,SOM,2019,655.7734,
Somalia,SOM,2020,654.94836,
Somalia,SOM,2021,725.8835,
Somalia,SOM,2022,622.02435,
Somalia,SOM,2023,562.58484,
South Africa,ZAF,1985,207.96716,
South Africa,ZAF,1986,199.74887,
South Africa,ZAF,1987,192.21233,
South Africa,ZAF,1988,184.0375,
South Africa,ZAF,1989,176.98631,
South Africa,ZAF,1990,169.69122,
South Africa,ZAF,1991,162.08751,
South Africa,ZAF,1992,152.4626,
South Africa,ZAF,1993,145.13876,
South Africa,ZAF,1994,133.46864,
South Africa,ZAF,1995,124.52868,
South Africa,ZAF,1996,150.27309,
South Africa,ZAF,1997,152.37843,
South Africa,ZAF,1998,152.43758,
South Africa,ZAF,1999,151.21625,
South Africa,ZAF,2000,174.74512,
South Africa,ZAF,2001,192.23108,
South Africa,ZAF,2002,225.21072,
South Africa,ZAF,2003,244.99786,
South Africa,ZAF,2004,258.87878,
South Africa,ZAF,2005,278.80847,
South Africa,ZAF,2006,283.41498,
South Africa,ZAF,2007,271.9469,
South Africa,ZAF,2008,271.627,
South Africa,ZAF,2009,241.06367,
South Africa,ZAF,2010,226.0632,
South Africa,ZAF,2011,202.03339,
South Africa,ZAF,2012,193.80493,
South Africa,ZAF,2013,179.7353,
South Africa,ZAF,2014,162.14044,
South Africa,ZAF,2015,150.41742,
South Africa,ZAF,2016,141.17078,
South Africa,ZAF,2017,133.68578,
South Africa,ZAF,2018,127.51795,
South Africa,ZAF,2019,119.45238,
South Africa,ZAF,2020,118.28628,
South Africa,ZAF,2021,191.16876,
South Africa,ZAF,2022,129.23003,
South Africa,ZAF,2023,117.56654,
South Korea,KOR,1985,38.3984,
South Korea,KOR,1986,35.28531,
South Korea,KOR,1987,34.24576,
South Korea,KOR,1988,30.75898,
South Korea,KOR,1989,29.15051,
South Korea,KOR,1990,28.40145,
South Korea,KOR,1991,27.60537,
South Korea,KOR,1992,25.56963,
South Korea,KOR,1993,23.6126,
South Korea,KOR,1994,23.04057,
South Korea,KOR,1995,21.93726,
South Korea,KOR,1996,20.4276,
South Korea,KOR,1997,19.13249,
South Korea,KOR,1998,17.8292,
South Korea,KOR,1999,16.57211,
South Korea,KOR,2000,15.46414,
South Korea,KOR,2001,14.02602,
South Korea,KOR,2002,13.46689,
South Korea,KOR,2003,13.1229,
South Korea,KOR,2004,12.21846,
South Korea,KOR,2005,11.35212,
South Korea,KOR,2006,10.46945,
South Korea,KOR,2007,10.08498,
South Korea,KOR,2008,9.20818,
South Korea,KOR,2009,8.6241,
South Korea,KOR,2010,8.47626,
South Korea,KOR,2011,8.02142,
South Korea,KOR,2012,7.79173,
South Korea,KOR,2013,7.14788,
South Korea,KOR,2014,6.58955,
South Korea,KOR,2015,6.43094,
South Korea,KOR,2016,6.06768,
South Korea,KOR,2017,5.60431,
South Korea,KOR,2018,5.33278,
South Korea,KOR,2019,4.92508,
South Korea,KOR,2020,11.57275,
South Korea,KOR,2021,5.20287,
South Korea,KOR,2022,6.60194,
South Korea,KOR,2023,3.78934,
South Sudan,SSD,1985,3845.2454,
South Sudan,SSD,1986,3719.6982,
South Sudan,SSD,1987,8044.863,
South Sudan,SSD,1988,5535.012,
South Sudan,SSD,1989,5102.9385,
South Sudan,SSD,1990,4876.695,
South Sudan,SSD,1991,4764.459,
South Sudan,SSD,1992,7597.249,
South Sudan,SSD,1993,7536.613,
South Sudan,SSD,1994,1665.6187,
South Sudan,SSD,1995,4430.0605,
South Sudan,SSD,1996,4357.091,
South Sudan,SSD,1997,4172.142,
South Sudan,SSD,1998,7514.038,
South Sudan,SSD,1999,2047.8799,
South Sudan,SSD,2000,1657.7637,
South Sudan,SSD,2001,1580.0648,
South Sudan,SSD,2002,1521.0415,
South Sudan,SSD,2003,1199.0015,
South Sudan,SSD,2004,1149.6188,
South Sudan,SSD,2005,1074.1642,
South Sudan,SSD,2006,1005.14984,
South Sudan,SSD,2007,932.5363,
South Sudan,SSD,2008,857.5966,
South Sudan,SSD,2009,822.895,
South Sudan,SSD,2010,776.1833,
South Sudan,SSD,2011,770.19196,
South Sudan,SSD,2012,755.065,
South Sudan,SSD,2013,771.4185,
South Sudan,SSD,2014,1215.6028,
South Sudan,SSD,2015,1435.5786,
South Sudan,SSD,2016,1629.3998,
South Sudan,SSD,2017,1661.5211,
South Sudan,SSD,2018,912.83966,
South Sudan,SSD,2019,744.8514,
South Sudan,SSD,2020,729.03754,
South Sudan,SSD,2021,749.2422,
South Sudan,SSD,2022,703.68634,
South Sudan,SSD,2023,691.8203,
South-East Asia (WHO),,1985,653.09393,
South-East Asia (WHO),,1986,621.5726,
South-East Asia (WHO),,1987,593.88007,
South-East Asia (WHO),,1988,571.003,
South-East Asia (WHO),,1989,547.2453,
South-East Asia (WHO),,1990,528.3936,
South-East Asia (WHO),,1991,514.9057,
South-East Asia (WHO),,1992,490.81433,
South-East Asia (WHO),,1993,471.7125,
South-East Asia (WHO),,1994,456.3557,
South-East Asia (WHO),,1995,441.67685,
South-East Asia (WHO),,1996,425.3345,
South-East Asia (WHO),,1997,409.1241,
South-East Asia (WHO),,1998,394.22495,
South-East Asia (WHO),,1999,381.1822,
South-East Asia (WHO),,2000,365.09528,
South-East Asia (WHO),,2001,350.63126,
South-East Asia (WHO),,2002,331.93622,
South-East Asia (WHO),,2003,314.60666,
South-East Asia (WHO),,2004,300.22543,
South-East Asia (WHO),,2005,280.20648,
South-East Asia (WHO),,2006,263.49548,
South-East Asia (WHO),,2007,247.75171,
South-East Asia (WHO),,2008,232.23682,
South-East Asia (WHO),,2009,216.6461,
South-East Asia (WHO),,2010,202.50494,
South-East Asia (WHO),,2011,188.62881,
South-East Asia (WHO),,2012,176.4448,
South-East Asia (WHO),,2013,164.86649,
South-East Asia (WHO),,2014,154.29156,
South-East Asia (WHO),,2015,145.78973,
South-East Asia (WHO),,2016,137.38364,
South-East Asia (WHO),,2017,129.61256,
South-East Asia (WHO),,2018,123.34412,
South-East Asia (WHO),,2019,117.20618,
South-East Asia (WHO),,2020,120.25159,
South-East Asia (WHO),,2021,173.47462,
South-East Asia (WHO),,2022,107.71324,
South-East Asia (WHO),,2023,96.25845,
Spain,ESP,1985,6.43568,
Spain,ESP,1986,6.55917,
Spain,ESP,1987,6.63392,
Spain,ESP,1988,6.57312,
Spain,ESP,1989,6.55355,
Spain,ESP,1990,6.42786,
Spain,ESP,1991,6.46187,
Spain,ESP,1992,6.08515,
Spain,ESP,1993,5.91661,
Spain,ESP,1994,5.76196,
Spain,ESP,1995,5.67614,
Spain,ESP,1996,5.58386,
Spain,ESP,1997,4.9406,
Spain,ESP,1998,4.67584,
Spain,ESP,1999,4.68171,
Spain,ESP,2000,4.69947,
Spain,ESP,2001,4.73509,
Spain,ESP,2002,4.63266,
Spain,ESP,2003,4.37219,
Spain,ESP,2004,4.59176,
Spain,ESP,2005,4.5583,
Spain,ESP,2006,4.45707,
Spain,ESP,2007,4.35885,
Spain,ESP,2008,4.39433,
Spain,ESP,2009,4.28056,
Spain,ESP,2010,4.02567,
Spain,ESP,2011,4.03856,
Spain,ESP,2012,3.89729,
Spain,ESP,2013,3.7314,
Spain,ESP,2014,3.67269,
Spain,ESP,2015,3.52346,
Spain,ESP,2016,3.39499,
Spain,ESP,2017,3.35748,
Spain,ESP,2018,3.19984,
Spain,ESP,2019,3.01055,
Spain,ESP,2020,4.28967,
Spain,ESP,2021,3.61362,
Spain,ESP,2022,3.88228,
Spain,ESP,2023,2.72275,
Sri Lanka,LKA,1985,68.43161,
Sri Lanka,LKA,1986,65.84096,
Sri Lanka,LKA,1987,64.22993,
Sri Lanka,LKA,1988,62.25446,
Sri Lanka,LKA,1989,60.7223,
Sri Lanka,LKA,1990,58.73631,
Sri Lanka,LKA,1991,56.86683,
Sri Lanka,LKA,1992,53.84698,
Sri Lanka,LKA,1993,51.38756,
Sri Lanka,LKA,1994,49.32653,
Sri Lanka,LKA,1995,48.36115,
Sri Lanka,LKA,1996,47.10513,
Sri Lanka,LKA,1997,45.06359,
Sri Lanka,LKA,1998,42.97908,
Sri Lanka,LKA,1999,41.10922,
Sri Lanka,LKA,2000,38.76421,
Sri Lanka,LKA,2001,37.26206,
Sri Lanka,LKA,2002,35.62223,
Sri Lanka,LKA,2003,35.34987,
Sri Lanka,LKA,2004,37.07709,
Sri Lanka,LKA,2005,32.43928,
Sri Lanka,LKA,2006,32.19133,
Sri Lanka,LKA,2007,31.07245,
Sri Lanka,LKA,2008,30.42194,
Sri Lanka,LKA,2009,28.1572,
Sri Lanka,LKA,2010,25.98412,
Sri Lanka,LKA,2011,25.37868,
Sri Lanka,LKA,2012,24.31019,
Sri Lanka,LKA,2013,23.41764,
Sri Lanka,LKA,2014,22.77388,
Sri Lanka,LKA,2015,21.95339,
Sri Lanka,LKA,2016,21.60078,
Sri Lanka,LKA,2017,21.49483,
Sri Lanka,LKA,2018,20.62428,
Sri Lanka,LKA,2019,20.30799,
Sri Lanka,LKA,2020,22.85543,
Sri Lanka,LKA,2021,33.99113,
Sri Lanka,LKA,2022,22.12155,
Sri Lanka,LKA,2023,18.31821,
Sudan,SDN,1985,979.7656,
Sudan,SDN,1986,937.64813,
Sudan,SDN,1987,914.03796,
Sudan,SDN,1988,876.8214,
Sudan,SDN,1989,881.2424,
Sudan,SDN,1990,839.96484,
Sudan,SDN,1991,873.21344,
Sudan,SDN,1992,863.1683,
Sudan,SDN,1993,839.1445,
Sudan,SDN,1994,774.9487,
Sudan,SDN,1995,730.2409,
Sudan,SDN,1996,711.8497,
Sudan,SDN,1997,681.41693,
Sudan,SDN,1998,668.88696,
Sudan,SDN,1999,661.9941,
Sudan,SDN,2000,645.4823,
Sudan,SDN,2001,615.80554,
Sudan,SDN,2002,588.37036,
Sudan,SDN,2003,592.73846,
Sudan,SDN,2004,535.53815,
Sudan,SDN,2005,505.44498,
Sudan,SDN,2006,485.42252,
Sudan,SDN,2007,444.89026,
Sudan,SDN,2008,426.42743,
Sudan,SDN,2009,382.48535,
Sudan,SDN,2010,370.00635,
Sudan,SDN,2011,356.63498,
Sudan,SDN,2012,340.4804,
Sudan,SDN,2013,326.8862,
Sudan,SDN,2014,308.81277,
Sudan,SDN,2015,297.89664,
Sudan,SDN,2016,288.20605,
Sudan,SDN,2017,276.59232,
Sudan,SDN,2018,268.44882,
Sudan,SDN,2019,261.86078,
Sudan,SDN,2020,273.10275,
Sudan,SDN,2021,304.75696,
Sudan,SDN,2022,262.67828,
Sudan,SDN,2023,255.7062,
Suriname,SUR,1985,386.30316,
Suriname,SUR,1986,377.46387,
Suriname,SUR,1987,371.56827,
Suriname,SUR,1988,364.06152,
Suriname,SUR,1989,359.75943,
Suriname,SUR,1990,349.7793,
Suriname,SUR,1991,347.472,
Suriname,SUR,1992,346.16577,
Suriname,SUR,1993,342.6413,
Suriname,SUR,1994,333.70337,
Suriname,SUR,1995,331.2997,
Suriname,SUR,1996,322.77618,
Suriname,SUR,1997,312.46216,
Suriname,SUR,1998,301.86407,
Suriname,SUR,1999,291.1713,
Suriname,SUR,2000,281.54745,
Suriname,SUR,2001,269.7184,
Suriname,SUR,2002,253.19048,
Suriname,SUR,2003,237.91531,
Suriname,SUR,2004,218.7273,
Suriname,SUR,2005,202.06635,
Suriname,SUR,2006,186.55963,
Suriname,SUR,2007,173.26427,
Suriname,SUR,2008,160.71527,
Suriname,SUR,2009,147.19772,
Suriname,SUR,2010,134.39041,
Suriname,SUR,2011,125.68671,
Suriname,SUR,2012,122.00952,
Suriname,SUR,2013,121.20715,
Suriname,SUR,2014,119.51009,
Suriname,SUR,2015,115.13538,
Suriname,SUR,2016,108.56336,
Suriname,SUR,2017,104.81762,
Suriname,SUR,2018,101.16503,
Suriname,SUR,2019,97.15345,
Suriname,SUR,2020,94.49409,
Suriname,SUR,2021,144.2712,
Suriname,SUR,2022,87.71918,
Suriname,SUR,2023,83.64146,
Sweden,SWE,1985,8.13215,
Sweden,SWE,1986,8.30125,
Sweden,SWE,1987,8.27967,
Sweden,SWE,1988,9.12365,
Sweden,SWE,1989,8.50195,
Sweden,SWE,1990,8.42678,
Sweden,SWE,1991,8.24558,
Sweden,SWE,1992,7.8105,
Sweden,SWE,1993,7.6609,
Sweden,SWE,1994,7.40871,
Sweden,SWE,1995,6.73146,
Sweden,SWE,1996,6.23442,
Sweden,SWE,1997,5.83315,
Sweden,SWE,1998,5.75661,
Sweden,SWE,1999,5.80355,
Sweden,SWE,2000,5.46332,
Sweden,SWE,2001,5.23155,
Sweden,SWE,2002,5.40008,
Sweden,SWE,2003,5.48857,
Sweden,SWE,2004,5.26453,
Sweden,SWE,2005,5.07477,
Sweden,SWE,2006,5.2991,
Sweden,SWE,2007,5.1988,
Sweden,SWE,2008,5.15413,
Sweden,SWE,2009,5.10562,
Sweden,SWE,2010,4.76505,
Sweden,SWE,2011,4.91223,
Sweden,SWE,2012,4.99613,
Sweden,SWE,2013,4.97706,
Sweden,SWE,2014,4.90596,
Sweden,SWE,2015,4.52736,
Sweden,SWE,2016,4.54896,
Sweden,SWE,2017,4.53641,
Sweden,SWE,2018,4.50802,
Sweden,SWE,2019,4.45583,
Sweden,SWE,2020,5.19959,
Sweden,SWE,2021,5.12894,
Sweden,SWE,2022,5.06933,
Sweden,SWE,2023,4.0281,
Switzerland,CHE,1985,14.67703,
Switzerland,CHE,1986,14.47551,
Switzerland,CHE,1987,13.94173,
Switzerland,CHE,1988,14.66809,
Switzerland,CHE,1989,14.47539,
Switzerland,CHE,1990,14.19056,
Switzerland,CHE,1991,13.63594,
Switzerland,CHE,1992,13.24525,
Switzerland,CHE,1993,12.89832,
Switzerland,CHE,1994,12.495,
Switzerland,CHE,1995,12.2922,
Switzerland,CHE,1996,10.795,
Switzerland,CHE,1997,10.3008,
Switzerland,CHE,1998,9.53712,
Switzerland,CHE,1999,9.37718,
Switzerland,CHE,2000,8.76552,
Switzerland,CHE,2001,8.47684,
Switzerland,CHE,2002,8.83894,
Switzerland,CHE,2003,8.18747,
Switzerland,CHE,2004,8.20699,
Switzerland,CHE,2005,8.3921,
Switzerland,CHE,2006,7.97058,
Switzerland,CHE,2007,7.46549,
Switzerland,CHE,2008,7.35968,
Switzerland,CHE,2009,7.06672,
Switzerland,CHE,2010,7.43666,
Switzerland,CHE,2011,7.45063,
Switzerland,CHE,2012,6.82528,
Switzerland,CHE,2013,6.71624,
Switzerland,CHE,2014,6.38315,
Switzerland,CHE,2015,6.32082,
Switzerland,CHE,2016,6.66526,
Switzerland,CHE,2017,6.15793,
Switzerland,CHE,2018,6.25691,
Switzerland,CHE,2019,5.93297,
Switzerland,CHE,2020,5.28652,
Switzerland,CHE,2021,4.4774,
Switzerland,CHE,2022,3.87285,
Switzerland,CHE,2023,5.46137,
Syria,SYR,1985,54.74248,
Syria,SYR,1986,51.65515,
Syria,SYR,1987,48.10654,
Syria,SYR,1988,44.47775,
Syria,SYR,1989,40.64251,
Syria,SYR,1990,36.98368,
Syria,SYR,1991,34.81044,
Syria,SYR,1992,33.14724,
Syria,SYR,1993,32.47649,
Syria,SYR,1994,32.35763,
Syria,SYR,1995,33.01248,
Syria,SYR,1996,33.58669,
Syria,SYR,1997,33.94497,
Syria,SYR,1998,33.75226,
Syria,SYR,1999,32.46944,
Syria,SYR,2000,30.68059,
Syria,SYR,2001,28.56343,
Syria,SYR,2002,26.26134,
Syria,SYR,2003,24.03763,
Syria,SYR,2004,22.43684,
Syria,SYR,2005,21.23961,
Syria,SYR,2006,19.76896,
Syria,SYR,2007,19.1506,
Syria,SYR,2008,19.94106,
Syria,SYR,2009,19.2947,
Syria,SYR,2010,19.41436,
Syria,SYR,2011,20.68427,
Syria,SYR,2012,22.37757,
Syria,SYR,2013,24.9811,
Syria,SYR,2014,24.90871,
Syria,SYR,2015,24.30132,
Syria,SYR,2016,22.60019,
Syria,SYR,2017,22.68961,
Syria,SYR,2018,21.18336,
Syria,SYR,2019,24.48133,
Syria,SYR,2020,23.06179,
Syria,SYR,2021,30.00054,
Syria,SYR,2022,20.73013,
Syria,SYR,2023,20.37147,
Tajikistan,TJK,1985,97.88521,
Tajikistan,TJK,1986,90.87087,
Tajikistan,TJK,1987,90.63543,
Tajikistan,TJK,1988,82.72255,
Tajikistan,TJK,1989,85.00224,
Tajikistan,TJK,1990,79.96246,
Tajikistan,TJK,1991,79.33726,
Tajikistan,TJK,1992,84.22957,
Tajikistan,TJK,1993,84.27141,
Tajikistan,TJK,1994,84.80785,
Tajikistan,TJK,1995,81.02583,
Tajikistan,TJK,1996,81.56125,
Tajikistan,TJK,1997,76.12099,
Tajikistan,TJK,1998,71.73863,
Tajikistan,TJK,1999,64.25999,
Tajikistan,TJK,2000,57.85285,
Tajikistan,TJK,2001,58.13828,
Tajikistan,TJK,2002,47.72985,
Tajikistan,TJK,2003,38.94574,
Tajikistan,TJK,2004,36.44385,
Tajikistan,TJK,2005,35.61157,
Tajikistan,TJK,2006,34.55377,
Tajikistan,TJK,2007,30.14903,
Tajikistan,TJK,2008,28.75931,
Tajikistan,TJK,2009,28.52064,
Tajikistan,TJK,2010,26.40582,
Tajikistan,TJK,2011,25.12949,
Tajikistan,TJK,2012,22.93219,
Tajikistan,TJK,2013,20.98357,
Tajikistan,TJK,2014,20.5756,
Tajikistan,TJK,2015,20.24444,
Tajikistan,TJK,2016,19.99898,
Tajikistan,TJK,2017,16.9169,
Tajikistan,TJK,2018,16.33188,
Tajikistan,TJK,2019,16.11774,
Tajikistan,TJK,2020,25.43925,
Tajikistan,TJK,2021,24.64517,
Tajikistan,TJK,2022,14.3917,
Tajikistan,TJK,2023,13.86166,
Tanzania,TZA,1985,979.9097,
Tanzania,TZA,1986,970.81433,
Tanzania,TZA,1987,963.5745,
Tanzania,TZA,1988,949.1247,
Tanzania,TZA,1989,927.16833,
Tanzania,TZA,1990,900.4972,
Tanzania,TZA,1991,873.0972,
Tanzania,TZA,1992,863.6586,
Tanzania,TZA,1993,851.402,
Tanzania,TZA,1994,815.51324,
Tanzania,TZA,1995,797.05304,
Tanzania,TZA,1996,774.6644,
Tanzania,TZA,1997,777.3197,
Tanzania,TZA,1998,738.5042,
Tanzania,TZA,1999,634.7217,
Tanzania,TZA,2000,567.50586,
Tanzania,TZA,2001,492.57693,
Tanzania,TZA,2002,453.54428,
Tanzania,TZA,2003,396.89093,
Tanzania,TZA,2004,365.3352,
Tanzania,TZA,2005,349.69717,
Tanzania,TZA,2006,365.8322,
Tanzania,TZA,2007,452.76938,
Tanzania,TZA,2008,510.533,
Tanzania,TZA,2009,501.78204,
Tanzania,TZA,2010,486.0461,
Tanzania,TZA,2011,474.61392,
Tanzania,TZA,2012,447.9779,
Tanzania,TZA,2013,479.06784,
Tanzania,TZA,2014,453.5956,
Tanzania,TZA,2015,433.1921,
Tanzania,TZA,2016,395.54965,
Tanzania,TZA,2017,345.29483,
Tanzania,TZA,2018,318.9423,
Tanzania,TZA,2019,291.67755,
Tanzania,TZA,2020,159.85126,
Tanzania,TZA,2021,162.14062,
Tanzania,TZA,2022,151.65302,
Tanzania,TZA,2023,275.84378,
Thailand,THA,1985,87.67378,
Thailand,THA,1986,77.88624,
Thailand,THA,1987,71.87793,
Thailand,THA,1988,67.31899,
Thailand,THA,1989,64.30592,
Thailand,THA,1990,60.42571,
Thailand,THA,1991,59.03622,
Thailand,THA,1992,57.74314,
Thailand,THA,1993,57.0798,
Thailand,THA,1994,53.87415,
Thailand,THA,1995,51.52961,
Thailand,THA,1996,49.03782,
Thailand,THA,1997,47.73405,
Thailand,THA,1998,47.18971,
Thailand,THA,1999,48.17079,
Thailand,THA,2000,48.52157,
Thailand,THA,2001,46.88327,
Thailand,THA,2002,44.47218,
Thailand,THA,2003,41.7783,
Thailand,THA,2004,43.54667,
Thailand,THA,2005,40.04227,
Thailand,THA,2006,38.39016,
Thailand,THA,2007,37.9104,
Thailand,THA,2008,36.83852,
Thailand,THA,2009,37.0273,
Thailand,THA,2010,36.83293,
Thailand,THA,2011,36.99884,
Thailand,THA,2012,36.42486,
Thailand,THA,2013,34.70838,
Thailand,THA,2014,34.08646,
Thailand,THA,2015,33.72087,
Thailand,THA,2016,34.14548,
Thailand,THA,2017,33.87782,
Thailand,THA,2018,33.63947,
Thailand,THA,2019,33.84794,
Thailand,THA,2020,36.23927,
Thailand,THA,2021,38.21132,
Thailand,THA,2022,112.47701,
Thailand,THA,2023,34.45035,
Togo,TGO,1985,668.1036,
Togo,TGO,1986,649.0992,
Togo,TGO,1987,636.0616,
Togo,TGO,1988,628.04297,
Togo,TGO,1989,644.1124,
Togo,TGO,1990,656.7881,
Togo,TGO,1991,676.2769,
Togo,TGO,1992,692.2073,
Togo,TGO,1993,728.2469,
Togo,TGO,1994,687.8395,
Togo,TGO,1995,663.3206,
Togo,TGO,1996,627.12317,
Togo,TGO,1997,600.0657,
Togo,TGO,1998,569.9832,
Togo,TGO,1999,528.9413,
Togo,TGO,2000,495.5133,
Togo,TGO,2001,478.0335,
Togo,TGO,2002,447.2045,
Togo,TGO,2003,431.08618,
Togo,TGO,2004,431.21326,
Togo,TGO,2005,434.44284,
Togo,TGO,2006,452.5802,
Togo,TGO,2007,448.14484,
Togo,TGO,2008,457.38245,
Togo,TGO,2009,471.48428,
Togo,TGO,2010,496.83768,
Togo,TGO,2011,501.34033,
Togo,TGO,2012,506.40466,
Togo,TGO,2013,500.04608,
Togo,TGO,2014,489.93387,
Togo,TGO,2015,470.3525,
Togo,TGO,2016,460.11993,
Togo,TGO,2017,443.39307,
Togo,TGO,2018,435.35486,
Togo,TGO,2019,415.9724,
Togo,TGO,2020,397.76505,
Togo,TGO,2021,396.59152,
Togo,TGO,2022,362.29303,
Togo,TGO,2023,348.90305,
Tonga,TON,1985,148.01218,
Tonga,TON,1986,149.18694,
Tonga,TON,1987,147.19089,
Tonga,TON,1988,144.92455,
Tonga,TON,1989,138.67557,
Tonga,TON,1990,137.91415,
Tonga,TON,1991,134.432,
Tonga,TON,1992,128.88692,
Tonga,TON,1993,127.40754,
Tonga,TON,1994,122.91629,
Tonga,TON,1995,116.78751,
Tonga,TON,1996,112.57638,
Tonga,TON,1997,110.79275,
Tonga,TON,1998,103.97065,
Tonga,TON,1999,99.47135,
Tonga,TON,2000,99.72179,
Tonga,TON,2001,98.23661,
Tonga,TON,2002,97.94461,
Tonga,TON,2003,95.44639,
Tonga,TON,2004,92.06051,
Tonga,TON,2005,92.00573,
Tonga,TON,2006,88.94361,
Tonga,TON,2007,88.15937,
Tonga,TON,2008,87.53149,
Tonga,TON,2009,90.66966,
Tonga,TON,2010,85.22603,
Tonga,TON,2011,83.7576,
Tonga,TON,2012,82.71033,
Tonga,TON,2013,80.28369,
Tonga,TON,2014,79.65555,
Tonga,TON,2015,78.81486,
Tonga,TON,2016,77.92617,
Tonga,TON,2017,76.80714,
Tonga,TON,2018,73.95337,
Tonga,TON,2019,72.69657,
Tonga,TON,2020,74.06106,
Tonga,TON,2021,75.67801,
Tonga,TON,2022,71.80473,
Tonga,TON,2023,66.78012,
Trinidad and Tobago,TTO,1985,86.95811,
Trinidad and Tobago,TTO,1986,88.58683,
Trinidad and Tobago,TTO,1987,86.2439,
Trinidad and Tobago,TTO,1988,86.93224,
Trinidad and Tobago,TTO,1989,86.02776,
Trinidad and Tobago,TTO,1990,84.18126,
Trinidad and Tobago,TTO,1991,82.19807,
Trinidad and Tobago,TTO,1992,84.71665,
Trinidad and Tobago,TTO,1993,84.69501,
Trinidad and Tobago,TTO,1994,84.3503,
Trinidad and Tobago,TTO,1995,84.7055,
Trinidad and Tobago,TTO,1996,84.43725,
Trinidad and Tobago,TTO,1997,81.96013,
Trinidad and Tobago,TTO,1998,79.20578,
Trinidad and Tobago,TTO,1999,77.63826,
Trinidad and Tobago,TTO,2000,75.50074,
Trinidad and Tobago,TTO,2001,72.47841,
Trinidad and Tobago,TTO,2002,69.17331,
Trinidad and Tobago,TTO,2003,67.20645,
Trinidad and Tobago,TTO,2004,63.03609,
Trinidad and Tobago,TTO,2005,60.20431,
Trinidad and Tobago,TTO,2006,58.14346,
Trinidad and Tobago,TTO,2007,56.80667,
Trinidad and Tobago,TTO,2008,55.38831,
Trinidad and Tobago,TTO,2009,54.43371,
Trinidad and Tobago,TTO,2010,54.41115,
Trinidad and Tobago,TTO,2011,53.13813,
Trinidad and Tobago,TTO,2012,51.03434,
Trinidad and Tobago,TTO,2013,50.0327,
Trinidad and Tobago,TTO,2014,49.76051,
Trinidad and Tobago,TTO,2015,50.39197,
Trinidad and Tobago,TTO,2016,50.62312,
Trinidad and Tobago,TTO,2017,51.24101,
Trinidad and Tobago,TTO,2018,52.60987,
Trinidad and Tobago,TTO,2019,53.36726,
Trinidad and Tobago,TTO,2020,34.96899,
Trinidad and Tobago,TTO,2021,54.20831,
Trinidad and Tobago,TTO,2022,30.42045,
Trinidad and Tobago,TTO,2023,54.08376,
Tunisia,TUN,1985,131.94757,
Tunisia,TUN,1986,120.98626,
Tunisia,TUN,1987,107.01547,
Tunisia,TUN,1988,95.67655,
Tunisia,TUN,1989,87.3018,
Tunisia,TUN,1990,84.93264,
Tunisia,TUN,1991,83.17154,
Tunisia,TUN,1992,81.63757,
Tunisia,TUN,1993,80.48262,
Tunisia,TUN,1994,77.24087,
Tunisia,TUN,1995,73.27142,
Tunisia,TUN,1996,68.19497,
Tunisia,TUN,1997,63.87447,
Tunisia,TUN,1998,59.67326,
Tunisia,TUN,1999,57.28149,
Tunisia,TUN,2000,55.75278,
Tunisia,TUN,2001,54.63185,
Tunisia,TUN,2002,53.08259,
Tunisia,TUN,2003,51.7493,
Tunisia,TUN,2004,50.27621,
Tunisia,TUN,2005,48.95261,
Tunisia,TUN,2006,47.56931,
Tunisia,TUN,2007,46.33176,
Tunisia,TUN,2008,45.22683,
Tunisia,TUN,2009,44.27341,
Tunisia,TUN,2010,43.76706,
Tunisia,TUN,2011,43.7705,
Tunisia,TUN,2012,43.38276,
Tunisia,TUN,2013,42.78121,
Tunisia,TUN,2014,41.78524,
Tunisia,TUN,2015,40.27136,
Tunisia,TUN,2016,38.91515,
Tunisia,TUN,2017,37.85947,
Tunisia,TUN,2018,37.54946,
Tunisia,TUN,2019,37.27699,
Tunisia,TUN,2020,39.6916,
Tunisia,TUN,2021,64.65766,
Tunisia,TUN,2022,38.11569,
Tunisia,TUN,2023,35.71129,
Turkey,TUR,1985,55.71238,
Turkey,TUR,1986,52.78947,
Turkey,TUR,1987,50.21654,
Turkey,TUR,1988,46.83118,
Turkey,TUR,1989,44.34156,
Turkey,TUR,1990,42.05897,
Turkey,TUR,1991,40.50677,
Turkey,TUR,1992,39.68177,
Turkey,TUR,1993,38.5269,
Turkey,TUR,1994,37.69788,
Turkey,TUR,1995,36.8406,
Turkey,TUR,1996,35.88197,
Turkey,TUR,1997,34.89988,
Turkey,TUR,1998,33.96695,
Turkey,TUR,1999,34.3778,
Turkey,TUR,2000,32.03599,
Turkey,TUR,2001,31.10523,
Turkey,TUR,2002,29.93343,
Turkey,TUR,2003,28.85638,
Turkey,TUR,2004,27.85592,
Turkey,TUR,2005,26.72551,
Turkey,TUR,2006,25.76191,
Turkey,TUR,2007,24.81981,
Turkey,TUR,2008,24.01083,
Turkey,TUR,2009,23.16615,
Turkey,TUR,2010,22.65708,
Turkey,TUR,2011,23.07414,
Turkey,TUR,2012,21.43384,
Turkey,TUR,2013,20.17048,
Turkey,TUR,2014,19.77906,
Turkey,TUR,2015,19.38314,
Turkey,TUR,2016,19.28334,
Turkey,TUR,2017,18.25951,
Turkey,TUR,2018,17.446,
Turkey,TUR,2019,16.85566,
Turkey,TUR,2020,19.31133,
Turkey,TUR,2021,20.00294,
Turkey,TUR,2022,21.20924,
Turkey,TUR,2023,14.62617,
Turkmenistan,TKM,1985,77.28837,
Turkmenistan,TKM,1986,74.84366,
Turkmenistan,TKM,1987,72.39702,
Turkmenistan,TKM,1988,68.68221,
Turkmenistan,TKM,1989,64.71277,
Turkmenistan,TKM,1990,61.77617,
Turkmenistan,TKM,1991,59.89258,
Turkmenistan,TKM,1992,58.3962,
Turkmenistan,TKM,1993,56.26367,
Turkmenistan,TKM,1994,53.62394,
Turkmenistan,TKM,1995,50.055,
Turkmenistan,TKM,1996,45.77262,
Turkmenistan,TKM,1997,40.01916,
Turkmenistan,TKM,1998,34.1944,
Turkmenistan,TKM,1999,28.75589,
Turkmenistan,TKM,2000,24.96451,
Turkmenistan,TKM,2001,22.01149,
Turkmenistan,TKM,2002,19.87052,
Turkmenistan,TKM,2003,18.00185,
Turkmenistan,TKM,2004,16.56124,
Turkmenistan,TKM,2005,15.48374,
Turkmenistan,TKM,2006,14.40649,
Turkmenistan,TKM,2007,12.97854,
Turkmenistan,TKM,2008,11.40232,
Turkmenistan,TKM,2009,9.85423,
Turkmenistan,TKM,2010,8.75197,
Turkmenistan,TKM,2011,7.94434,
Turkmenistan,TKM,2012,7.38527,
Turkmenistan,TKM,2013,6.96561,
Turkmenistan,TKM,2014,6.48023,
Turkmenistan,TKM,2015,6.04859,
Turkmenistan,TKM,2016,5.69932,
Turkmenistan,TKM,2017,5.49251,
Turkmenistan,TKM,2018,5.31371,
Turkmenistan,TKM,2019,5.11712,
Turkmenistan,TKM,2020,5.25574,
Turkmenistan,TKM,2021,5.508,
Turkmenistan,TKM,2022,4.59026,
Turkmenistan,TKM,2023,4.52032,
Tuvalu,TUV,1985,230.46648,
Tuvalu,TUV,1986,226.35123,
Tuvalu,TUV,1987,251.7941,
Tuvalu,TUV,1988,300.0658,
Tuvalu,TUV,1989,296.04138,
Tuvalu,TUV,1990,290.64603,
Tuvalu,TUV,1991,289.24072,
Tuvalu,TUV,1992,311.99884,
Tuvalu,TUV,1993,286.35004,
Tuvalu,TUV,1994,283.83575,
Tuvalu,TUV,1995,281.05167,
Tuvalu,TUV,1996,276.86563,
Tuvalu,TUV,1997,249.00964,
Tuvalu,TUV,1998,245.02792,
Tuvalu,TUV,1999,241.90042,
Tuvalu,TUV,2000,237.2961,
Tuvalu,TUV,2001,234.94183,
Tuvalu,TUV,2002,233.80675,
Tuvalu,TUV,2003,210.18436,
Tuvalu,TUV,2004,208.77843,
Tuvalu,TUV,2005,229.80307,
Tuvalu,TUV,2006,226.1169,
Tuvalu,TUV,2007,222.04903,
Tuvalu,TUV,2008,218.76279,
Tuvalu,TUV,2009,215.16646,
Tuvalu,TUV,2010,212.86208,
Tuvalu,TUV,2011,168.50343,
Tuvalu,TUV,2012,168.27118,
Tuvalu,TUV,2013,167.6979,
Tuvalu,TUV,2014,168.18616,
Tuvalu,TUV,2015,168.98032,
Tuvalu,TUV,2016,170.37573,
Tuvalu,TUV,2017,171.20937,
Tuvalu,TUV,2018,152.73257,
Tuvalu,TUV,2019,154.9828,
Tuvalu,TUV,2020,206.03433,
Tuvalu,TUV,2021,156.64772,
Tuvalu,TUV,2022,220.2516,
Tuvalu,TUV,2023,169.70528,
Uganda,UGA,1985,842.0817,
Uganda,UGA,1986,781.27136,
Uganda,UGA,1987,708.94293,
Uganda,UGA,1988,655.0376,
Uganda,UGA,1989,609.45917,
Uganda,UGA,1990,575.1731,
Uganda,UGA,1991,548.51984,
Uganda,UGA,1992,530.49286,
Uganda,UGA,1993,514.57935,
Uganda,UGA,1994,506.75055,
Uganda,UGA,1995,514.18634,
Uganda,UGA,1996,513.4125,
Uganda,UGA,1997,521.8535,
Uganda,UGA,1998,523.2338,
Uganda,UGA,1999,503.9198,
Uganda,UGA,2000,475.09662,
Uganda,UGA,2001,440.31024,
Uganda,UGA,2002,415.75632,
Uganda,UGA,2003,394.54868,
Uganda,UGA,2004,384.3491,
Uganda,UGA,2005,416.90454,
Uganda,UGA,2006,408.65826,
Uganda,UGA,2007,344.59326,
Uganda,UGA,2008,324.47116,
Uganda,UGA,2009,322.4206,
Uganda,UGA,2010,304.34595,
Uganda,UGA,2011,294.5312,
Uganda,UGA,2012,285.06796,
Uganda,UGA,2013,307.6948,
Uganda,UGA,2014,311.34238,
Uganda,UGA,2015,299.1616,
Uganda,UGA,2016,272.45767,
Uganda,UGA,2017,246.26288,
Uganda,UGA,2018,231.96841,
Uganda,UGA,2019,218.71255,
Uganda,UGA,2020,209.48988,
Uganda,UGA,2021,215.75104,
Uganda,UGA,2022,183.90353,
Uganda,UGA,2023,170.31049,
Ukraine,UKR,1985,53.16711,
Ukraine,UKR,1986,50.16332,
Ukraine,UKR,1987,46.22196,
Ukraine,UKR,1988,43.6646,
Ukraine,UKR,1989,41.51471,
Ukraine,UKR,1990,39.97814,
Ukraine,UKR,1991,39.7738,
Ukraine,UKR,1992,40.26162,
Ukraine,UKR,1993,42.03893,
Ukraine,UKR,1994,44.8741,
Ukraine,UKR,1995,46.4463,
Ukraine,UKR,1996,45.44795,
Ukraine,UKR,1997,40.72097,
Ukraine,UKR,1998,36.58714,
Ukraine,UKR,1999,33.72524,
Ukraine,UKR,2000,31.66517,
Ukraine,UKR,2001,29.81381,
Ukraine,UKR,2002,28.2781,
Ukraine,UKR,2003,27.75427,
Ukraine,UKR,2004,27.4251,
Ukraine,UKR,2005,26.84814,
Ukraine,UKR,2006,26.75942,
Ukraine,UKR,2007,26.76394,
Ukraine,UKR,2008,26.06416,
Ukraine,UKR,2009,23.96282,
Ukraine,UKR,2010,21.34236,
Ukraine,UKR,2011,20.13721,
Ukraine,UKR,2012,19.73935,
Ukraine,UKR,2013,19.50281,
Ukraine,UKR,2014,18.72807,
Ukraine,UKR,2015,17.28115,
Ukraine,UKR,2016,16.50207,
Ukraine,UKR,2017,16.02145,
Ukraine,UKR,2018,16.17095,
Ukraine,UKR,2019,15.79274,
Ukraine,UKR,2020,17.97057,
Ukraine,UKR,2021,25.8609,
Ukraine,UKR,2022,15.51594,
Ukraine,UKR,2023,14.94809,
United Arab Emirates,ARE,1985,19.17064,
United Arab Emirates,ARE,1986,19.28527,
United Arab Emirates,ARE,1987,19.01954,
United Arab Emirates,ARE,1988,19.02078,
United Arab Emirates,ARE,1989,18.68188,
United Arab Emirates,ARE,1990,18.59937,
United Arab Emirates,ARE,1991,18.57154,
United Arab Emirates,ARE,1992,18.5698,
United Arab Emirates,ARE,1993,18.67336,
United Arab Emirates,ARE,1994,18.60078,
United Arab Emirates,ARE,1995,17.76305,
United Arab Emirates,ARE,1996,16.21235,
United Arab Emirates,ARE,1997,14.37402,
United Arab Emirates,ARE,1998,12.24221,
United Arab Emirates,ARE,1999,10.25351,
United Arab Emirates,ARE,2000,8.30548,
United Arab Emirates,ARE,2001,6.71038,
United Arab Emirates,ARE,2002,5.48928,
United Arab Emirates,ARE,2003,4.69062,
United Arab Emirates,ARE,2004,4.12821,
United Arab Emirates,ARE,2005,3.74722,
United Arab Emirates,ARE,2006,3.36451,
United Arab Emirates,ARE,2007,3.1263,
United Arab Emirates,ARE,2008,3.14776,
United Arab Emirates,ARE,2009,3.38199,
United Arab Emirates,ARE,2010,3.47995,
United Arab Emirates,ARE,2011,3.51875,
United Arab Emirates,ARE,2012,3.57986,
United Arab Emirates,ARE,2013,3.55901,
United Arab Emirates,ARE,2014,3.4017,
United Arab Emirates,ARE,2015,3.25416,
United Arab Emirates,ARE,2016,3.12068,
United Arab Emirates,ARE,2017,2.97479,
United Arab Emirates,ARE,2018,2.79811,
United Arab Emirates,ARE,2019,2.72132,
United Arab Emirates,ARE,2020,6.46264,
United Arab Emirates,ARE,2021,6.38915,
United Arab Emirates,ARE,2022,2.41534,
United Arab Emirates,ARE,2023,2.53869,
United Kingdom,GBR,1985,1.75616,
United Kingdom,GBR,1986,2.17964,
United Kingdom,GBR,1987,2.9287,
United Kingdom,GBR,1988,4.00336,
United Kingdom,GBR,1989,5.13583,
United Kingdom,GBR,1990,6.05122,
United Kingdom,GBR,1991,6.67893,
United Kingdom,GBR,1992,7.16635,
United Kingdom,GBR,1993,7.89501,
United Kingdom,GBR,1994,8.54522,
United Kingdom,GBR,1995,8.6324,
United Kingdom,GBR,1996,8.32189,
United Kingdom,GBR,1997,8.5858,
United Kingdom,GBR,1998,9.61358,
United Kingdom,GBR,1999,10.9531,
United Kingdom,GBR,2000,12.03832,
United Kingdom,GBR,2001,12.53768,
United Kingdom,GBR,2002,13.20043,
United Kingdom,GBR,2003,13.55564,
United Kingdom,GBR,2004,13.1026,
United Kingdom,GBR,2005,12.29702,
United Kingdom,GBR,2006,11.74696,
United Kingdom,GBR,2007,11.13534,
United Kingdom,GBR,2008,11.09101,
United Kingdom,GBR,2009,10.56366,
United Kingdom,GBR,2010,10.21533,
United Kingdom,GBR,2011,9.67391,
United Kingdom,GBR,2012,8.9262,
United Kingdom,GBR,2013,8.70859,
United Kingdom,GBR,2014,8.98188,
United Kingdom,GBR,2015,9.15173,
United Kingdom,GBR,2016,9.4143,
United Kingdom,GBR,2017,9.14605,
United Kingdom,GBR,2018,9.3601,
United Kingdom,GBR,2019,9.08522,
United Kingdom,GBR,2020,13.53946,
United Kingdom,GBR,2021,12.91922,
United Kingdom,GBR,2022,15.17274,
United Kingdom,GBR,2023,8.30599,
United States,USA,1985,11.01325,Values from 2003–2017 affected by measurement change
United States,USA,1986,11.22938,Values from 2003–2017 affected by measurement change
United States,USA,1987,11.42674,Values from 2003–2017 affected by measurement change
United States,USA,1988,11.66114,Values from 2003–2017 affected by measurement change
United States,USA,1989,11.76285,Values from 2003–2017 affected by measurement change
United States,USA,1990,11.75229,Values from 2003–2017 affected by measurement change
United States,USA,1991,11.76781,Values from 2003–2017 affected by measurement change
United States,USA,1992,11.41729,Values from 2003–2017 affected by measurement change
United States,USA,1993,11.55434,Values from 2003–2017 affected by measurement change
United States,USA,1994,11.48022,Values from 2003–2017 affected by measurement change
United States,USA,1995,11.54999,Values from 2003–2017 affected by measurement change
United States,USA,1996,11.32652,Values from 2003–2017 affected by measurement change
United States,USA,1997,11.08841,Values from 2003–2017 affected by measurement change
United States,USA,1998,11.14173,Values from 2003–2017 affected by measurement change
United States,USA,1999,11.6704,Values from 2003–2017 affected by measurement change
United States,USA,2000,12.08972,Values from 2003–2017 affected by measurement change
United States,USA,2001,12.66158,Values from 2003–2017 affected by measurement change
United States,USA,2002,12.97853,Values from 2003–2017 affected by measurement change
United States,USA,2003,13.32249,Values from 2003–2017 affected by measurement change
United States,USA,2004,13.22134,Values from 2003–2017 affected by measurement change
United States,USA,2005,13.35735,Values from 2003–2017 affected by measurement change
United States,USA,2006,13.48268,Values from 2003–2017 affected by measurement change
United States,USA,2007,13.49325,Values from 2003–2017 affected by measurement change
United States,USA,2008,13.8463,Values from 2003–2017 affected by measurement change
United States,USA,2009,14.5966,Values from 2003–2017 affected by measurement change
United States,USA,2010,14.58391,Values from 2003–2017 affected by measurement change
United States,USA,2011,15.34365,Values from 2003–2017 affected by measurement change
United States,USA,2012,15.68152,Values from 2003–2017 affected by measurement change
United States,USA,2013,16.06281,Values from 2003–2017 affected by measurement change
United States,USA,2014,16.53585,Values from 2003–2017 affected by measurement change
United States,USA,2015,17.02174,Values from 2003–2017 affected by measurement change
United States,USA,2016,17.78948,Values from 2003–2017 affected by measurement change
United States,USA,2017,17.85647,Values from 2003–2017 affected by measurement change
United States,USA,2018,17.55006,Values from 2003–2017 affected by measurement change
United States,USA,2019,17.51903,Values from 2003–2017 affected by measurement change
United States,USA,2020,22.45825,Values from 2003–2017 affected by measurement change
United States,USA,2021,31.21465,Values from 2003–2017 affected by measurement change
United States,USA,2022,20.03668,Values from 2003–2017 affected by measurement change
United States,USA,2023,16.63253,Values from 2003–2017 affected by measurement change
Uruguay,URY,1985,41.19147,
Uruguay,URY,1986,40.76068,
Uruguay,URY,1987,40.54433,
Uruguay,URY,1988,38.88979,
Uruguay,URY,1989,36.04004,
Uruguay,URY,1990,35.27943,
Uruguay,URY,1991,33.02462,
Uruguay,URY,1992,32.55807,
Uruguay,URY,1993,30.73841,
Uruguay,URY,1994,29.96575,
Uruguay,URY,1995,28.63125,
Uruguay,URY,1996,27.5437,
Uruguay,URY,1997,26.97372,
Uruguay,URY,1998,25.26366,
Uruguay,URY,1999,24.49772,
Uruguay,URY,2000,23.46975,
Uruguay,URY,2001,24.01111,
Uruguay,URY,2002,23.32382,
Uruguay,URY,2003,22.55953,
Uruguay,URY,2004,21.41815,
Uruguay,URY,2005,20.32274,
Uruguay,URY,2006,19.679,
Uruguay,URY,2007,18.9414,
Uruguay,URY,2008,18.61649,
Uruguay,URY,2009,17.63661,
Uruguay,URY,2010,17.22467,
Uruguay,URY,2011,16.6331,
Uruguay,URY,2012,16.48729,
Uruguay,URY,2013,16.22154,
Uruguay,URY,2014,16.32017,
Uruguay,URY,2015,15.97752,
Uruguay,URY,2016,16.14472,
Uruguay,URY,2017,16.40602,
Uruguay,URY,2018,15.98041,
Uruguay,URY,2019,15.93727,
Uruguay,URY,2020,19.56055,
Uruguay,URY,2021,49.46617,
Uruguay,URY,2022,19.75276,
Uruguay,URY,2023,15.30536,
Uzbekistan,UZB,1985,72.48265,
Uzbekistan,UZB,1986,68.85393,
Uzbekistan,UZB,1987,63.2913,
Uzbekistan,UZB,1988,57.67732,
Uzbekistan,UZB,1989,52.98016,
Uzbekistan,UZB,1990,49.86593,
Uzbekistan,UZB,1991,46.74356,
Uzbekistan,UZB,1992,46.46468,
Uzbekistan,UZB,1993,47.13439,
Uzbekistan,UZB,1994,48.52975,
Uzbekistan,UZB,1995,46.29667,
Uzbekistan,UZB,1996,43.98634,
Uzbekistan,UZB,1997,42.20501,
Uzbekistan,UZB,1998,42.42463,
Uzbekistan,UZB,1999,42.54865,
Uzbekistan,UZB,2000,42.3655,
Uzbekistan,UZB,2001,41.77733,
Uzbekistan,UZB,2002,40.59912,
Uzbekistan,UZB,2003,39.96568,
Uzbekistan,UZB,2004,39.44136,
Uzbekistan,UZB,2005,39.44894,
Uzbekistan,UZB,2006,38.42627,
Uzbekistan,UZB,2007,36.51918,
Uzbekistan,UZB,2008,35.30643,
Uzbekistan,UZB,2009,34.08473,
Uzbekistan,UZB,2010,34.00849,
Uzbekistan,UZB,2011,33.42118,
Uzbekistan,UZB,2012,32.77691,
Uzbekistan,UZB,2013,32.25425,
Uzbekistan,UZB,2014,31.73925,
Uzbekistan,UZB,2015,31.17995,
Uzbekistan,UZB,2016,30.567,
Uzbekistan,UZB,2017,30.06656,
Uzbekistan,UZB,2018,29.18003,
Uzbekistan,UZB,2019,29.20504,
Uzbekistan,UZB,2020,28.69185,
Uzbekistan,UZB,2021,27.92281,
Uzbekistan,UZB,2022,27.40177,
Uzbekistan,UZB,2023,26.46382,
Vanuatu,VUT,1985,210.6784,
Vanuatu,VUT,1986,194.26665,
Vanuatu,VUT,1987,199.74072,
Vanuatu,VUT,1988,171.75726,
Vanuatu,VUT,1989,161.75975,
Vanuatu,VUT,1990,150.52783,
Vanuatu,VUT,1991,140.43678,
Vanuatu,VUT,1992,140.00073,
Vanuatu,VUT,1993,133.07692,
Vanuatu,VUT,1994,130.64523,
Vanuatu,VUT,1995,131.24811,
Vanuatu,VUT,1996,129.33958,
Vanuatu,VUT,1997,131.0722,
Vanuatu,VUT,1998,134.12418,
Vanuatu,VUT,1999,146.00894,
Vanuatu,VUT,2000,133.48837,
Vanuatu,VUT,2001,131.8212,
Vanuatu,VUT,2002,128.00706,
Vanuatu,VUT,2003,131.15033,
Vanuatu,VUT,2004,130.77962,
Vanuatu,VUT,2005,127.01807,
Vanuatu,VUT,2006,122.95377,
Vanuatu,VUT,2007,119.75986,
Vanuatu,VUT,2008,116.75735,
Vanuatu,VUT,2009,113.97104,
Vanuatu,VUT,2010,114.43244,
Vanuatu,VUT,2011,111.84312,
Vanuatu,VUT,2012,109.27379,
Vanuatu,VUT,2013,110.28557,
Vanuatu,VUT,2014,110.45751,
Vanuatu,VUT,2015,109.31038,
Vanuatu,VUT,2016,107.31616,
Vanuatu,VUT,2017,107.39276,
Vanuatu,VUT,2018,107.53019,
Vanuatu,VUT,2019,105.15384,
Vanuatu,VUT,2020,107.06372,
Vanuatu,VUT,2021,123.97845,
Vanuatu,VUT,2022,104.92538,
Vanuatu,VUT,2023,100.04789,
Venezuela,VEN,1985,83.49688,
Venezuela,VEN,1986,80.71548,
Venezuela,VEN,1987,81.42621,
Venezuela,VEN,1988,80.22416,
Venezuela,VEN,1989,79.52497,
Venezuela,VEN,1990,83.07655,
Venezuela,VEN,1991,79.70658,
Venezuela,VEN,1992,81.62705,
Venezuela,VEN,1993,81.53889,
Venezuela,VEN,1994,84.12977,
Venezuela,VEN,1995,84.02993,
Venezuela,VEN,1996,86.32196,
Venezuela,VEN,1997,82.22022,
Venezuela,VEN,1998,82.37924,
Venezuela,VEN,1999,88.06087,
Venezuela,VEN,2000,86.20277,
Venezuela,VEN,2001,100.74101,
Venezuela,VEN,2002,87.32028,
Venezuela,VEN,2003,96.97698,
Venezuela,VEN,2004,93.55644,
Venezuela,VEN,2005,92.51817,
Venezuela,VEN,2006,95.80466,
Venezuela,VEN,2007,91.59014,
Venezuela,VEN,2008,103.26315,
Venezuela,VEN,2009,108.62344,
Venezuela,VEN,2010,109.52463,
Venezuela,VEN,2011,104.08247,
Venezuela,VEN,2012,112.8873,
Venezuela,VEN,2013,122.69877,
Venezuela,VEN,2014,132.5662,
Venezuela,VEN,2015,136.26321,
Venezuela,VEN,2016,162.19524,
Venezuela,VEN,2017,194.8883,
Venezuela,VEN,2018,204.59177,
Venezuela,VEN,2019,202.18661,
Venezuela,VEN,2020,206.5342,
Venezuela,VEN,2021,250.73112,
Venezuela,VEN,2022,218.88986,
Venezuela,VEN,2023,226.6855,
Vietnam,VNM,1985,185.52985,
Vietnam,VNM,1986,174.3258,
Vietnam,VNM,1987,163.2027,
Vietnam,VNM,1988,155.37163,
Vietnam,VNM,1989,152.45215,
Vietnam,VNM,1990,147.07729,
Vietnam,VNM,1991,142.40643,
Vietnam,VNM,1992,139.1903,
Vietnam,VNM,1993,134.82076,
Vietnam,VNM,1994,129.55814,
Vietnam,VNM,1995,119.17357,
Vietnam,VNM,1996,111.13143,
Vietnam,VNM,1997,104.42767,
Vietnam,VNM,1998,92.6799,
Vietnam,VNM,1999,85.62169,
Vietnam,VNM,2000,82.51551,
Vietnam,VNM,2001,78.10256,
Vietnam,VNM,2002,74.14725,
Vietnam,VNM,2003,71.29536,
Vietnam,VNM,2004,72.23884,
Vietnam,VNM,2005,69.27111,
Vietnam,VNM,2006,66.92736,
Vietnam,VNM,2007,65.79555,
Vietnam,VNM,2008,64.89296,
Vietnam,VNM,2009,64.10148,
Vietnam,VNM,2010,62.31888,
Vietnam,VNM,2011,61.05524,
Vietnam,VNM,2012,60.42155,
Vietnam,VNM,2013,59.65674,
Vietnam,VNM,2014,59.01456,
Vietnam,VNM,2015,57.62866,
Vietnam,VNM,2016,56.04668,
Vietnam,VNM,2017,54.73426,
Vietnam,VNM,2018,53.18888,
Vietnam,VNM,2019,52.20333,
Vietnam,VNM,2020,51.33381,
Vietnam,VNM,2021,52.23593,
Vietnam,VNM,2022,49.1046,
Vietnam,VNM,2023,47.61028,
Western Pacific (WHO),,1985,140.19687,
Western Pacific (WHO),,1986,133.62495,
Western Pacific (WHO),,1987,127.18228,
Western Pacific (WHO),,1988,120.90484,
Western Pacific (WHO),,1989,116.64084,
Western Pacific (WHO),,1990,114.01538,
Western Pacific (WHO),,1991,108.26702,
Western Pacific (WHO),,1992,103.00916,
Western Pacific (WHO),,1993,99.24749,
Western Pacific (WHO),,1994,95.75115,
Western Pacific (WHO),,1995,90.50093,
Western Pacific (WHO),,1996,86.25961,
Western Pacific (WHO),,1997,82.32946,
Western Pacific (WHO),,1998,79.27566,
Western Pacific (WHO),,1999,76.01659,
Western Pacific (WHO),,2000,72.62926,
Western Pacific (WHO),,2001,70.67524,
Western Pacific (WHO),,2002,67.51983,
Western Pacific (WHO),,2003,65.00976,
Western Pacific (WHO),,2004,62.09252,
Western Pacific (WHO),,2005,58.85398,
Western Pacific (WHO),,2006,57.75132,
Western Pacific (WHO),,2007,55.08595,
Western Pacific (WHO),,2008,54.47386,
Western Pacific (WHO),,2009,51.35058,
Western Pacific (WHO),,2010,49.49082,
Western Pacific (WHO),,2011,47.79114,
Western Pacific (WHO),,2012,45.32664,
Western Pacific (WHO),,2013,43.94105,
Western Pacific (WHO),,2014,41.64786,
Western Pacific (WHO),,2015,40.29534,
Western Pacific (WHO),,2016,37.82462,
Western Pacific (WHO),,2017,35.53242,
Western Pacific (WHO),,2018,36.15087,
Western Pacific (WHO),,2019,35.52335,
Western Pacific (WHO),,2020,36.56461,
Western Pacific (WHO),,2021,47.9118,
Western Pacific (WHO),,2022,38.42993,
Western Pacific (WHO),,2023,35.41851,
World,OWID_WRL,1985,460.42484,
World,OWID_WRL,1986,438.46378,
World,OWID_WRL,1987,429.22513,
World,OWID_WRL,1988,414.36176,
World,OWID_WRL,1989,401.21313,
World,OWID_WRL,1990,391.18057,
World,OWID_WRL,1991,394.889,
World,OWID_WRL,1992,394.74506,
World,OWID_WRL,1993,389.09732,
World,OWID_WRL,1994,382.04163,
World,OWID_WRL,1995,371.05756,
World,OWID_WRL,1996,365.8749,
World,OWID_WRL,1997,358.16174,
World,OWID_WRL,1998,360.31766,
World,OWID_WRL,1999,339.88174,
World,OWID_WRL,2000,327.629,
World,OWID_WRL,2001,321.17523,
World,OWID_WRL,2002,311.38922,
World,OWID_WRL,2003,300.771,
World,OWID_WRL,2004,290.933,
World,OWID_WRL,2005,282.96243,
World,OWID_WRL,2006,275.83496,
World,OWID_WRL,2007,269.23865,
World,OWID_WRL,2008,264.2024,
World,OWID_WRL,2009,258.4926,
World,OWID_WRL,2010,253.34396,
World,OWID_WRL,2011,247.32632,
World,OWID_WRL,2012,238.81865,
World,OWID_WRL,2013,235.36089,
World,OWID_WRL,2014,230.63486,
World,OWID_WRL,2015,227.7372,
World,OWID_WRL,2016,220.34515,
World,OWID_WRL,2017,214.70836,
World,OWID_WRL,2018,210.89552,
World,OWID_WRL,2019,207.09743,
World,OWID_WRL,2020,210.50069,
World,OWID_WRL,2021,241.94014,
World,OWID_WRL,2022,202.5805,
World,OWID_WRL,2023,197.30537,
Yemen,YEM,1985,429.85437,
Yemen,YEM,1986,430.43225,
Yemen,YEM,1987,399.7482,
Yemen,YEM,1988,388.4215,
Yemen,YEM,1989,371.482,
Yemen,YEM,1990,358.69803,
Yemen,YEM,1991,341.36398,
Yemen,YEM,1992,329.52405,
Yemen,YEM,1993,319.28696,
Yemen,YEM,1994,310.9464,
Yemen,YEM,1995,295.52563,
Yemen,YEM,1996,281.59354,
Yemen,YEM,1997,270.54526,
Yemen,YEM,1998,259.692,
Yemen,YEM,1999,250.49065,
Yemen,YEM,2000,240.8793,
Yemen,YEM,2001,231.37177,
Yemen,YEM,2002,218.46053,
Yemen,YEM,2003,205.14008,
Yemen,YEM,2004,194.22223,
Yemen,YEM,2005,181.10242,
Yemen,YEM,2006,171.04465,
Yemen,YEM,2007,161.16231,
Yemen,YEM,2008,153.31009,
Yemen,YEM,2009,148.86128,
Yemen,YEM,2010,144.05402,
Yemen,YEM,2011,139.98576,
Yemen,YEM,2012,137.3334,
Yemen,YEM,2013,134.89378,
Yemen,YEM,2014,134.12105,
Yemen,YEM,2015,134.67581,
Yemen,YEM,2016,133.79826,
Yemen,YEM,2017,141.81284,
Yemen,YEM,2018,134.10213,
Yemen,YEM,2019,131.18709,
Yemen,YEM,2020,135.0216,
Yemen,YEM,2021,155.89415,
Yemen,YEM,2022,124.95032,
Yemen,YEM,2023,118.40133,
Zambia,ZMB,1985,595.9181,
Zambia,ZMB,1986,618.6468,
Zambia,ZMB,1987,629.6631,
Zambia,ZMB,1988,635.26733,
Zambia,ZMB,1989,635.3632,
Zambia,ZMB,1990,625.0109,
Zambia,ZMB,1991,611.3639,
Zambia,ZMB,1992,580.95526,
Zambia,ZMB,1993,531.9217,
Zambia,ZMB,1994,507.26025,
Zambia,ZMB,1995,465.6034,
Zambia,ZMB,1996,432.6746,
Zambia,ZMB,1997,403.08737,
Zambia,ZMB,1998,391.94812,
Zambia,ZMB,1999,377.90976,
Zambia,ZMB,2000,340.18396,
Zambia,ZMB,2001,305.6169,
Zambia,ZMB,2002,273.72107,
Zambia,ZMB,2003,249.8508,
Zambia,ZMB,2004,259.57358,
Zambia,ZMB,2005,263.71896,
Zambia,ZMB,2006,262.19922,
Zambia,ZMB,2007,323.86212,
Zambia,ZMB,2008,393.55362,
Zambia,ZMB,2009,406.35245,
Zambia,ZMB,2010,331.6697,
Zambia,ZMB,2011,291.1451,
Zambia,ZMB,2012,255.90681,
Zambia,ZMB,2013,213.32324,
Zambia,ZMB,2014,173.68462,
Zambia,ZMB,2015,154.4059,
Zambia,ZMB,2016,158.09521,
Zambia,ZMB,2017,141.40315,
Zambia,ZMB,2018,117.17328,
Zambia,ZMB,2019,102.75513,
Zambia,ZMB,2020,98.62834,
Zambia,ZMB,2021,140.14359,
Zambia,ZMB,2022,89.45119,
Zambia,ZMB,2023,85.45037,
Zimbabwe,ZWE,1985,573.3274,
Zimbabwe,ZWE,1986,524.8231,
Zimbabwe,ZWE,1987,479.9543,
Zimbabwe,ZWE,1988,430.79474,
Zimbabwe,ZWE,1989,382.2982,
Zimbabwe,ZWE,1990,353.3196,
Zimbabwe,ZWE,1991,331.79453,
Zimbabwe,ZWE,1992,332.98465,
Zimbabwe,ZWE,1993,330.56604,
Zimbabwe,ZWE,1994,332.35794,
Zimbabwe,ZWE,1995,331.70676,
Zimbabwe,ZWE,1996,352.00403,
Zimbabwe,ZWE,1997,356.88922,
Zimbabwe,ZWE,1998,368.41312,
Zimbabwe,ZWE,1999,398.6969,
Zimbabwe,ZWE,2000,404.5446,
Zimbabwe,ZWE,2001,467.3521,
Zimbabwe,ZWE,2002,417.66486,
Zimbabwe,ZWE,2003,454.86014,
Zimbabwe,ZWE,2004,451.07605,
Zimbabwe,ZWE,2005,453.71964,
Zimbabwe,ZWE,2006,479.82224,
Zimbabwe,ZWE,2007,518.99005,
Zimbabwe,ZWE,2008,525.922,
Zimbabwe,ZWE,2009,539.5339,
Zimbabwe,ZWE,2010,566.5663,
Zimbabwe,ZWE,2011,564.02075,
Zimbabwe,ZWE,2012,557.8331,
Zimbabwe,ZWE,2013,525.25,
Zimbabwe,ZWE,2014,467.8001,
Zimbabwe,ZWE,2015,427.93143,
Zimbabwe,ZWE,2016,411.3501,
Zimbabwe,ZWE,2017,389.33356,
Zimbabwe,ZWE,2018,385.52374,
Zimbabwe,ZWE,2019,387.60043,
Zimbabwe,ZWE,2020,379.97137,
Zimbabwe,ZWE,2021,446.41684,
Zimbabwe,ZWE,2022,367.80658,
Zimbabwe,ZWE,2023,357.615,