Entity,Code,Year,Share of newborns who die before reaching 28 days of age
Afghanistan,AFG,1987,8.089428
Afghanistan,AFG,1988,7.9004726
Afghanistan,AFG,1989,7.7007313
Afghanistan,AFG,1990,7.551926
Afghanistan,AFG,1991,7.398304
Afghanistan,AFG,1992,7.2479577
Afghanistan,AFG,1993,7.1000786
Afghanistan,AFG,1994,6.9559093
Afghanistan,AFG,1995,6.82241
Afghanistan,AFG,1996,6.695858
Afghanistan,AFG,1997,6.571656
Afghanistan,AFG,1998,6.4547625
Afghanistan,AFG,1999,6.3405547
Afghanistan,AFG,2000,6.222098
Afghanistan,AFG,2001,6.097031
Afghanistan,AFG,2002,5.9702635
Afghanistan,AFG,2003,5.833352
Afghanistan,AFG,2004,5.6962304
Afghanistan,AFG,2005,5.5483003
Afghanistan,AFG,2006,5.4026093
Afghanistan,AFG,2007,5.255814
Afghanistan,AFG,2008,5.106831
Afghanistan,AFG,2009,4.961702
Afghanistan,AFG,2010,4.818005
Afghanistan,AFG,2011,4.6799965
Afghanistan,AFG,2012,4.5462265
Afghanistan,AFG,2013,4.417067
Afghanistan,AFG,2014,4.293857
Afghanistan,AFG,2015,4.1792526
Afghanistan,AFG,2016,4.0755835
Afghanistan,AFG,2017,3.974449
Afghanistan,AFG,2018,3.874984
Afghanistan,AFG,2019,3.7819285
Afghanistan,AFG,2020,3.6915953
Afghanistan,AFG,2021,3.6004705
Afghanistan,AFG,2022,3.5167227
Afghanistan,AFG,2023,3.4294071
Africa,OWID_AFR,1977,5.211143
Africa,OWID_AFR,1978,5.1293225
Africa,OWID_AFR,1979,5.045488
Africa,OWID_AFR,1980,4.990591
Africa,OWID_AFR,1981,4.899812
Africa,OWID_AFR,1982,4.80178
Africa,OWID_AFR,1983,4.718653
Africa,OWID_AFR,1984,4.6067257
Africa,OWID_AFR,1985,4.512027
Africa,OWID_AFR,1986,4.420553
Africa,OWID_AFR,1987,4.333595
Africa,OWID_AFR,1988,4.2596946
Africa,OWID_AFR,1989,4.239736
Africa,OWID_AFR,1990,4.1769295
Africa,OWID_AFR,1991,4.1276493
Africa,OWID_AFR,1992,4.079222
Africa,OWID_AFR,1993,4.0268555
Africa,OWID_AFR,1994,3.9782531
Africa,OWID_AFR,1995,3.9225073
Africa,OWID_AFR,1996,3.8666098
Africa,OWID_AFR,1997,3.804176
Africa,OWID_AFR,1998,3.7356527
Africa,OWID_AFR,1999,3.6570008
Africa,OWID_AFR,2000,3.57748
Africa,OWID_AFR,2001,3.4965174
Africa,OWID_AFR,2002,3.416216
Africa,OWID_AFR,2003,3.33904
Africa,OWID_AFR,2004,3.266986
Africa,OWID_AFR,2005,3.198225
Africa,OWID_AFR,2006,3.1331553
Africa,OWID_AFR,2007,3.0731478
Africa,OWID_AFR,2008,3.016108
Africa,OWID_AFR,2009,2.961611
Africa,OWID_AFR,2010,2.9056637
Africa,OWID_AFR,2011,2.85803
Africa,OWID_AFR,2012,2.8067613
Africa,OWID_AFR,2013,2.7609038
Africa,OWID_AFR,2014,2.7225504
Africa,OWID_AFR,2015,2.684012
Africa,OWID_AFR,2016,2.647757
Africa,OWID_AFR,2017,2.613705
Africa,OWID_AFR,2018,2.5726888
Africa,OWID_AFR,2019,2.532542
Africa,OWID_AFR,2020,2.4913547
Africa,OWID_AFR,2021,2.4495757
Africa,OWID_AFR,2022,2.4076185
Africa,OWID_AFR,2023,2.3604634
Albania,ALB,1979,2.2707431
Albania,ALB,1980,2.1335092
Albania,ALB,1981,1.9819678
Albania,ALB,1982,1.8458707
Albania,ALB,1983,1.7157706
Albania,ALB,1984,1.6140469
Albania,ALB,1985,1.5271646
Albania,ALB,1986,1.457322
Albania,ALB,1987,1.400655
Albania,ALB,1988,1.3487862
Albania,ALB,1989,1.2987294
Albania,ALB,1990,1.2633086
Albania,ALB,1991,1.2453028
Albania,ALB,1992,1.2357253
Albania,ALB,1993,1.2351596
Albania,ALB,1994,1.2349154
Albania,ALB,1995,1.2406938
Albania,ALB,1996,1.2460586
Albania,ALB,1997,1.2436384
Albania,ALB,1998,1.2437162
Albania,ALB,1999,1.2331586
Albania,ALB,2000,1.2127756
Albania,ALB,2001,1.1827123
Albania,ALB,2002,1.149867
Albania,ALB,2003,1.1220367
Albania,ALB,2004,1.0925016
Albania,ALB,2005,1.0529715
Albania,ALB,2006,0.99951935
Albania,ALB,2007,0.92534363
Albania,ALB,2008,0.83047265
Albania,ALB,2009,0.7351214
Albania,ALB,2010,0.6651513
Albania,ALB,2011,0.6267336
Albania,ALB,2012,0.6057008
Albania,ALB,2013,0.5920656
Albania,ALB,2014,0.58877003
Albania,ALB,2015,0.6027977
Albania,ALB,2016,0.63379973
Albania,ALB,2017,0.6680184
Albania,ALB,2018,0.6953124
Albania,ALB,2019,0.71199274
Albania,ALB,2020,0.7171098
Albania,ALB,2021,0.7113948
Albania,ALB,2022,0.6993006
Albania,ALB,2023,0.6859498
Algeria,DZA,1969,7.2169213
Algeria,DZA,1970,7.0850415
Algeria,DZA,1971,6.896795
Algeria,DZA,1972,6.6749086
Algeria,DZA,1973,6.443095
Algeria,DZA,1974,6.2032313
Algeria,DZA,1975,5.9539666
Algeria,DZA,1976,5.704397
Algeria,DZA,1977,5.4704914
Algeria,DZA,1978,5.2401085
Algeria,DZA,1979,5.0005507
Algeria,DZA,1980,4.7435555
Algeria,DZA,1981,4.4539337
Algeria,DZA,1982,4.123581
Algeria,DZA,1983,3.7611232
Algeria,DZA,1984,3.4060426
Algeria,DZA,1985,3.0941312
Algeria,DZA,1986,2.8402543
Algeria,DZA,1987,2.6531353
Algeria,DZA,1988,2.5328705
Algeria,DZA,1989,2.4600775
Algeria,DZA,1990,2.4209783
Algeria,DZA,1991,2.405423
Algeria,DZA,1992,2.3977435
Algeria,DZA,1993,2.3919678
Algeria,DZA,1994,2.3861485
Algeria,DZA,1995,2.375769
Algeria,DZA,1996,2.363429
Algeria,DZA,1997,2.3473475
Algeria,DZA,1998,2.327762
Algeria,DZA,1999,2.3027618
Algeria,DZA,2000,2.2716975
Algeria,DZA,2001,2.2333035
Algeria,DZA,2002,2.1940203
Algeria,DZA,2003,2.146514
Algeria,DZA,2004,2.0867424
Algeria,DZA,2005,2.0272636
Algeria,DZA,2006,1.9724847
Algeria,DZA,2007,1.9161441
Algeria,DZA,2008,1.8639283
Algeria,DZA,2009,1.8192959
Algeria,DZA,2010,1.7896867
Algeria,DZA,2011,1.7608224
Algeria,DZA,2012,1.711939
Algeria,DZA,2013,1.6365587
Algeria,DZA,2014,1.5631838
Algeria,DZA,2015,1.5167315
Algeria,DZA,2016,1.5044947
Algeria,DZA,2017,1.521426
Algeria,DZA,2018,1.5545269
Algeria,DZA,2019,1.5841494
Algeria,DZA,2020,1.5944201
Algeria,DZA,2021,1.5854968
Algeria,DZA,2022,1.5634977
Algeria,DZA,2023,1.5329233
Andorra,AND,1989,0.67859495
Andorra,AND,1990,0.63941926
Andorra,AND,1991,0.6035976
Andorra,AND,1992,0.56796026
Andorra,AND,1993,0.53349054
Andorra,AND,1994,0.5019483
Andorra,AND,1995,0.47233227
Andorra,AND,1996,0.4449944
Andorra,AND,1997,0.42056692
Andorra,AND,1998,0.39754304
Andorra,AND,1999,0.37556586
Andorra,AND,2000,0.3525617
Andorra,AND,2001,0.33064646
Andorra,AND,2002,0.31411743
Andorra,AND,2003,0.29757348
Andorra,AND,2004,0.28448886
Andorra,AND,2005,0.27311334
Andorra,AND,2006,0.26275653
Andorra,AND,2007,0.25267625
Andorra,AND,2008,0.24234374
Andorra,AND,2009,0.23189971
Andorra,AND,2010,0.22231741
Andorra,AND,2011,0.21271104
Andorra,AND,2012,0.20457816
Andorra,AND,2013,0.19590057
Andorra,AND,2014,0.18712318
Andorra,AND,2015,0.17836007
Andorra,AND,2016,0.17055166
Andorra,AND,2017,0.16316612
Andorra,AND,2018,0.15707846
Andorra,AND,2019,0.15110974
Andorra,AND,2020,0.14457116
Andorra,AND,2021,0.13964084
Andorra,AND,2022,0.13465834
Andorra,AND,2023,0.13013214
Angola,AGO,1989,5.359162
Angola,AGO,1990,5.3391633
Angola,AGO,1991,5.336507
Angola,AGO,1992,5.340287
Angola,AGO,1993,5.338507
Angola,AGO,1994,5.323355
Angola,AGO,1995,5.3030615
Angola,AGO,1996,5.2641835
Angola,AGO,1997,5.218717
Angola,AGO,1998,5.1466436
Angola,AGO,1999,5.079588
Angola,AGO,2000,4.991321
Angola,AGO,2001,4.8852944
Angola,AGO,2002,4.7698455
Angola,AGO,2003,4.630181
Angola,AGO,2004,4.4764395
Angola,AGO,2005,4.3263574
Angola,AGO,2006,4.1677017
Angola,AGO,2007,4.0282593
Angola,AGO,2008,3.888312
Angola,AGO,2009,3.7497485
Angola,AGO,2010,3.6197696
Angola,AGO,2011,3.4983318
Angola,AGO,2012,3.3830993
Angola,AGO,2013,3.2677882
Angola,AGO,2014,3.166964
Angola,AGO,2015,3.072365
Angola,AGO,2016,2.9841948
Angola,AGO,2017,2.9076161
Angola,AGO,2018,2.8392801
Angola,AGO,2019,2.7856035
Angola,AGO,2020,2.728305
Angola,AGO,2021,2.6646137
Angola,AGO,2022,2.6093757
Angola,AGO,2023,2.5608594
Anguilla,AIA,1989,1.075964
Anguilla,AIA,1990,1.0208248
Anguilla,AIA,1991,0.96908844
Anguilla,AIA,1992,0.9205755
Anguilla,AIA,1993,0.8745764
Anguilla,AIA,1994,0.8320365
Anguilla,AIA,1995,0.791182
Anguilla,AIA,1996,0.7536767
Anguilla,AIA,1997,0.7210077
Anguilla,AIA,1998,0.69023025
Anguilla,AIA,1999,0.6631518
Anguilla,AIA,2000,0.637836
Anguilla,AIA,2001,0.61387146
Anguilla,AIA,2002,0.5921553
Anguilla,AIA,2003,0.570722
Anguilla,AIA,2004,0.5499118
Anguilla,AIA,2005,0.53146267
Anguilla,AIA,2006,0.51392764
Anguilla,AIA,2007,0.49659884
Anguilla,AIA,2008,0.48170808
Anguilla,AIA,2009,0.4672058
Anguilla,AIA,2010,0.45312893
Anguilla,AIA,2011,0.43915132
Anguilla,AIA,2012,0.42723694
Anguilla,AIA,2013,0.41484407
Anguilla,AIA,2014,0.40400904
Anguilla,AIA,2015,0.39069644
Anguilla,AIA,2016,0.3782937
Anguilla,AIA,2017,0.36673823
Anguilla,AIA,2018,0.35437295
Anguilla,AIA,2019,0.3434182
Anguilla,AIA,2020,0.33298832
Anguilla,AIA,2021,0.3219372
Anguilla,AIA,2022,0.31121036
Anguilla,AIA,2023,0.30100012
Antigua and Barbuda,ATG,1971,1.6133432
Antigua and Barbuda,ATG,1972,1.5012157
Antigua and Barbuda,ATG,1973,1.4118023
Antigua and Barbuda,ATG,1974,1.3330246
Antigua and Barbuda,ATG,1975,1.262686
Antigua and Barbuda,ATG,1976,1.1902428
Antigua and Barbuda,ATG,1977,1.113409
Antigua and Barbuda,ATG,1978,1.0333782
Antigua and Barbuda,ATG,1979,0.9540861
Antigua and Barbuda,ATG,1980,0.8816063
Antigua and Barbuda,ATG,1981,0.8211892
Antigua and Barbuda,ATG,1982,0.77174824
Antigua and Barbuda,ATG,1983,0.7342022
Antigua and Barbuda,ATG,1984,0.71178406
Antigua and Barbuda,ATG,1985,0.70637494
Antigua and Barbuda,ATG,1986,0.7151471
Antigua and Barbuda,ATG,1987,0.7359841
Antigua and Barbuda,ATG,1988,0.76590246
Antigua and Barbuda,ATG,1989,0.8034141
Antigua and Barbuda,ATG,1990,0.84485507
Antigua and Barbuda,ATG,1991,0.89089274
Antigua and Barbuda,ATG,1992,0.9390112
Antigua and Barbuda,ATG,1993,0.9846898
Antigua and Barbuda,ATG,1994,1.0270908
Antigua and Barbuda,ATG,1995,1.0607772
Antigua and Barbuda,ATG,1996,1.0844264
Antigua and Barbuda,ATG,1997,1.0958321
Antigua and Barbuda,ATG,1998,1.0983529
Antigua and Barbuda,ATG,1999,1.0943493
Antigua and Barbuda,ATG,2000,1.0863047
Antigua and Barbuda,ATG,2001,1.074539
Antigua and Barbuda,ATG,2002,1.0554386
Antigua and Barbuda,ATG,2003,1.0263791
Antigua and Barbuda,ATG,2004,0.98996425
Antigua and Barbuda,ATG,2005,0.94952416
Antigua and Barbuda,ATG,2006,0.90632445
Antigua and Barbuda,ATG,2007,0.8632049
Antigua and Barbuda,ATG,2008,0.8225328
Antigua and Barbuda,ATG,2009,0.78476596
Antigua and Barbuda,ATG,2010,0.7532331
Antigua and Barbuda,ATG,2011,0.7248416
Antigua and Barbuda,ATG,2012,0.70171
Antigua and Barbuda,ATG,2013,0.68356085
Antigua and Barbuda,ATG,2014,0.6677102
Antigua and Barbuda,ATG,2015,0.65180665
Antigua and Barbuda,ATG,2016,0.6376468
Antigua and Barbuda,ATG,2017,0.6239665
Antigua and Barbuda,ATG,2018,0.61133105
Antigua and Barbuda,ATG,2019,0.598201
Antigua and Barbuda,ATG,2020,0.58438814
Antigua and Barbuda,ATG,2021,0.5690098
Antigua and Barbuda,ATG,2022,0.5541772
Antigua and Barbuda,ATG,2023,0.5386579
Argentina,ARG,1970,2.483839
Argentina,ARG,1971,2.4405737
Argentina,ARG,1972,2.3946986
Argentina,ARG,1973,2.3570197
Argentina,ARG,1974,2.3400126
Argentina,ARG,1975,2.328718
Argentina,ARG,1976,2.298385
Argentina,ARG,1977,2.2351503
Argentina,ARG,1978,2.1432405
Argentina,ARG,1979,2.0292354
Argentina,ARG,1980,1.8994035
Argentina,ARG,1981,1.7620854
Argentina,ARG,1982,1.6340175
Argentina,ARG,1983,1.5510768
Argentina,ARG,1984,1.5876536
Argentina,ARG,1985,1.677563
Argentina,ARG,1986,1.7233981
Argentina,ARG,1987,1.6890156
Argentina,ARG,1988,1.6172036
Argentina,ARG,1989,1.5505035
Argentina,ARG,1990,1.5031801
Argentina,ARG,1991,1.4766166
Argentina,ARG,1992,1.4643016
Argentina,ARG,1993,1.4473287
Argentina,ARG,1994,1.4088662
Argentina,ARG,1995,1.34535
Argentina,ARG,1996,1.258193
Argentina,ARG,1997,1.1625706
Argentina,ARG,1998,1.0978934
Argentina,ARG,1999,1.0914867
Argentina,ARG,2000,1.1134799
Argentina,ARG,2001,1.1133275
Argentina,ARG,2002,1.0711571
Argentina,ARG,2003,1.0108397
Argentina,ARG,2004,0.95751446
Argentina,ARG,2005,0.9154993
Argentina,ARG,2006,0.8781464
Argentina,ARG,2007,0.84224075
Argentina,ARG,2008,0.8094668
Argentina,ARG,2009,0.7811294
Argentina,ARG,2010,0.76023734
Argentina,ARG,2011,0.7484798
Argentina,ARG,2012,0.74267274
Argentina,ARG,2013,0.73299533
Argentina,ARG,2014,0.7111106
Argentina,ARG,2015,0.681171
Argentina,ARG,2016,0.6507971
Argentina,ARG,2017,0.62613446
Argentina,ARG,2018,0.61252207
Argentina,ARG,2019,0.61226404
Argentina,ARG,2020,0.61253095
Argentina,ARG,2021,0.5936723
Argentina,ARG,2022,0.54946667
Argentina,ARG,2023,0.50017315
Armenia,ARM,1977,2.776083
Armenia,ARM,1978,2.7084486
Armenia,ARM,1979,2.637426
Armenia,ARM,1980,2.5736833
Armenia,ARM,1981,2.5234232
Armenia,ARM,1982,2.4837964
Armenia,ARM,1983,2.4537086
Armenia,ARM,1984,2.4278831
Armenia,ARM,1985,2.4106567
Armenia,ARM,1986,2.390055
Armenia,ARM,1987,2.3663695
Armenia,ARM,1988,2.416953
Armenia,ARM,1989,2.3097634
Armenia,ARM,1990,2.2754335
Armenia,ARM,1991,2.2325208
Armenia,ARM,1992,2.1826544
Armenia,ARM,1993,2.1238036
Armenia,ARM,1994,2.065962
Armenia,ARM,1995,2.0047052
Armenia,ARM,1996,1.9383495
Armenia,ARM,1997,1.8565269
Armenia,ARM,1998,1.7704681
Armenia,ARM,1999,1.6886275
Armenia,ARM,2000,1.6100358
Armenia,ARM,2001,1.5342026
Armenia,ARM,2002,1.4639235
Armenia,ARM,2003,1.394488
Armenia,ARM,2004,1.3290658
Armenia,ARM,2005,1.2648985
Armenia,ARM,2006,1.203396
Armenia,ARM,2007,1.1444803
Armenia,ARM,2008,1.0890718
Armenia,ARM,2009,1.0343094
Armenia,ARM,2010,0.98396707
Armenia,ARM,2011,0.9366686
Armenia,ARM,2012,0.8927545
Armenia,ARM,2013,0.8509869
Armenia,ARM,2014,0.8111513
Armenia,ARM,2015,0.77312374
Armenia,ARM,2016,0.7370297
Armenia,ARM,2017,0.7023559
Armenia,ARM,2018,0.66939026
Armenia,ARM,2019,0.63828856
Armenia,ARM,2020,0.60871065
Armenia,ARM,2021,0.5809049
Armenia,ARM,2022,0.5545889
Armenia,ARM,2023,0.52829355
Asia,OWID_ASI,1989,3.8563797
Asia,OWID_ASI,1990,3.797185
Asia,OWID_ASI,1991,3.735209
Asia,OWID_ASI,1992,3.6687603
Asia,OWID_ASI,1993,3.5962722
Asia,OWID_ASI,1994,3.515724
Asia,OWID_ASI,1995,3.4398475
Asia,OWID_ASI,1996,3.3463264
Asia,OWID_ASI,1997,3.2496622
Asia,OWID_ASI,1998,3.1520631
Asia,OWID_ASI,1999,3.0544586
Asia,OWID_ASI,2000,2.9542983
Asia,OWID_ASI,2001,2.8421104
Asia,OWID_ASI,2002,2.7286892
Asia,OWID_ASI,2003,2.6052167
Asia,OWID_ASI,2004,2.4961345
Asia,OWID_ASI,2005,2.3920412
Asia,OWID_ASI,2006,2.295165
Asia,OWID_ASI,2007,2.2037592
Asia,OWID_ASI,2008,2.117847
Asia,OWID_ASI,2009,2.0340278
Asia,OWID_ASI,2010,1.9543098
Asia,OWID_ASI,2011,1.8777982
Asia,OWID_ASI,2012,1.8036925
Asia,OWID_ASI,2013,1.731774
Asia,OWID_ASI,2014,1.6629409
Asia,OWID_ASI,2015,1.596779
Asia,OWID_ASI,2016,1.5341382
Asia,OWID_ASI,2017,1.474649
Asia,OWID_ASI,2018,1.417481
Asia,OWID_ASI,2019,1.3568084
Asia,OWID_ASI,2020,1.301673
Asia,OWID_ASI,2021,1.2520347
Asia,OWID_ASI,2022,1.2078427
Asia,OWID_ASI,2023,1.1678137
Australia,AUS,1968,1.2898625
Australia,AUS,1969,1.2784991
Australia,AUS,1970,1.2620268
Australia,AUS,1971,1.238827
Australia,AUS,1972,1.2067267
Australia,AUS,1973,1.1645111
Australia,AUS,1974,1.1087502
Australia,AUS,1975,1.0395991
Australia,AUS,1976,0.9630036
Australia,AUS,1977,0.88673455
Australia,AUS,1978,0.8163518
Australia,AUS,1979,0.75554377
Australia,AUS,1980,0.70586467
Australia,AUS,1981,0.6669856
Australia,AUS,1982,0.6364237
Australia,AUS,1983,0.61214495
Australia,AUS,1984,0.59117025
Australia,AUS,1985,0.5710549
Australia,AUS,1986,0.5504313
Australia,AUS,1987,0.5290986
Australia,AUS,1988,0.50699365
Australia,AUS,1989,0.4850004
Australia,AUS,1990,0.46373683
Australia,AUS,1991,0.44347703
Australia,AUS,1992,0.42346525
Australia,AUS,1993,0.40419883
Australia,AUS,1994,0.38749716
Australia,AUS,1995,0.37437177
Australia,AUS,1996,0.36525902
Australia,AUS,1997,0.35957175
Australia,AUS,1998,0.3566441
Australia,AUS,1999,0.35458252
Australia,AUS,2000,0.3518012
Australia,AUS,2001,0.3479616
Australia,AUS,2002,0.34354475
Australia,AUS,2003,0.33870968
Australia,AUS,2004,0.3333485
Australia,AUS,2005,0.3270658
Australia,AUS,2006,0.31978962
Australia,AUS,2007,0.31102523
Australia,AUS,2008,0.30049327
Australia,AUS,2009,0.28862467
Australia,AUS,2010,0.27574998
Australia,AUS,2011,0.26305997
Australia,AUS,2012,0.25223365
Australia,AUS,2013,0.24395129
Australia,AUS,2014,0.23821358
Australia,AUS,2015,0.23489448
Australia,AUS,2016,0.23366371
Australia,AUS,2017,0.2338359
Australia,AUS,2018,0.23468775
Australia,AUS,2019,0.23567751
Australia,AUS,2020,0.23596653
Australia,AUS,2021,0.23525524
Australia,AUS,2022,0.23366047
Australia,AUS,2023,0.23114483
Austria,AUT,1955,2.8192222
Austria,AUT,1956,2.7307994
Austria,AUT,1957,2.6414173
Austria,AUT,1958,2.5507903
Austria,AUT,1959,2.4570887
Austria,AUT,1960,2.3612723
Austria,AUT,1961,2.2710893
Austria,AUT,1962,2.1979465
Austria,AUT,1963,2.1307707
Austria,AUT,1964,2.065161
Austria,AUT,1965,2.0108647
Austria,AUT,1966,1.9641672
Austria,AUT,1967,1.9260356
Austria,AUT,1968,1.8983836
Austria,AUT,1969,1.8843054
Austria,AUT,1970,1.8855083
Austria,AUT,1971,1.8836489
Austria,AUT,1972,1.8515332
Austria,AUT,1973,1.7723367
Austria,AUT,1974,1.6485379
Austria,AUT,1975,1.4912882
Austria,AUT,1976,1.3254749
Austria,AUT,1977,1.1756834
Austria,AUT,1978,1.0533557
Austria,AUT,1979,0.95797217
Austria,AUT,1980,0.8880742
Austria,AUT,1981,0.83582854
Austria,AUT,1982,0.7906979
Austria,AUT,1983,0.74639505
Austria,AUT,1984,0.70153266
Austria,AUT,1985,0.6554662
Austria,AUT,1986,0.6088578
Austria,AUT,1987,0.56343377
Austria,AUT,1988,0.5212391
Austria,AUT,1989,0.48571506
Austria,AUT,1990,0.45897976
Austria,AUT,1991,0.43776226
Austria,AUT,1992,0.4170478
Austria,AUT,1993,0.3950751
Austria,AUT,1994,0.37355253
Austria,AUT,1995,0.35410258
Austria,AUT,1996,0.33808923
Austria,AUT,1997,0.32555452
Austria,AUT,1998,0.31665653
Austria,AUT,1999,0.31102696
Austria,AUT,2000,0.30787987
Austria,AUT,2001,0.30585063
Austria,AUT,2002,0.30321872
Austria,AUT,2003,0.2989308
Austria,AUT,2004,0.29260814
Austria,AUT,2005,0.28465113
Austria,AUT,2006,0.2759263
Austria,AUT,2007,0.26799452
Austria,AUT,2008,0.2612701
Austria,AUT,2009,0.255504
Austria,AUT,2010,0.24987066
Austria,AUT,2011,0.2445994
Austria,AUT,2012,0.23966178
Austria,AUT,2013,0.23510948
Austria,AUT,2014,0.23087211
Austria,AUT,2015,0.22689548
Austria,AUT,2016,0.2236303
Austria,AUT,2017,0.22157606
Austria,AUT,2018,0.22085537
Austria,AUT,2019,0.21962456
Austria,AUT,2020,0.21672127
Austria,AUT,2021,0.21220641
Austria,AUT,2022,0.20629226
Austria,AUT,2023,0.1996831
Azerbaijan,AZE,1983,2.993103
Azerbaijan,AZE,1984,2.9359472
Azerbaijan,AZE,1985,2.8722568
Azerbaijan,AZE,1986,2.8255012
Azerbaijan,AZE,1987,2.8074083
Azerbaijan,AZE,1988,2.8319016
Azerbaijan,AZE,1989,2.8966188
Azerbaijan,AZE,1990,3.006481
Azerbaijan,AZE,1991,3.145389
Azerbaijan,AZE,1992,3.3037446
Azerbaijan,AZE,1993,3.44466
Azerbaijan,AZE,1994,3.5570679
Azerbaijan,AZE,1995,3.6427958
Azerbaijan,AZE,1996,3.6816945
Azerbaijan,AZE,1997,3.6829865
Azerbaijan,AZE,1998,3.6394331
Azerbaijan,AZE,1999,3.550586
Azerbaijan,AZE,2000,3.4355457
Azerbaijan,AZE,2001,3.2978132
Azerbaijan,AZE,2002,3.1561317
Azerbaijan,AZE,2003,3.0031936
Azerbaijan,AZE,2004,2.8520646
Azerbaijan,AZE,2005,2.7090397
Azerbaijan,AZE,2006,2.5800846
Azerbaijan,AZE,2007,2.4595222
Azerbaijan,AZE,2008,2.3414495
Azerbaijan,AZE,2009,2.2317986
Azerbaijan,AZE,2010,2.1271386
Azerbaijan,AZE,2011,2.006789
Azerbaijan,AZE,2012,1.8810189
Azerbaijan,AZE,2013,1.7733467
Azerbaijan,AZE,2014,1.6777858
Azerbaijan,AZE,2015,1.5959446
Azerbaijan,AZE,2016,1.5333292
Azerbaijan,AZE,2017,1.4846958
Azerbaijan,AZE,2018,1.4449453
Azerbaijan,AZE,2019,1.413876
Azerbaijan,AZE,2020,1.3836409
Azerbaijan,AZE,2021,1.3519894
Azerbaijan,AZE,2022,1.3204768
Azerbaijan,AZE,2023,1.2795458
Bahamas,BHS,1969,2.0944293
Bahamas,BHS,1970,2.0986464
Bahamas,BHS,1971,2.1009705
Bahamas,BHS,1972,2.1199422
Bahamas,BHS,1973,2.145549
Bahamas,BHS,1974,2.1667113
Bahamas,BHS,1975,2.1704183
Bahamas,BHS,1976,2.1479197
Bahamas,BHS,1977,2.0924857
Bahamas,BHS,1978,2.0121455
Bahamas,BHS,1979,1.9267781
Bahamas,BHS,1980,1.8464618
Bahamas,BHS,1981,1.7826802
Bahamas,BHS,1982,1.7378894
Bahamas,BHS,1983,1.7100728
Bahamas,BHS,1984,1.6918706
Bahamas,BHS,1985,1.6708395
Bahamas,BHS,1986,1.637574
Bahamas,BHS,1987,1.5846822
Bahamas,BHS,1988,1.5168626
Bahamas,BHS,1989,1.4362674
Bahamas,BHS,1990,1.3475418
Bahamas,BHS,1991,1.2586399
Bahamas,BHS,1992,1.1705483
Bahamas,BHS,1993,1.0868926
Bahamas,BHS,1994,1.0094613
Bahamas,BHS,1995,0.9373383
Bahamas,BHS,1996,0.8758044
Bahamas,BHS,1997,0.82641894
Bahamas,BHS,1998,0.7938124
Bahamas,BHS,1999,0.78121024
Bahamas,BHS,2000,0.78665704
Bahamas,BHS,2001,0.80348456
Bahamas,BHS,2002,0.8231345
Bahamas,BHS,2003,0.84251267
Bahamas,BHS,2004,0.85820276
Bahamas,BHS,2005,0.86889386
Bahamas,BHS,2006,0.8729933
Bahamas,BHS,2007,0.8679912
Bahamas,BHS,2008,0.85692996
Bahamas,BHS,2009,0.841969
Bahamas,BHS,2010,0.82694936
Bahamas,BHS,2011,0.8163669
Bahamas,BHS,2012,0.81409186
Bahamas,BHS,2013,0.8214495
Bahamas,BHS,2014,0.8380204
Bahamas,BHS,2015,0.86459494
Bahamas,BHS,2016,0.89301074
Bahamas,BHS,2017,0.91821307
Bahamas,BHS,2018,0.9374115
Bahamas,BHS,2019,0.96731585
Bahamas,BHS,2020,0.9531132
Bahamas,BHS,2021,0.946951
Bahamas,BHS,2022,0.9325925
Bahamas,BHS,2023,0.91525465
Bahrain,BHR,1971,3.046588
Bahrain,BHR,1972,2.848375
Bahrain,BHR,1973,2.661738
Bahrain,BHR,1974,2.4950042
Bahrain,BHR,1975,2.3576863
Bahrain,BHR,1976,2.2397933
Bahrain,BHR,1977,2.1488066
Bahrain,BHR,1978,2.0756378
Bahrain,BHR,1979,1.9942626
Bahrain,BHR,1980,1.914076
Bahrain,BHR,1981,1.8505313
Bahrain,BHR,1982,1.8044382
Bahrain,BHR,1983,1.7691742
Bahrain,BHR,1984,1.7378612
Bahrain,BHR,1985,1.7058448
Bahrain,BHR,1986,1.6732861
Bahrain,BHR,1987,1.6433257
Bahrain,BHR,1988,1.6159402
Bahrain,BHR,1989,1.5821676
Bahrain,BHR,1990,1.53605
Bahrain,BHR,1991,1.46882
Bahrain,BHR,1992,1.3727444
Bahrain,BHR,1993,1.2514384
Bahrain,BHR,1994,1.113498
Bahrain,BHR,1995,0.96979624
Bahrain,BHR,1996,0.8345488
Bahrain,BHR,1997,0.71871006
Bahrain,BHR,1998,0.6248851
Bahrain,BHR,1999,0.55270994
Bahrain,BHR,2000,0.4977756
Bahrain,BHR,2001,0.4567576
Bahrain,BHR,2002,0.42533308
Bahrain,BHR,2003,0.4000696
Bahrain,BHR,2004,0.37895307
Bahrain,BHR,2005,0.3597769
Bahrain,BHR,2006,0.34367475
Bahrain,BHR,2007,0.33094978
Bahrain,BHR,2008,0.32223693
Bahrain,BHR,2009,0.31744364
Bahrain,BHR,2010,0.31614307
Bahrain,BHR,2011,0.31762013
Bahrain,BHR,2012,0.31996596
Bahrain,BHR,2013,0.3231505
Bahrain,BHR,2014,0.32838756
Bahrain,BHR,2015,0.33664814
Bahrain,BHR,2016,0.34801772
Bahrain,BHR,2017,0.36247241
Bahrain,BHR,2018,0.3791651
Bahrain,BHR,2019,0.39616218
Bahrain,BHR,2020,0.41096252
Bahrain,BHR,2021,0.4230477
Bahrain,BHR,2022,0.43294364
Bahrain,BHR,2023,0.4404378
Bangladesh,BGD,1952,11.879187
Bangladesh,BGD,1953,11.67077
Bangladesh,BGD,1954,11.451945
Bangladesh,BGD,1955,11.254213
Bangladesh,BGD,1956,11.055179
Bangladesh,BGD,1957,10.844959
Bangladesh,BGD,1958,10.644332
Bangladesh,BGD,1959,10.43886
Bangladesh,BGD,1960,10.247839
Bangladesh,BGD,1961,10.059355
Bangladesh,BGD,1962,9.880456
Bangladesh,BGD,1963,9.707525
Bangladesh,BGD,1964,9.552379
Bangladesh,BGD,1965,9.414457
Bangladesh,BGD,1966,9.3185625
Bangladesh,BGD,1967,9.260167
Bangladesh,BGD,1968,9.255414
Bangladesh,BGD,1969,9.279633
Bangladesh,BGD,1970,9.390594
Bangladesh,BGD,1971,9.590221
Bangladesh,BGD,1972,9.391126
Bangladesh,BGD,1973,9.432007
Bangladesh,BGD,1974,9.459759
Bangladesh,BGD,1975,9.456838
Bangladesh,BGD,1976,9.42424
Bangladesh,BGD,1977,9.353612
Bangladesh,BGD,1978,9.239405
Bangladesh,BGD,1979,9.086274
Bangladesh,BGD,1980,8.903438
Bangladesh,BGD,1981,8.690368
Bangladesh,BGD,1982,8.451276
Bangladesh,BGD,1983,8.19231
Bangladesh,BGD,1984,7.9322877
Bangladesh,BGD,1985,7.6902676
Bangladesh,BGD,1986,7.455964
Bangladesh,BGD,1987,7.2298856
Bangladesh,BGD,1988,7.001326
Bangladesh,BGD,1989,6.773454
Bangladesh,BGD,1990,6.546732
Bangladesh,BGD,1991,6.3168983
Bangladesh,BGD,1992,6.0844326
Bangladesh,BGD,1993,5.8467503
Bangladesh,BGD,1994,5.6093564
Bangladesh,BGD,1995,5.378148
Bangladesh,BGD,1996,5.1537185
Bangladesh,BGD,1997,4.939219
Bangladesh,BGD,1998,4.732063
Bangladesh,BGD,1999,4.5265617
Bangladesh,BGD,2000,4.3218136
Bangladesh,BGD,2001,4.1237535
Bangladesh,BGD,2002,3.9405265
Bangladesh,BGD,2003,3.7785552
Bangladesh,BGD,2004,3.6304939
Bangladesh,BGD,2005,3.489973
Bangladesh,BGD,2006,3.355515
Bangladesh,BGD,2007,3.2289693
Bangladesh,BGD,2008,3.111169
Bangladesh,BGD,2009,2.9969246
Bangladesh,BGD,2010,2.8844287
Bangladesh,BGD,2011,2.7758648
Bangladesh,BGD,2012,2.6702392
Bangladesh,BGD,2013,2.568715
Bangladesh,BGD,2014,2.4658096
Bangladesh,BGD,2015,2.359003
Bangladesh,BGD,2016,2.2499292
Bangladesh,BGD,2017,2.1283395
Bangladesh,BGD,2018,2.0200508
Bangladesh,BGD,2019,1.9319158
Bangladesh,BGD,2020,1.867122
Bangladesh,BGD,2021,1.825217
Bangladesh,BGD,2022,1.8039539
Bangladesh,BGD,2023,1.7945911
Barbados,BRB,1968,3.1073859
Barbados,BRB,1969,2.9694347
Barbados,BRB,1970,2.831683
Barbados,BRB,1971,2.706179
Barbados,BRB,1972,2.5984468
Barbados,BRB,1973,2.5025873
Barbados,BRB,1974,2.4082308
Barbados,BRB,1975,2.3043637
Barbados,BRB,1976,2.1726065
Barbados,BRB,1977,2.0430677
Barbados,BRB,1978,1.9213244
Barbados,BRB,1979,1.8105284
Barbados,BRB,1980,1.7150829
Barbados,BRB,1981,1.6371387
Barbados,BRB,1982,1.5765157
Barbados,BRB,1983,1.531013
Barbados,BRB,1984,1.4959745
Barbados,BRB,1985,1.4674853
Barbados,BRB,1986,1.433445
Barbados,BRB,1987,1.3852912
Barbados,BRB,1988,1.3245608
Barbados,BRB,1989,1.2547195
Barbados,BRB,1990,1.1809235
Barbados,BRB,1991,1.1116105
Barbados,BRB,1992,1.0545608
Barbados,BRB,1993,1.0087562
Barbados,BRB,1994,0.97266227
Barbados,BRB,1995,0.94457024
Barbados,BRB,1996,0.92270255
Barbados,BRB,1997,0.90655017
Barbados,BRB,1998,0.8965177
Barbados,BRB,1999,0.89295715
Barbados,BRB,2000,0.89698416
Barbados,BRB,2001,0.9073007
Barbados,BRB,2002,0.923644
Barbados,BRB,2003,0.9422994
Barbados,BRB,2004,0.9608789
Barbados,BRB,2005,0.97645557
Barbados,BRB,2006,0.985603
Barbados,BRB,2007,0.9868969
Barbados,BRB,2008,0.98034924
Barbados,BRB,2009,0.9699516
Barbados,BRB,2010,0.9572395
Barbados,BRB,2011,0.943465
Barbados,BRB,2012,0.92816234
Barbados,BRB,2013,0.91191226
Barbados,BRB,2014,0.8942055
Barbados,BRB,2015,0.8745886
Barbados,BRB,2016,0.8529725
Barbados,BRB,2017,0.82893294
Barbados,BRB,2018,0.8044956
Barbados,BRB,2019,0.7803711
Barbados,BRB,2020,0.7563847
Barbados,BRB,2021,0.73313683
Barbados,BRB,2022,0.7087036
Barbados,BRB,2023,0.6871231
Belarus,BLR,1989,1.026187
Belarus,BLR,1990,0.99983996
Belarus,BLR,1991,0.9859172
Belarus,BLR,1992,0.98128223
Belarus,BLR,1993,0.97788334
Belarus,BLR,1994,0.96659005
Belarus,BLR,1995,0.9448498
Belarus,BLR,1996,0.9052044
Belarus,BLR,1997,0.84181213
Belarus,BLR,1998,0.74736154
Belarus,BLR,1999,0.6317906
Belarus,BLR,2000,0.52236533
Belarus,BLR,2001,0.44113645
Belarus,BLR,2002,0.38877594
Belarus,BLR,2003,0.35761642
Belarus,BLR,2004,0.33845577
Belarus,BLR,2005,0.3190292
Belarus,BLR,2006,0.2901335
Belarus,BLR,2007,0.25622424
Belarus,BLR,2008,0.2237651
Belarus,BLR,2009,0.19763197
Belarus,BLR,2010,0.179571
Belarus,BLR,2011,0.1713297
Belarus,BLR,2012,0.16936243
Belarus,BLR,2013,0.16809717
Belarus,BLR,2014,0.16417263
Belarus,BLR,2015,0.15735057
Belarus,BLR,2016,0.14812092
Belarus,BLR,2017,0.13652772
Belarus,BLR,2018,0.12294257
Belarus,BLR,2019,0.10833289
Belarus,BLR,2020,0.0960371
Belarus,BLR,2021,0.08715137
Belarus,BLR,2022,0.08144787
Belarus,BLR,2023,0.07715921
Belgium,BEL,1960,2.0042179
Belgium,BEL,1961,1.8840926
Belgium,BEL,1962,1.7846256
Belgium,BEL,1963,1.7187514
Belgium,BEL,1964,1.6799471
Belgium,BEL,1965,1.654512
Belgium,BEL,1966,1.6286398
Belgium,BEL,1967,1.5904152
Belgium,BEL,1968,1.5310655
Belgium,BEL,1969,1.4603909
Belgium,BEL,1970,1.3956544
Belgium,BEL,1971,1.3462423
Belgium,BEL,1972,1.3053226
Belgium,BEL,1973,1.2640804
Belgium,BEL,1974,1.2113028
Belgium,BEL,1975,1.1387745
Belgium,BEL,1976,1.0479784
Belgium,BEL,1977,0.95544934
Belgium,BEL,1978,0.8771002
Belgium,BEL,1979,0.81430227
Belgium,BEL,1980,0.7626095
Belgium,BEL,1981,0.7177709
Belgium,BEL,1982,0.67667824
Belgium,BEL,1983,0.6370797
Belgium,BEL,1984,0.6009745
Belgium,BEL,1985,0.57070446
Belgium,BEL,1986,0.54669124
Belgium,BEL,1987,0.52548796
Belgium,BEL,1988,0.50344133
Belgium,BEL,1989,0.4808668
Belgium,BEL,1990,0.45866925
Belgium,BEL,1991,0.43811503
Belgium,BEL,1992,0.42000395
Belgium,BEL,1993,0.40542772
Belgium,BEL,1994,0.39263913
Belgium,BEL,1995,0.37963572
Belgium,BEL,1996,0.36550343
Belgium,BEL,1997,0.34966063
Belgium,BEL,1998,0.33152798
Belgium,BEL,1999,0.31361738
Belgium,BEL,2000,0.29843742
Belgium,BEL,2001,0.28737503
Belgium,BEL,2002,0.27938724
Belgium,BEL,2003,0.2734896
Belgium,BEL,2004,0.26839638
Belgium,BEL,2005,0.26346195
Belgium,BEL,2006,0.25776228
Belgium,BEL,2007,0.25143343
Belgium,BEL,2008,0.24477363
Belgium,BEL,2009,0.23824193
Belgium,BEL,2010,0.23280652
Belgium,BEL,2011,0.22921365
Belgium,BEL,2012,0.22751783
Belgium,BEL,2013,0.22738318
Belgium,BEL,2014,0.22834513
Belgium,BEL,2015,0.22947225
Belgium,BEL,2016,0.23024553
Belgium,BEL,2017,0.23057255
Belgium,BEL,2018,0.23030831
Belgium,BEL,2019,0.22911477
Belgium,BEL,2020,0.2260533
Belgium,BEL,2021,0.22142363
Belgium,BEL,2022,0.21582189
Belgium,BEL,2023,0.2098843
Belize,BLZ,1968,3.5865622
Belize,BLZ,1969,3.5054953
Belize,BLZ,1970,3.4337797
Belize,BLZ,1971,3.3537538
Belize,BLZ,1972,3.285741
Belize,BLZ,1973,3.2140691
Belize,BLZ,1974,3.1441257
Belize,BLZ,1975,3.0804753
Belize,BLZ,1976,3.0164452
Belize,BLZ,1977,2.949788
Belize,BLZ,1978,2.8729517
Belize,BLZ,1979,2.7927458
Belize,BLZ,1980,2.70284
Belize,BLZ,1981,2.609141
Belize,BLZ,1982,2.5217192
Belize,BLZ,1983,2.4336696
Belize,BLZ,1984,2.3477187
Belize,BLZ,1985,2.2653334
Belize,BLZ,1986,2.1844685
Belize,BLZ,1987,2.104517
Belize,BLZ,1988,2.0261405
Belize,BLZ,1989,1.9458576
Belize,BLZ,1990,1.8696153
Belize,BLZ,1991,1.7956691
Belize,BLZ,1992,1.6987414
Belize,BLZ,1993,1.609534
Belize,BLZ,1994,1.5298532
Belize,BLZ,1995,1.4605134
Belize,BLZ,1996,1.3998324
Belize,BLZ,1997,1.3455504
Belize,BLZ,1998,1.2953101
Belize,BLZ,1999,1.2509922
Belize,BLZ,2000,1.2119547
Belize,BLZ,2001,1.1738781
Belize,BLZ,2002,1.1335226
Belize,BLZ,2003,1.0912254
Belize,BLZ,2004,1.0481277
Belize,BLZ,2005,1.0066191
Belize,BLZ,2006,0.9748062
Belize,BLZ,2007,0.9615456
Belize,BLZ,2008,0.97336704
Belize,BLZ,2009,1.0022044
Belize,BLZ,2010,1.0418311
Belize,BLZ,2011,1.0774225
Belize,BLZ,2012,1.0967598
Belize,BLZ,2013,1.0936902
Belize,BLZ,2014,1.0758053
Belize,BLZ,2015,1.0491314
Belize,BLZ,2016,1.0204086
Belize,BLZ,2017,0.99406165
Belize,BLZ,2018,0.97436345
Belize,BLZ,2019,0.9593736
Belize,BLZ,2020,0.95059925
Belize,BLZ,2021,0.9430323
Belize,BLZ,2022,0.9363555
Belize,BLZ,2023,0.9286016
Benin,BEN,1958,6.503519
Benin,BEN,1959,6.469006
Benin,BEN,1960,6.4344378
Benin,BEN,1961,6.400664
Benin,BEN,1962,6.3525543
Benin,BEN,1963,6.298651
Benin,BEN,1964,6.238326
Benin,BEN,1965,6.1793857
Benin,BEN,1966,6.111323
Benin,BEN,1967,6.043523
Benin,BEN,1968,5.9797044
Benin,BEN,1969,5.9174695
Benin,BEN,1970,5.8523617
Benin,BEN,1971,5.780976
Benin,BEN,1972,5.7100525
Benin,BEN,1973,5.6373854
Benin,BEN,1974,5.5702906
Benin,BEN,1975,5.501792
Benin,BEN,1976,5.430374
Benin,BEN,1977,5.35952
Benin,BEN,1978,5.287042
Benin,BEN,1979,5.214948
Benin,BEN,1980,5.1454096
Benin,BEN,1981,5.0737567
Benin,BEN,1982,5.009134
Benin,BEN,1983,4.944257
Benin,BEN,1984,4.883774
Benin,BEN,1985,4.8257704
Benin,BEN,1986,4.7678246
Benin,BEN,1987,4.706638
Benin,BEN,1988,4.6392827
Benin,BEN,1989,4.568191
Benin,BEN,1990,4.4958754
Benin,BEN,1991,4.4191065
Benin,BEN,1992,4.346843
Benin,BEN,1993,4.2859054
Benin,BEN,1994,4.225208
Benin,BEN,1995,4.172169
Benin,BEN,1996,4.1223474
Benin,BEN,1997,4.0686684
Benin,BEN,1998,4.012419
Benin,BEN,1999,3.9513245
Benin,BEN,2000,3.8814883
Benin,BEN,2001,3.8126915
Benin,BEN,2002,3.7414293
Benin,BEN,2003,3.674717
Benin,BEN,2004,3.6148083
Benin,BEN,2005,3.563589
Benin,BEN,2006,3.52125
Benin,BEN,2007,3.4818244
Benin,BEN,2008,3.4475222
Benin,BEN,2009,3.41369
Benin,BEN,2010,3.3793926
Benin,BEN,2011,3.3383555
Benin,BEN,2012,3.2957566
Benin,BEN,2013,3.2556853
Benin,BEN,2014,3.2115304
Benin,BEN,2015,3.1735291
Benin,BEN,2016,3.1327016
Benin,BEN,2017,3.0922635
Benin,BEN,2018,3.0470402
Benin,BEN,2019,2.9990625
Benin,BEN,2020,2.9520164
Benin,BEN,2021,2.9013245
Benin,BEN,2022,2.853571
Benin,BEN,2023,2.8001204
Bhutan,BTN,1989,4.3238425
Bhutan,BTN,1990,4.2419567
Bhutan,BTN,1991,4.1541796
Bhutan,BTN,1992,4.0502234
Bhutan,BTN,1993,3.9494305
Bhutan,BTN,1994,3.84998
Bhutan,BTN,1995,3.74728
Bhutan,BTN,1996,3.642452
Bhutan,BTN,1997,3.5315773
Bhutan,BTN,1998,3.4209907
Bhutan,BTN,1999,3.313773
Bhutan,BTN,2000,3.2107599
Bhutan,BTN,2001,3.1135674
Bhutan,BTN,2002,3.008978
Bhutan,BTN,2003,2.9085555
Bhutan,BTN,2004,2.8010433
Bhutan,BTN,2005,2.692517
Bhutan,BTN,2006,2.586785
Bhutan,BTN,2007,2.481468
Bhutan,BTN,2008,2.3729925
Bhutan,BTN,2009,2.263495
Bhutan,BTN,2010,2.1659794
Bhutan,BTN,2011,2.0744588
Bhutan,BTN,2012,1.9703331
Bhutan,BTN,2013,1.8718165
Bhutan,BTN,2014,1.7829492
Bhutan,BTN,2015,1.7056206
Bhutan,BTN,2016,1.6340365
Bhutan,BTN,2017,1.5737629
Bhutan,BTN,2018,1.5174168
Bhutan,BTN,2019,1.459969
Bhutan,BTN,2020,1.408963
Bhutan,BTN,2021,1.3636633
Bhutan,BTN,2022,1.3174257
Bhutan,BTN,2023,1.2660607
Bolivia,BOL,1966,7.088503
Bolivia,BOL,1967,6.908682
Bolivia,BOL,1968,6.717711
Bolivia,BOL,1969,6.51112
Bolivia,BOL,1970,6.326068
Bolivia,BOL,1971,6.1656413
Bolivia,BOL,1972,6.0251274
Bolivia,BOL,1973,5.8957744
Bolivia,BOL,1974,5.7758327
Bolivia,BOL,1975,5.645787
Bolivia,BOL,1976,5.510965
Bolivia,BOL,1977,5.382322
Bolivia,BOL,1978,5.249565
Bolivia,BOL,1979,5.126688
Bolivia,BOL,1980,5.020111
Bolivia,BOL,1981,4.9341297
Bolivia,BOL,1982,4.860197
Bolivia,BOL,1983,4.787579
Bolivia,BOL,1984,4.708579
Bolivia,BOL,1985,4.6122627
Bolivia,BOL,1986,4.501228
Bolivia,BOL,1987,4.396145
Bolivia,BOL,1988,4.296873
Bolivia,BOL,1989,4.201912
Bolivia,BOL,1990,4.102339
Bolivia,BOL,1991,3.9944913
Bolivia,BOL,1992,3.893866
Bolivia,BOL,1993,3.7966406
Bolivia,BOL,1994,3.6983612
Bolivia,BOL,1995,3.5900052
Bolivia,BOL,1996,3.4683793
Bolivia,BOL,1997,3.3363001
Bolivia,BOL,1998,3.2012868
Bolivia,BOL,1999,3.0750387
Bolivia,BOL,2000,2.965727
Bolivia,BOL,2001,2.8743587
Bolivia,BOL,2002,2.8008373
Bolivia,BOL,2003,2.7421534
Bolivia,BOL,2004,2.6869578
Bolivia,BOL,2005,2.6260128
Bolivia,BOL,2006,2.5558426
Bolivia,BOL,2007,2.4750574
Bolivia,BOL,2008,2.3857758
Bolivia,BOL,2009,2.2892663
Bolivia,BOL,2010,2.192159
Bolivia,BOL,2011,2.0953922
Bolivia,BOL,2012,2.0047002
Bolivia,BOL,2013,1.8959091
Bolivia,BOL,2014,1.7875674
Bolivia,BOL,2015,1.6940329
Bolivia,BOL,2016,1.615261
Bolivia,BOL,2017,1.5444818
Bolivia,BOL,2018,1.4809098
Bolivia,BOL,2019,1.4215199
Bolivia,BOL,2020,1.369693
Bolivia,BOL,2021,1.3196746
Bolivia,BOL,2022,1.2709984
Bolivia,BOL,2023,1.2243583
Bosnia and Herzegovina,BIH,1985,1.5476159
Bosnia and Herzegovina,BIH,1986,1.4113039
Bosnia and Herzegovina,BIH,1987,1.2958142
Bosnia and Herzegovina,BIH,1988,1.2108355
Bosnia and Herzegovina,BIH,1989,1.1620731
Bosnia and Herzegovina,BIH,1990,1.1324376
Bosnia and Herzegovina,BIH,1991,1.10091
Bosnia and Herzegovina,BIH,1992,1.1311477
Bosnia and Herzegovina,BIH,1993,1.0873654
Bosnia and Herzegovina,BIH,1994,0.9625333
Bosnia and Herzegovina,BIH,1995,0.9208388
Bosnia and Herzegovina,BIH,1996,0.858078
Bosnia and Herzegovina,BIH,1997,0.8063304
Bosnia and Herzegovina,BIH,1998,0.7549441
Bosnia and Herzegovina,BIH,1999,0.7035423
Bosnia and Herzegovina,BIH,2000,0.6557999
Bosnia and Herzegovina,BIH,2001,0.61546487
Bosnia and Herzegovina,BIH,2002,0.5851177
Bosnia and Herzegovina,BIH,2003,0.5603872
Bosnia and Herzegovina,BIH,2004,0.5387802
Bosnia and Herzegovina,BIH,2005,0.52074873
Bosnia and Herzegovina,BIH,2006,0.5080916
Bosnia and Herzegovina,BIH,2007,0.5005954
Bosnia and Herzegovina,BIH,2008,0.4968702
Bosnia and Herzegovina,BIH,2009,0.49535176
Bosnia and Herzegovina,BIH,2010,0.49453348
Bosnia and Herzegovina,BIH,2011,0.49329114
Bosnia and Herzegovina,BIH,2012,0.4914968
Bosnia and Herzegovina,BIH,2013,0.48950318
Bosnia and Herzegovina,BIH,2014,0.4877237
Bosnia and Herzegovina,BIH,2015,0.48561993
Bosnia and Herzegovina,BIH,2016,0.48273513
Bosnia and Herzegovina,BIH,2017,0.47825047
Bosnia and Herzegovina,BIH,2018,0.47407323
Bosnia and Herzegovina,BIH,2019,0.47241923
Bosnia and Herzegovina,BIH,2020,0.4708301
Bosnia and Herzegovina,BIH,2021,0.4669237
Bosnia and Herzegovina,BIH,2022,0.45996827
Bosnia and Herzegovina,BIH,2023,0.45040414
Botswana,BWA,1965,4.027585
Botswana,BWA,1966,3.9378319
Botswana,BWA,1967,3.8236241
Botswana,BWA,1968,3.7140858
Botswana,BWA,1969,3.6140852
Botswana,BWA,1970,3.5282083
Botswana,BWA,1971,3.4585311
Botswana,BWA,1972,3.401583
Botswana,BWA,1973,3.3475156
Botswana,BWA,1974,3.2894418
Botswana,BWA,1975,3.2348337
Botswana,BWA,1976,3.1936357
Botswana,BWA,1977,3.1639779
Botswana,BWA,1978,3.1324484
Botswana,BWA,1979,3.1052482
Botswana,BWA,1980,3.083988
Botswana,BWA,1981,3.0648613
Botswana,BWA,1982,3.0394063
Botswana,BWA,1983,2.9986846
Botswana,BWA,1984,2.9303846
Botswana,BWA,1985,2.840258
Botswana,BWA,1986,2.719931
Botswana,BWA,1987,2.5864916
Botswana,BWA,1988,2.4458866
Botswana,BWA,1989,2.2965915
Botswana,BWA,1990,2.1039762
Botswana,BWA,1991,1.9113686
Botswana,BWA,1992,1.7344767
Botswana,BWA,1993,1.5739512
Botswana,BWA,1994,1.427929
Botswana,BWA,1995,1.3000542
Botswana,BWA,1996,1.1946027
Botswana,BWA,1997,1.1167603
Botswana,BWA,1998,1.0700767
Botswana,BWA,1999,1.0639992
Botswana,BWA,2000,1.1021882
Botswana,BWA,2001,1.1837714
Botswana,BWA,2002,1.3055836
Botswana,BWA,2003,1.457765
Botswana,BWA,2004,1.635647
Botswana,BWA,2005,1.8216059
Botswana,BWA,2006,2.0064545
Botswana,BWA,2007,2.1265073
Botswana,BWA,2008,2.2173188
Botswana,BWA,2009,2.285881
Botswana,BWA,2010,2.3294246
Botswana,BWA,2011,2.354207
Botswana,BWA,2012,2.368681
Botswana,BWA,2013,2.3708339
Botswana,BWA,2014,2.3618214
Botswana,BWA,2015,2.3501387
Botswana,BWA,2016,2.3373199
Botswana,BWA,2017,2.3110468
Botswana,BWA,2018,2.2749364
Botswana,BWA,2019,2.2399256
Botswana,BWA,2020,2.2092578
Botswana,BWA,2021,2.1632893
Botswana,BWA,2022,2.1238952
Botswana,BWA,2023,2.088045
Brazil,BRA,1963,4.9474616
Brazil,BRA,1964,4.915254
Brazil,BRA,1965,4.890258
Brazil,BRA,1966,4.8704724
Brazil,BRA,1967,4.8442354
Brazil,BRA,1968,4.804716
Brazil,BRA,1969,4.7476273
Brazil,BRA,1970,4.6769795
Brazil,BRA,1971,4.5885034
Brazil,BRA,1972,4.4987855
Brazil,BRA,1973,4.389217
Brazil,BRA,1974,4.2646675
Brazil,BRA,1975,4.1264777
Brazil,BRA,1976,3.9921467
Brazil,BRA,1977,3.8582377
Brazil,BRA,1978,3.7302907
Brazil,BRA,1979,3.6138015
Brazil,BRA,1980,3.5045705
Brazil,BRA,1981,3.3990936
Brazil,BRA,1982,3.2904093
Brazil,BRA,1983,3.1864808
Brazil,BRA,1984,3.08706
Brazil,BRA,1985,2.9905891
Brazil,BRA,1986,2.8963249
Brazil,BRA,1987,2.800556
Brazil,BRA,1988,2.7070355
Brazil,BRA,1989,2.6175528
Brazil,BRA,1990,2.5262623
Brazil,BRA,1991,2.434396
Brazil,BRA,1992,2.3461993
Brazil,BRA,1993,2.2616072
Brazil,BRA,1994,2.1916869
Brazil,BRA,1995,2.1302507
Brazil,BRA,1996,2.0735838
Brazil,BRA,1997,2.019172
Brazil,BRA,1998,1.9644152
Brazil,BRA,1999,1.9045365
Brazil,BRA,2000,1.8127849
Brazil,BRA,2001,1.7226297
Brazil,BRA,2002,1.6305218
Brazil,BRA,2003,1.5447985
Brazil,BRA,2004,1.4641576
Brazil,BRA,2005,1.3887002
Brazil,BRA,2006,1.3201357
Brazil,BRA,2007,1.2591759
Brazil,BRA,2008,1.2042961
Brazil,BRA,2009,1.1549081
Brazil,BRA,2010,1.1098887
Brazil,BRA,2011,1.0680485
Brazil,BRA,2012,1.0291462
Brazil,BRA,2013,0.9964071
Brazil,BRA,2014,0.97134954
Brazil,BRA,2015,0.9520246
Brazil,BRA,2016,1.0046014
Brazil,BRA,2017,0.9208878
Brazil,BRA,2018,0.9142124
Brazil,BRA,2019,0.91742283
Brazil,BRA,2020,0.9174654
Brazil,BRA,2021,0.8900627
Brazil,BRA,2022,0.8293401
Brazil,BRA,2023,0.76094973
British Virgin Islands,VGB,1989,1.2891291
British Virgin Islands,VGB,1990,1.2293677
British Virgin Islands,VGB,1991,1.173716
British Virgin Islands,VGB,1992,1.1230329
British Virgin Islands,VGB,1993,1.0782031
British Virgin Islands,VGB,1994,1.0405142
British Virgin Islands,VGB,1995,1.0086856
British Virgin Islands,VGB,1996,0.97969526
British Virgin Islands,VGB,1997,0.9558455
British Virgin Islands,VGB,1998,0.9339112
British Virgin Islands,VGB,1999,0.9154583
British Virgin Islands,VGB,2000,0.8993509
British Virgin Islands,VGB,2001,0.8856738
British Virgin Islands,VGB,2002,0.8719808
British Virgin Islands,VGB,2003,0.8617125
British Virgin Islands,VGB,2004,0.8516078
British Virgin Islands,VGB,2005,0.8437577
British Virgin Islands,VGB,2006,0.83913803
British Virgin Islands,VGB,2007,0.8355484
British Virgin Islands,VGB,2008,0.833626
British Virgin Islands,VGB,2009,0.8316226
British Virgin Islands,VGB,2010,0.8300132
British Virgin Islands,VGB,2011,0.8313054
British Virgin Islands,VGB,2012,0.82925767
British Virgin Islands,VGB,2013,0.82721907
British Virgin Islands,VGB,2014,0.82012
British Virgin Islands,VGB,2015,0.8105464
British Virgin Islands,VGB,2016,0.79938215
British Virgin Islands,VGB,2017,0.78317827
British Virgin Islands,VGB,2018,0.7652156
British Virgin Islands,VGB,2019,0.7480173
British Virgin Islands,VGB,2020,0.7278162
British Virgin Islands,VGB,2021,0.70716393
British Virgin Islands,VGB,2022,0.6842296
British Virgin Islands,VGB,2023,0.6634302
Brunei,BRN,1989,0.6065868
Brunei,BRN,1990,0.59813935
Brunei,BRN,1991,0.5913971
Brunei,BRN,1992,0.5835956
Brunei,BRN,1993,0.5735299
Brunei,BRN,1994,0.559015
Brunei,BRN,1995,0.5430838
Brunei,BRN,1996,0.5271867
Brunei,BRN,1997,0.5130295
Brunei,BRN,1998,0.5029704
Brunei,BRN,1999,0.49800694
Brunei,BRN,2000,0.4974973
Brunei,BRN,2001,0.50052905
Brunei,BRN,2002,0.50441456
Brunei,BRN,2003,0.50612575
Brunei,BRN,2004,0.50348246
Brunei,BRN,2005,0.49900407
Brunei,BRN,2006,0.49422234
Brunei,BRN,2007,0.49051073
Brunei,BRN,2008,0.48830113
Brunei,BRN,2009,0.48761523
Brunei,BRN,2010,0.4869467
Brunei,BRN,2011,0.48577365
Brunei,BRN,2012,0.4850933
Brunei,BRN,2013,0.48714718
Brunei,BRN,2014,0.4926587
Brunei,BRN,2015,0.5014146
Brunei,BRN,2016,0.50904787
Brunei,BRN,2017,0.5159615
Brunei,BRN,2018,0.51978916
Brunei,BRN,2019,0.51908916
Brunei,BRN,2020,0.5156965
Brunei,BRN,2021,0.50931185
Brunei,BRN,2022,0.5021879
Brunei,BRN,2023,0.49339208
Bulgaria,BGR,1964,1.4801571
Bulgaria,BGR,1965,1.4519452
Bulgaria,BGR,1966,1.4385262
Bulgaria,BGR,1967,1.4257089
Bulgaria,BGR,1968,1.3995109
Bulgaria,BGR,1969,1.3703051
Bulgaria,BGR,1970,1.3459482
Bulgaria,BGR,1971,1.3348104
Bulgaria,BGR,1972,1.3454393
Bulgaria,BGR,1973,1.3708657
Bulgaria,BGR,1974,1.3765696
Bulgaria,BGR,1975,1.3295485
Bulgaria,BGR,1976,1.2477031
Bulgaria,BGR,1977,1.1706767
Bulgaria,BGR,1978,1.1192431
Bulgaria,BGR,1979,1.0819818
Bulgaria,BGR,1980,1.0466491
Bulgaria,BGR,1981,1.0083839
Bulgaria,BGR,1982,0.96656907
Bulgaria,BGR,1983,0.92227846
Bulgaria,BGR,1984,0.87906915
Bulgaria,BGR,1985,0.8415586
Bulgaria,BGR,1986,0.80936813
Bulgaria,BGR,1987,0.7821122
Bulgaria,BGR,1988,0.7629844
Bulgaria,BGR,1989,0.7634956
Bulgaria,BGR,1990,0.79466313
Bulgaria,BGR,1991,0.8418706
Bulgaria,BGR,1992,0.87457293
Bulgaria,BGR,1993,0.87429154
Bulgaria,BGR,1994,0.8582146
Bulgaria,BGR,1995,0.84457517
Bulgaria,BGR,1996,0.8368516
Bulgaria,BGR,1997,0.83202046
Bulgaria,BGR,1998,0.82600975
Bulgaria,BGR,1999,0.8133351
Bulgaria,BGR,2000,0.78981715
Bulgaria,BGR,2001,0.7575023
Bulgaria,BGR,2002,0.72084165
Bulgaria,BGR,2003,0.6819537
Bulgaria,BGR,2004,0.6400149
Bulgaria,BGR,2005,0.5952449
Bulgaria,BGR,2006,0.555781
Bulgaria,BGR,2007,0.5304265
Bulgaria,BGR,2008,0.52127934
Bulgaria,BGR,2009,0.51747507
Bulgaria,BGR,2010,0.5090098
Bulgaria,BGR,2011,0.4937865
Bulgaria,BGR,2012,0.47313583
Bulgaria,BGR,2013,0.45027852
Bulgaria,BGR,2014,0.42727345
Bulgaria,BGR,2015,0.40683424
Bulgaria,BGR,2016,0.38752204
Bulgaria,BGR,2017,0.3672443
Bulgaria,BGR,2018,0.3449698
Bulgaria,BGR,2019,0.32271454
Bulgaria,BGR,2020,0.30214745
Bulgaria,BGR,2021,0.28421095
Bulgaria,BGR,2022,0.26981297
Bulgaria,BGR,2023,0.25902802
Burkina Faso,BFA,1969,7.1122675
Burkina Faso,BFA,1970,7.1337376
Burkina Faso,BFA,1971,7.147424
Burkina Faso,BFA,1972,7.1498375
Burkina Faso,BFA,1973,7.112823
Burkina Faso,BFA,1974,7.0208197
Burkina Faso,BFA,1975,6.8786364
Burkina Faso,BFA,1976,6.703976
Burkina Faso,BFA,1977,6.508078
Burkina Faso,BFA,1978,6.3156643
Burkina Faso,BFA,1979,6.141165
Burkina Faso,BFA,1980,5.9888062
Burkina Faso,BFA,1981,5.855921
Burkina Faso,BFA,1982,5.7378683
Burkina Faso,BFA,1983,5.6133237
Burkina Faso,BFA,1984,5.4624457
Burkina Faso,BFA,1985,5.2860427
Burkina Faso,BFA,1986,5.103143
Burkina Faso,BFA,1987,4.923153
Burkina Faso,BFA,1988,4.768773
Burkina Faso,BFA,1989,4.6488605
Burkina Faso,BFA,1990,4.560183
Burkina Faso,BFA,1991,4.5023217
Burkina Faso,BFA,1992,4.4566903
Burkina Faso,BFA,1993,4.4195027
Burkina Faso,BFA,1994,4.377742
Burkina Faso,BFA,1995,4.3341074
Burkina Faso,BFA,1996,4.290043
Burkina Faso,BFA,1997,4.24147
Burkina Faso,BFA,1998,4.192076
Burkina Faso,BFA,1999,4.1235046
Burkina Faso,BFA,2000,4.0432806
Burkina Faso,BFA,2001,3.969226
Burkina Faso,BFA,2002,3.8923829
Burkina Faso,BFA,2003,3.8028443
Burkina Faso,BFA,2004,3.6963055
Burkina Faso,BFA,2005,3.5836878
Burkina Faso,BFA,2006,3.465315
Burkina Faso,BFA,2007,3.3555937
Burkina Faso,BFA,2008,3.259673
Burkina Faso,BFA,2009,3.1789129
Burkina Faso,BFA,2010,3.109361
Burkina Faso,BFA,2011,3.0459206
Burkina Faso,BFA,2012,2.9903517
Burkina Faso,BFA,2013,2.9383118
Burkina Faso,BFA,2014,2.8846014
Burkina Faso,BFA,2015,2.8315601
Burkina Faso,BFA,2016,2.7866216
Burkina Faso,BFA,2017,2.737488
Burkina Faso,BFA,2018,2.6847174
Burkina Faso,BFA,2019,2.6342955
Burkina Faso,BFA,2020,2.590831
Burkina Faso,BFA,2021,2.5422826
Burkina Faso,BFA,2022,2.4943428
Burkina Faso,BFA,2023,2.446648
Burundi,BDI,1964,4.9749875
Burundi,BDI,1965,4.99003
Burundi,BDI,1966,4.995244
Burundi,BDI,1967,4.987207
Burundi,BDI,1968,4.9937963
Burundi,BDI,1969,4.9969115
Burundi,BDI,1970,4.9922476
Burundi,BDI,1971,4.9740257
Burundi,BDI,1972,5.070881
Burundi,BDI,1973,4.932266
Burundi,BDI,1974,4.9069085
Burundi,BDI,1975,4.876362
Burundi,BDI,1976,4.8388305
Burundi,BDI,1977,4.791199
Burundi,BDI,1978,4.726442
Burundi,BDI,1979,4.649791
Burundi,BDI,1980,4.563142
Burundi,BDI,1981,4.47022
Burundi,BDI,1982,4.364369
Burundi,BDI,1983,4.2538176
Burundi,BDI,1984,4.15446
Burundi,BDI,1985,4.0733433
Burundi,BDI,1986,4.014616
Burundi,BDI,1987,3.9716005
Burundi,BDI,1988,3.945361
Burundi,BDI,1989,3.9382846
Burundi,BDI,1990,3.934837
Burundi,BDI,1991,3.9315474
Burundi,BDI,1992,3.9274523
Burundi,BDI,1993,3.954913
Burundi,BDI,1994,3.898981
Burundi,BDI,1995,3.8783624
Burundi,BDI,1996,3.846992
Burundi,BDI,1997,3.8083422
Burundi,BDI,1998,3.761257
Burundi,BDI,1999,3.7133832
Burundi,BDI,2000,3.6561713
Burundi,BDI,2001,3.599726
Burundi,BDI,2002,3.5389102
Burundi,BDI,2003,3.465502
Burundi,BDI,2004,3.3905528
Burundi,BDI,2005,3.3032916
Burundi,BDI,2006,3.210775
Burundi,BDI,2007,3.1082897
Burundi,BDI,2008,3.0075634
Burundi,BDI,2009,2.9080763
Burundi,BDI,2010,2.8043706
Burundi,BDI,2011,2.7090032
Burundi,BDI,2012,2.6140707
Burundi,BDI,2013,2.525322
Burundi,BDI,2014,2.4405093
Burundi,BDI,2015,2.3665724
Burundi,BDI,2016,2.3000236
Burundi,BDI,2017,2.2414408
Burundi,BDI,2018,2.185607
Burundi,BDI,2019,2.1399162
Burundi,BDI,2020,2.0929554
Burundi,BDI,2021,2.0482862
Burundi,BDI,2022,2.0058143
Burundi,BDI,2023,1.9603026
Cambodia,KHM,1977,6.5647783
Cambodia,KHM,1978,6.2779975
Cambodia,KHM,1979,5.550675
Cambodia,KHM,1980,5.2412558
Cambodia,KHM,1981,4.926393
Cambodia,KHM,1982,4.6604176
Cambodia,KHM,1983,4.463684
Cambodia,KHM,1984,4.3393793
Cambodia,KHM,1985,4.2518344
Cambodia,KHM,1986,4.1888695
Cambodia,KHM,1987,4.140831
Cambodia,KHM,1988,4.1009946
Cambodia,KHM,1989,4.0615554
Cambodia,KHM,1990,4.0265675
Cambodia,KHM,1991,3.98913
Cambodia,KHM,1992,3.9571862
Cambodia,KHM,1993,3.9352975
Cambodia,KHM,1994,3.9165657
Cambodia,KHM,1995,3.8989906
Cambodia,KHM,1996,3.8696449
Cambodia,KHM,1997,3.8244433
Cambodia,KHM,1998,3.7571995
Cambodia,KHM,1999,3.6648638
Cambodia,KHM,2000,3.5258985
Cambodia,KHM,2001,3.3479066
Cambodia,KHM,2002,3.1569486
Cambodia,KHM,2003,2.9826531
Cambodia,KHM,2004,2.8296936
Cambodia,KHM,2005,2.694041
Cambodia,KHM,2006,2.570763
Cambodia,KHM,2007,2.4564404
Cambodia,KHM,2008,2.3485827
Cambodia,KHM,2009,2.239504
Cambodia,KHM,2010,2.1347318
Cambodia,KHM,2011,2.026881
Cambodia,KHM,2012,1.9279753
Cambodia,KHM,2013,1.8200368
Cambodia,KHM,2014,1.7213317
Cambodia,KHM,2015,1.636065
Cambodia,KHM,2016,1.5631068
Cambodia,KHM,2017,1.4968117
Cambodia,KHM,2018,1.4357041
Cambodia,KHM,2019,1.3759171
Cambodia,KHM,2020,1.3217506
Cambodia,KHM,2021,1.2717706
Cambodia,KHM,2022,1.2271503
Cambodia,KHM,2023,1.1828284
Cameroon,CMR,1955,8.39848
Cameroon,CMR,1956,8.1621275
Cameroon,CMR,1957,7.9114556
Cameroon,CMR,1958,7.6729803
Cameroon,CMR,1959,7.458517
Cameroon,CMR,1960,7.280928
Cameroon,CMR,1961,7.1331644
Cameroon,CMR,1962,7.0148764
Cameroon,CMR,1963,6.9150534
Cameroon,CMR,1964,6.824618
Cameroon,CMR,1965,6.722804
Cameroon,CMR,1966,6.60056
Cameroon,CMR,1967,6.4486375
Cameroon,CMR,1968,6.274387
Cameroon,CMR,1969,6.087588
Cameroon,CMR,1970,5.913115
Cameroon,CMR,1971,5.748961
Cameroon,CMR,1972,5.620676
Cameroon,CMR,1973,5.5336576
Cameroon,CMR,1974,5.4688497
Cameroon,CMR,1975,5.4230676
Cameroon,CMR,1976,5.385706
Cameroon,CMR,1977,5.3425403
Cameroon,CMR,1978,5.2932825
Cameroon,CMR,1979,5.23328
Cameroon,CMR,1980,5.144705
Cameroon,CMR,1981,5.041677
Cameroon,CMR,1982,4.921397
Cameroon,CMR,1983,4.7896247
Cameroon,CMR,1984,4.645689
Cameroon,CMR,1985,4.4917555
Cameroon,CMR,1986,4.3421474
Cameroon,CMR,1987,4.2221804
Cameroon,CMR,1988,4.1270714
Cameroon,CMR,1989,4.0615773
Cameroon,CMR,1990,4.0268474
Cameroon,CMR,1991,4.0080433
Cameroon,CMR,1992,3.9973853
Cameroon,CMR,1993,3.981871
Cameroon,CMR,1994,3.9573703
Cameroon,CMR,1995,3.9229822
Cameroon,CMR,1996,3.8830445
Cameroon,CMR,1997,3.8174107
Cameroon,CMR,1998,3.7417653
Cameroon,CMR,1999,3.6534317
Cameroon,CMR,2000,3.5638468
Cameroon,CMR,2001,3.4816327
Cameroon,CMR,2002,3.421249
Cameroon,CMR,2003,3.3869839
Cameroon,CMR,2004,3.3602417
Cameroon,CMR,2005,3.3351507
Cameroon,CMR,2006,3.3081377
Cameroon,CMR,2007,3.2812889
Cameroon,CMR,2008,3.2499952
Cameroon,CMR,2009,3.217349
Cameroon,CMR,2010,3.183318
Cameroon,CMR,2011,3.1471388
Cameroon,CMR,2012,3.1075923
Cameroon,CMR,2013,3.0670798
Cameroon,CMR,2014,3.0195267
Cameroon,CMR,2015,2.9693851
Cameroon,CMR,2016,2.910298
Cameroon,CMR,2017,2.8504257
Cameroon,CMR,2018,2.7918203
Cameroon,CMR,2019,2.7338014
Cameroon,CMR,2020,2.6789439
Cameroon,CMR,2021,2.6195436
Cameroon,CMR,2022,2.5684748
Cameroon,CMR,2023,2.5211694
Canada,CAN,1969,1.3890893
Canada,CAN,1970,1.3207783
Canada,CAN,1971,1.2477394
Canada,CAN,1972,1.1691167
Canada,CAN,1973,1.0881283
Canada,CAN,1974,1.0076851
Canada,CAN,1975,0.93407905
Canada,CAN,1976,0.87385994
Canada,CAN,1977,0.8266318
Canada,CAN,1978,0.78124774
Canada,CAN,1979,0.72946423
Canada,CAN,1980,0.67557204
Canada,CAN,1981,0.6285064
Canada,CAN,1982,0.5919262
Canada,CAN,1983,0.5626933
Canada,CAN,1984,0.5377392
Canada,CAN,1985,0.51515883
Canada,CAN,1986,0.49405685
Canada,CAN,1987,0.4746016
Canada,CAN,1988,0.45791328
Canada,CAN,1989,0.44531754
Canada,CAN,1990,0.4356243
Canada,CAN,1991,0.42703384
Canada,CAN,1992,0.41890162
Canada,CAN,1993,0.41253975
Canada,CAN,1994,0.40839157
Canada,CAN,1995,0.40452185
Canada,CAN,1996,0.39783305
Canada,CAN,1997,0.38816202
Canada,CAN,1998,0.37934485
Canada,CAN,1999,0.37485752
Canada,CAN,2000,0.37557524
Canada,CAN,2001,0.38046592
Canada,CAN,2002,0.38775507
Canada,CAN,2003,0.39340907
Canada,CAN,2004,0.39401713
Canada,CAN,2005,0.39036334
Canada,CAN,2006,0.38531682
Canada,CAN,2007,0.38093695
Canada,CAN,2008,0.37767094
Canada,CAN,2009,0.37591067
Canada,CAN,2010,0.37465116
Canada,CAN,2011,0.3725546
Canada,CAN,2012,0.368799
Canada,CAN,2013,0.3641106
Canada,CAN,2014,0.35914123
Canada,CAN,2015,0.3543171
Canada,CAN,2016,0.35014442
Canada,CAN,2017,0.3469775
Canada,CAN,2018,0.34482
Canada,CAN,2019,0.34360436
Canada,CAN,2020,0.34280816
Canada,CAN,2021,0.3421931
Canada,CAN,2022,0.34103003
Canada,CAN,2023,0.33885047
Cape Verde,CPV,1975,2.2009914
Cape Verde,CPV,1976,2.1392086
Cape Verde,CPV,1977,2.0896204
Cape Verde,CPV,1978,2.051764
Cape Verde,CPV,1979,2.02327
Cape Verde,CPV,1980,2.0038428
Cape Verde,CPV,1981,1.9934207
Cape Verde,CPV,1982,1.9971071
Cape Verde,CPV,1983,2.0004406
Cape Verde,CPV,1984,2.003069
Cape Verde,CPV,1985,1.992421
Cape Verde,CPV,1986,1.9693246
Cape Verde,CPV,1987,1.9373212
Cape Verde,CPV,1988,1.9010652
Cape Verde,CPV,1989,1.8713721
Cape Verde,CPV,1990,1.8505054
Cape Verde,CPV,1991,1.8382312
Cape Verde,CPV,1992,1.8292706
Cape Verde,CPV,1993,1.8300765
Cape Verde,CPV,1994,1.8425651
Cape Verde,CPV,1995,1.862766
Cape Verde,CPV,1996,1.8869603
Cape Verde,CPV,1997,1.9064078
Cape Verde,CPV,1998,1.9010326
Cape Verde,CPV,1999,1.8661727
Cape Verde,CPV,2000,1.7938763
Cape Verde,CPV,2001,1.6924099
Cape Verde,CPV,2002,1.6329657
Cape Verde,CPV,2003,1.6099718
Cape Verde,CPV,2004,1.6157421
Cape Verde,CPV,2005,1.641299
Cape Verde,CPV,2006,1.6703488
Cape Verde,CPV,2007,1.6879544
Cape Verde,CPV,2008,1.690826
Cape Verde,CPV,2009,1.6723785
Cape Verde,CPV,2010,1.6339234
Cape Verde,CPV,2011,1.5764618
Cape Verde,CPV,2012,1.5026879
Cape Verde,CPV,2013,1.4184363
Cape Verde,CPV,2014,1.3253145
Cape Verde,CPV,2015,1.2317646
Cape Verde,CPV,2016,1.1459559
Cape Verde,CPV,2017,1.0732241
Cape Verde,CPV,2018,1.0130064
Cape Verde,CPV,2019,0.96388143
Cape Verde,CPV,2020,0.9253011
Cape Verde,CPV,2021,0.8924186
Cape Verde,CPV,2022,0.86200494
Cape Verde,CPV,2023,0.832347
Central African Republic,CAF,1971,5.8130665
Central African Republic,CAF,1972,5.7450204
Central African Republic,CAF,1973,5.6859717
Central African Republic,CAF,1974,5.6303415
Central African Republic,CAF,1975,5.5800004
Central African Republic,CAF,1976,5.5227823
Central African Republic,CAF,1977,5.4709888
Central African Republic,CAF,1978,5.4150176
Central African Republic,CAF,1979,5.366478
Central African Republic,CAF,1980,5.327641
Central African Republic,CAF,1981,5.295113
Central African Republic,CAF,1982,5.2799773
Central African Republic,CAF,1983,5.2723365
Central African Republic,CAF,1984,5.2706404
Central African Republic,CAF,1985,5.2713904
Central African Republic,CAF,1986,5.2587013
Central African Republic,CAF,1987,5.2245145
Central African Republic,CAF,1988,5.182148
Central African Republic,CAF,1989,5.1282144
Central African Republic,CAF,1990,5.060069
Central African Republic,CAF,1991,4.9953623
Central African Republic,CAF,1992,4.925045
Central African Republic,CAF,1993,4.851005
Central African Republic,CAF,1994,4.780664
Central African Republic,CAF,1995,4.705603
Central African Republic,CAF,1996,4.6265173
Central African Republic,CAF,1997,4.543372
Central African Republic,CAF,1998,4.453944
Central African Republic,CAF,1999,4.370784
Central African Republic,CAF,2000,4.2960186
Central African Republic,CAF,2001,4.232397
Central African Republic,CAF,2002,4.16554
Central African Republic,CAF,2003,4.099188
Central African Republic,CAF,2004,4.027571
Central African Republic,CAF,2005,3.956495
Central African Republic,CAF,2006,3.8877387
Central African Republic,CAF,2007,3.813429
Central African Republic,CAF,2008,3.7472985
Central African Republic,CAF,2009,4.271846
Central African Republic,CAF,2010,3.6529715
Central African Republic,CAF,2011,3.5647979
Central African Republic,CAF,2012,3.5219917
Central African Republic,CAF,2013,3.512171
Central African Republic,CAF,2014,3.5645666
Central African Republic,CAF,2015,3.4202363
Central African Republic,CAF,2016,3.4098332
Central African Republic,CAF,2017,3.425902
Central African Republic,CAF,2018,3.3395748
Central African Republic,CAF,2019,3.50435
Central African Republic,CAF,2020,3.2561166
Central African Republic,CAF,2021,3.3033981
Central African Republic,CAF,2022,3.6244998
Central African Republic,CAF,2023,3.0710094
Chad,TCD,1973,6.159792
Chad,TCD,1974,6.1598496
Chad,TCD,1975,6.1688375
Chad,TCD,1976,6.159685
Chad,TCD,1977,6.1365967
Chad,TCD,1978,6.095965
Chad,TCD,1979,6.0469904
Chad,TCD,1980,5.983922
Chad,TCD,1981,5.920056
Chad,TCD,1982,5.851958
Chad,TCD,1983,5.785711
Chad,TCD,1984,5.714231
Chad,TCD,1985,5.6401997
Chad,TCD,1986,5.565354
Chad,TCD,1987,5.4789414
Chad,TCD,1988,5.3841844
Chad,TCD,1989,5.2806315
Chad,TCD,1990,5.173095
Chad,TCD,1991,5.0690813
Chad,TCD,1992,4.98128
Chad,TCD,1993,4.918305
Chad,TCD,1994,4.8687415
Chad,TCD,1995,4.8167152
Chad,TCD,1996,4.7527533
Chad,TCD,1997,4.6816864
Chad,TCD,1998,4.5940104
Chad,TCD,1999,4.494318
Chad,TCD,2000,4.3998537
Chad,TCD,2001,4.3053823
Chad,TCD,2002,4.2206273
Chad,TCD,2003,4.1402755
Chad,TCD,2004,4.0615635
Chad,TCD,2005,3.9918811
Chad,TCD,2006,3.9352946
Chad,TCD,2007,3.8925169
Chad,TCD,2008,3.8586833
Chad,TCD,2009,3.8280377
Chad,TCD,2010,3.798303
Chad,TCD,2011,3.761343
Chad,TCD,2012,3.7262182
Chad,TCD,2013,3.6792002
Chad,TCD,2014,3.628792
Chad,TCD,2015,3.5748003
Chad,TCD,2016,3.5212512
Chad,TCD,2017,3.4688187
Chad,TCD,2018,3.4084108
Chad,TCD,2019,3.358258
Chad,TCD,2020,3.3003962
Chad,TCD,2021,3.2475815
Chad,TCD,2022,3.1874647
Chad,TCD,2023,3.138792
Chile,CHL,1968,3.405662
Chile,CHL,1969,3.0851102
Chile,CHL,1970,2.9490848
Chile,CHL,1971,2.929461
Chile,CHL,1972,2.89062
Chile,CHL,1973,2.7641432
Chile,CHL,1974,2.5979311
Chile,CHL,1975,2.4379566
Chile,CHL,1976,2.2845511
Chile,CHL,1977,2.1287692
Chile,CHL,1978,1.9688255
Chile,CHL,1979,1.7987468
Chile,CHL,1980,1.5694498
Chile,CHL,1981,1.3649981
Chile,CHL,1982,1.1938848
Chile,CHL,1983,1.0618908
Chile,CHL,1984,0.9779526
Chile,CHL,1985,0.94520146
Chile,CHL,1986,0.94546086
Chile,CHL,1987,0.95014685
Chile,CHL,1988,0.94053406
Chile,CHL,1989,0.9097227
Chile,CHL,1990,0.8580733
Chile,CHL,1991,0.79795045
Chile,CHL,1992,0.7446577
Chile,CHL,1993,0.7044757
Chile,CHL,1994,0.6746225
Chile,CHL,1995,0.65267724
Chile,CHL,1996,0.63723844
Chile,CHL,1997,0.6276238
Chile,CHL,1998,0.619986
Chile,CHL,1999,0.60506094
Chile,CHL,2000,0.575345
Chile,CHL,2001,0.5430697
Chile,CHL,2002,0.52542335
Chile,CHL,2003,0.5282507
Chile,CHL,2004,0.5397693
Chile,CHL,2005,0.54755485
Chile,CHL,2006,0.5479095
Chile,CHL,2007,0.54229957
Chile,CHL,2008,0.5333049
Chile,CHL,2009,0.5271125
Chile,CHL,2010,0.5294194
Chile,CHL,2011,0.534367
Chile,CHL,2012,0.532265
Chile,CHL,2013,0.521665
Chile,CHL,2014,0.51454145
Chile,CHL,2015,0.5219532
Chile,CHL,2016,0.5325598
Chile,CHL,2017,0.52612174
Chile,CHL,2018,0.4979554
Chile,CHL,2019,0.4690022
Chile,CHL,2020,0.45397606
Chile,CHL,2021,0.44770736
Chile,CHL,2022,0.44986445
Chile,CHL,2023,0.46322486
China,CHN,1989,2.9712636
China,CHN,1990,2.9658158
China,CHN,1991,2.9469514
China,CHN,1992,2.910008
China,CHN,1993,2.8519087
China,CHN,1994,2.7735322
China,CHN,1995,2.6770446
China,CHN,1996,2.5687394
China,CHN,1997,2.457823
China,CHN,1998,2.3503325
China,CHN,1999,2.2460139
China,CHN,2000,2.1379547
China,CHN,2001,1.9940237
China,CHN,2002,1.8426284
China,CHN,2003,1.6869067
China,CHN,2004,1.5337276
China,CHN,2005,1.3864417
China,CHN,2006,1.2502041
China,CHN,2007,1.127468
China,CHN,2008,1.0179706
China,CHN,2009,0.9211381
China,CHN,2010,0.8368084
China,CHN,2011,0.7624867
China,CHN,2012,0.6957509
China,CHN,2013,0.6360929
China,CHN,2014,0.58189833
China,CHN,2015,0.5318192
China,CHN,2016,0.4861724
China,CHN,2017,0.44464198
China,CHN,2018,0.40799204
China,CHN,2019,0.37558892
China,CHN,2020,0.34765938
China,CHN,2021,0.32328683
China,CHN,2022,0.301713
China,CHN,2023,0.28263512
Colombia,COL,1953,4.5566535
Colombia,COL,1954,4.47813
Colombia,COL,1955,4.386837
Colombia,COL,1956,4.298993
Colombia,COL,1957,4.2070293
Colombia,COL,1958,4.1110415
Colombia,COL,1959,4.012558
Colombia,COL,1960,3.9161634
Colombia,COL,1961,3.818424
Colombia,COL,1962,3.7182713
Colombia,COL,1963,3.6165228
Colombia,COL,1964,3.5163217
Colombia,COL,1965,3.422251
Colombia,COL,1966,3.3332381
Colombia,COL,1967,3.2531035
Colombia,COL,1968,3.1878674
Colombia,COL,1969,3.1369767
Colombia,COL,1970,3.0839648
Colombia,COL,1971,3.029094
Colombia,COL,1972,2.9713638
Colombia,COL,1973,2.907052
Colombia,COL,1974,2.833744
Colombia,COL,1975,2.755544
Colombia,COL,1976,2.676546
Colombia,COL,1977,2.5972178
Colombia,COL,1978,2.5151052
Colombia,COL,1979,2.4343796
Colombia,COL,1980,2.356416
Colombia,COL,1981,2.2819805
Colombia,COL,1982,2.211642
Colombia,COL,1983,2.1469367
Colombia,COL,1984,2.0879698
Colombia,COL,1985,2.041135
Colombia,COL,1986,1.9829191
Colombia,COL,1987,1.9387181
Colombia,COL,1988,1.8993858
Colombia,COL,1989,1.8593678
Colombia,COL,1990,1.8110464
Colombia,COL,1991,1.7626361
Colombia,COL,1992,1.7177398
Colombia,COL,1993,1.6737723
Colombia,COL,1994,1.6291155
Colombia,COL,1995,1.5839208
Colombia,COL,1996,1.5376922
Colombia,COL,1997,1.4900482
Colombia,COL,1998,1.442852
Colombia,COL,1999,1.395841
Colombia,COL,2000,1.3508819
Colombia,COL,2001,1.3105179
Colombia,COL,2002,1.2729431
Colombia,COL,2003,1.2372662
Colombia,COL,2004,1.2030039
Colombia,COL,2005,1.1698427
Colombia,COL,2006,1.1369325
Colombia,COL,2007,1.1021854
Colombia,COL,2008,1.0683075
Colombia,COL,2009,1.035056
Colombia,COL,2010,1.001829
Colombia,COL,2011,0.9687253
Colombia,COL,2012,0.93654835
Colombia,COL,2013,0.9054914
Colombia,COL,2014,0.8767334
Colombia,COL,2015,0.84886074
Colombia,COL,2016,0.8218971
Colombia,COL,2017,0.7962321
Colombia,COL,2018,0.77075887
Colombia,COL,2019,0.7462995
Colombia,COL,2020,0.72236353
Colombia,COL,2021,0.7003019
Colombia,COL,2022,0.67731076
Colombia,COL,2023,0.65446335
Comoros,COM,1973,8.050036
Comoros,COM,1974,7.97244
Comoros,COM,1975,7.9301653
Comoros,COM,1976,7.899748
Comoros,COM,1977,7.822744
Comoros,COM,1978,7.702545
Comoros,COM,1979,7.527664
Comoros,COM,1980,7.3256745
Comoros,COM,1981,7.106037
Comoros,COM,1982,6.8771405
Comoros,COM,1983,6.619507
Comoros,COM,1984,6.3641777
Comoros,COM,1985,6.1058283
Comoros,COM,1986,5.8460717
Comoros,COM,1987,5.59137
Comoros,COM,1988,5.3502145
Comoros,COM,1989,5.1137857
Comoros,COM,1990,4.886949
Comoros,COM,1991,4.6665926
Comoros,COM,1992,4.4559054
Comoros,COM,1993,4.2711024
Comoros,COM,1994,4.107514
Comoros,COM,1995,3.971189
Comoros,COM,1996,3.8415692
Comoros,COM,1997,3.7221987
Comoros,COM,1998,3.6242948
Comoros,COM,1999,3.5362403
Comoros,COM,2000,3.467153
Comoros,COM,2001,3.3929448
Comoros,COM,2002,3.323524
Comoros,COM,2003,3.2651863
Comoros,COM,2004,3.2075696
Comoros,COM,2005,3.148928
Comoros,COM,2006,3.0911822
Comoros,COM,2007,3.0353675
Comoros,COM,2008,2.9788904
Comoros,COM,2009,2.9277372
Comoros,COM,2010,2.8761237
Comoros,COM,2011,2.8171558
Comoros,COM,2012,2.7633312
Comoros,COM,2013,2.7080472
Comoros,COM,2014,2.6601279
Comoros,COM,2015,2.6148472
Comoros,COM,2016,2.572223
Comoros,COM,2017,2.5269818
Comoros,COM,2018,2.4827378
Comoros,COM,2019,2.4384196
Comoros,COM,2020,2.3938093
Comoros,COM,2021,2.349979
Comoros,COM,2022,2.3011062
Comoros,COM,2023,2.2535157
Congo,COG,1982,2.9647071
Congo,COG,1983,2.925821
Congo,COG,1984,2.8898013
Congo,COG,1985,2.8475485
Congo,COG,1986,2.8143454
Congo,COG,1987,2.7904413
Congo,COG,1988,2.7732966
Congo,COG,1989,2.7648659
Congo,COG,1990,2.765422
Congo,COG,1991,2.7831755
Congo,COG,1992,2.8152287
Congo,COG,1993,2.8586097
Congo,COG,1994,2.9095402
Congo,COG,1995,2.9599695
Congo,COG,1996,3.012825
Congo,COG,1997,3.0573664
Congo,COG,1998,3.08534
Congo,COG,1999,3.0878303
Congo,COG,2000,3.0656934
Congo,COG,2001,3.016299
Congo,COG,2002,2.9432888
Congo,COG,2003,2.8554556
Congo,COG,2004,2.757999
Congo,COG,2005,2.6522956
Congo,COG,2006,2.550357
Congo,COG,2007,2.4588492
Congo,COG,2008,2.3793497
Congo,COG,2009,2.314724
Congo,COG,2010,2.2624135
Congo,COG,2011,2.2210753
Congo,COG,2012,2.185225
Congo,COG,2013,2.1471171
Congo,COG,2014,2.1088512
Congo,COG,2015,2.0712214
Congo,COG,2016,2.0307841
Congo,COG,2017,1.990803
Congo,COG,2018,1.9520192
Congo,COG,2019,1.922281
Congo,COG,2020,1.875491
Congo,COG,2021,1.8382246
Congo,COG,2022,1.8013622
Congo,COG,2023,1.7669494
Cook Islands,COK,1989,1.2799367
Cook Islands,COK,1990,1.2768908
Cook Islands,COK,1991,1.2746075
Cook Islands,COK,1992,1.2722552
Cook Islands,COK,1993,1.2633677
Cook Islands,COK,1994,1.2466947
Cook Islands,COK,1995,1.2206951
Cook Islands,COK,1996,1.1838707
Cook Islands,COK,1997,1.1398503
Cook Islands,COK,1998,1.0952473
Cook Islands,COK,1999,1.0482455
Cook Islands,COK,2000,1.0044487
Cook Islands,COK,2001,0.9628649
Cook Islands,COK,2002,0.92390805
Cook Islands,COK,2003,0.8855628
Cook Islands,COK,2004,0.8484004
Cook Islands,COK,2005,0.8136631
Cook Islands,COK,2006,0.7802054
Cook Islands,COK,2007,0.748664
Cook Islands,COK,2008,0.72079057
Cook Islands,COK,2009,0.6998113
Cook Islands,COK,2010,0.68677765
Cook Islands,COK,2011,0.681897
Cook Islands,COK,2012,0.68307596
Cook Islands,COK,2013,0.6889096
Cook Islands,COK,2014,0.70065194
Cook Islands,COK,2015,0.7125646
Cook Islands,COK,2016,0.7269777
Cook Islands,COK,2017,0.7397424
Cook Islands,COK,2018,0.75119704
Cook Islands,COK,2019,0.75571537
Cook Islands,COK,2020,0.75202966
Cook Islands,COK,2021,0.7448901
Cook Islands,COK,2022,0.7363904
Cook Islands,COK,2023,0.71879834
Costa Rica,CRI,1953,3.420398
Costa Rica,CRI,1954,3.3878005
Costa Rica,CRI,1955,3.3452358
Costa Rica,CRI,1956,3.2903295
Costa Rica,CRI,1957,3.2195153
Costa Rica,CRI,1958,3.1475317
Costa Rica,CRI,1959,3.082995
Costa Rica,CRI,1960,3.0353048
Costa Rica,CRI,1961,3.01489
Costa Rica,CRI,1962,3.0246472
Costa Rica,CRI,1963,3.0470881
Costa Rica,CRI,1964,3.058756
Costa Rica,CRI,1965,3.0497677
Costa Rica,CRI,1966,3.0163012
Costa Rica,CRI,1967,2.958123
Costa Rica,CRI,1968,2.872251
Costa Rica,CRI,1969,2.753843
Costa Rica,CRI,1970,2.6067302
Costa Rica,CRI,1971,2.4300857
Costa Rica,CRI,1972,2.2331421
Costa Rica,CRI,1973,2.0408602
Costa Rica,CRI,1974,1.8721308
Costa Rica,CRI,1975,1.7293993
Costa Rica,CRI,1976,1.6112795
Costa Rica,CRI,1977,1.4670393
Costa Rica,CRI,1978,1.3239406
Costa Rica,CRI,1979,1.2224978
Costa Rica,CRI,1980,1.159234
Costa Rica,CRI,1981,1.1277107
Costa Rica,CRI,1982,1.118935
Costa Rica,CRI,1983,1.115515
Costa Rica,CRI,1984,1.0999037
Costa Rica,CRI,1985,1.0711156
Costa Rica,CRI,1986,1.0369018
Costa Rica,CRI,1987,1.0019621
Costa Rica,CRI,1988,0.965223
Costa Rica,CRI,1989,0.9266536
Costa Rica,CRI,1990,0.8947994
Costa Rica,CRI,1991,0.87855625
Costa Rica,CRI,1992,0.8784891
Costa Rica,CRI,1993,0.8815516
Costa Rica,CRI,1994,0.87404096
Costa Rica,CRI,1995,0.8567369
Costa Rica,CRI,1996,0.83469945
Costa Rica,CRI,1997,0.8123846
Costa Rica,CRI,1998,0.7923788
Costa Rica,CRI,1999,0.7764588
Costa Rica,CRI,2000,0.7624351
Costa Rica,CRI,2001,0.74788684
Costa Rica,CRI,2002,0.73216295
Costa Rica,CRI,2003,0.7190133
Costa Rica,CRI,2004,0.7115776
Costa Rica,CRI,2005,0.7069716
Costa Rica,CRI,2006,0.70012593
Costa Rica,CRI,2007,0.68943524
Costa Rica,CRI,2008,0.67746687
Costa Rica,CRI,2009,0.66726756
Costa Rica,CRI,2010,0.6589137
Costa Rica,CRI,2011,0.6511656
Costa Rica,CRI,2012,0.6432388
Costa Rica,CRI,2013,0.6346363
Costa Rica,CRI,2014,0.6260627
Costa Rica,CRI,2015,0.61835986
Costa Rica,CRI,2016,0.6132446
Costa Rica,CRI,2017,0.61167127
Costa Rica,CRI,2018,0.6152497
Costa Rica,CRI,2019,0.6246884
Costa Rica,CRI,2020,0.64075196
Costa Rica,CRI,2021,0.6640539
Costa Rica,CRI,2022,0.6930442
Costa Rica,CRI,2023,0.7197829
Cote d'Ivoire,CIV,1957,9.58329
Cote d'Ivoire,CIV,1958,9.418015
Cote d'Ivoire,CIV,1959,9.239333
Cote d'Ivoire,CIV,1960,9.06799
Cote d'Ivoire,CIV,1961,8.901045
Cote d'Ivoire,CIV,1962,8.738852
Cote d'Ivoire,CIV,1963,8.593826
Cote d'Ivoire,CIV,1964,8.473583
Cote d'Ivoire,CIV,1965,8.355534
Cote d'Ivoire,CIV,1966,8.234603
Cote d'Ivoire,CIV,1967,8.118547
Cote d'Ivoire,CIV,1968,7.9932275
Cote d'Ivoire,CIV,1969,7.848793
Cote d'Ivoire,CIV,1970,7.690767
Cote d'Ivoire,CIV,1971,7.509811
Cote d'Ivoire,CIV,1972,7.298895
Cote d'Ivoire,CIV,1973,7.0561132
Cote d'Ivoire,CIV,1974,6.8012524
Cote d'Ivoire,CIV,1975,6.548393
Cote d'Ivoire,CIV,1976,6.3080015
Cote d'Ivoire,CIV,1977,6.091302
Cote d'Ivoire,CIV,1978,5.9019446
Cote d'Ivoire,CIV,1979,5.7392983
Cote d'Ivoire,CIV,1980,5.5992355
Cote d'Ivoire,CIV,1981,5.4780073
Cote d'Ivoire,CIV,1982,5.3765283
Cote d'Ivoire,CIV,1983,5.285845
Cote d'Ivoire,CIV,1984,5.2048926
Cote d'Ivoire,CIV,1985,5.1259384
Cote d'Ivoire,CIV,1986,5.050279
Cote d'Ivoire,CIV,1987,4.9701986
Cote d'Ivoire,CIV,1988,4.888936
Cote d'Ivoire,CIV,1989,4.8139234
Cote d'Ivoire,CIV,1990,4.7506065
Cote d'Ivoire,CIV,1991,4.6917634
Cote d'Ivoire,CIV,1992,4.641095
Cote d'Ivoire,CIV,1993,4.5895925
Cote d'Ivoire,CIV,1994,4.5311785
Cote d'Ivoire,CIV,1995,4.4594393
Cote d'Ivoire,CIV,1996,4.375278
Cote d'Ivoire,CIV,1997,4.292558
Cote d'Ivoire,CIV,1998,4.2120757
Cote d'Ivoire,CIV,1999,4.1375165
Cote d'Ivoire,CIV,2000,4.081328
Cote d'Ivoire,CIV,2001,4.0338397
Cote d'Ivoire,CIV,2002,3.9873633
Cote d'Ivoire,CIV,2003,3.939253
Cote d'Ivoire,CIV,2004,3.8889875
Cote d'Ivoire,CIV,2005,3.8397684
Cote d'Ivoire,CIV,2006,3.789873
Cote d'Ivoire,CIV,2007,3.7334926
Cote d'Ivoire,CIV,2008,3.6788998
Cote d'Ivoire,CIV,2009,3.6184957
Cote d'Ivoire,CIV,2010,3.5548732
Cote d'Ivoire,CIV,2011,3.4895606
Cote d'Ivoire,CIV,2012,3.4270358
Cote d'Ivoire,CIV,2013,3.3634555
Cote d'Ivoire,CIV,2014,3.305624
Cote d'Ivoire,CIV,2015,3.2494628
Cote d'Ivoire,CIV,2016,3.1981673
Cote d'Ivoire,CIV,2017,3.1409678
Cote d'Ivoire,CIV,2018,3.0852137
Cote d'Ivoire,CIV,2019,3.0300999
Cote d'Ivoire,CIV,2020,2.9740047
Cote d'Ivoire,CIV,2021,2.9214504
Cote d'Ivoire,CIV,2022,2.8714044
Cote d'Ivoire,CIV,2023,2.8205643
Croatia,HRV,1982,1.4007266
Croatia,HRV,1983,1.3478748
Croatia,HRV,1984,1.286777
Croatia,HRV,1985,1.2087874
Croatia,HRV,1986,1.1163639
Croatia,HRV,1987,1.0166823
Croatia,HRV,1988,0.92063177
Croatia,HRV,1989,0.84927493
Croatia,HRV,1990,0.8167932
Croatia,HRV,1991,0.80520195
Croatia,HRV,1992,0.77962255
Croatia,HRV,1993,0.73836166
Croatia,HRV,1994,0.6885934
Croatia,HRV,1995,0.6393191
Croatia,HRV,1996,0.5998027
Croatia,HRV,1997,0.5775634
Croatia,HRV,1998,0.57252336
Croatia,HRV,1999,0.5692183
Croatia,HRV,2000,0.55475837
Croatia,HRV,2001,0.53077114
Croatia,HRV,2002,0.5030678
Croatia,HRV,2003,0.47618616
Croatia,HRV,2004,0.44835344
Croatia,HRV,2005,0.42408207
Croatia,HRV,2006,0.40362597
Croatia,HRV,2007,0.38876057
Croatia,HRV,2008,0.37791175
Croatia,HRV,2009,0.3676319
Croatia,HRV,2010,0.35429502
Croatia,HRV,2011,0.33944276
Croatia,HRV,2012,0.32776812
Croatia,HRV,2013,0.32080817
Croatia,HRV,2014,0.31546748
Croatia,HRV,2015,0.3081993
Croatia,HRV,2016,0.30079803
Croatia,HRV,2017,0.29635006
Croatia,HRV,2018,0.29575607
Croatia,HRV,2019,0.2960991
Croatia,HRV,2020,0.29419425
Croatia,HRV,2021,0.29020733
Croatia,HRV,2022,0.2852481
Croatia,HRV,2023,0.28050423
Cuba,CUB,1968,2.2657394
Cuba,CUB,1969,2.1654732
Cuba,CUB,1970,2.0624585
Cuba,CUB,1971,2.0137403
Cuba,CUB,1972,2.01087
Cuba,CUB,1973,1.9794086
Cuba,CUB,1974,1.8608891
Cuba,CUB,1975,1.7050215
Cuba,CUB,1976,1.611676
Cuba,CUB,1977,1.6046084
Cuba,CUB,1978,1.605902
Cuba,CUB,1979,1.5589948
Cuba,CUB,1980,1.4606768
Cuba,CUB,1981,1.3277233
Cuba,CUB,1982,1.1803925
Cuba,CUB,1983,1.0501138
Cuba,CUB,1984,0.96356344
Cuba,CUB,1985,0.91163886
Cuba,CUB,1986,0.87072337
Cuba,CUB,1987,0.8269953
Cuba,CUB,1988,0.77962565
Cuba,CUB,1989,0.7289262
Cuba,CUB,1990,0.68334955
Cuba,CUB,1991,0.65522575
Cuba,CUB,1992,0.6436872
Cuba,CUB,1993,0.63030046
Cuba,CUB,1994,0.599543
Cuba,CUB,1995,0.5544963
Cuba,CUB,1996,0.5069201
Cuba,CUB,1997,0.4650592
Cuba,CUB,1998,0.43535203
Cuba,CUB,1999,0.42006087
Cuba,CUB,2000,0.41343522
Cuba,CUB,2001,0.40444311
Cuba,CUB,2002,0.38820332
Cuba,CUB,2003,0.36820993
Cuba,CUB,2004,0.34729818
Cuba,CUB,2005,0.32874787
Cuba,CUB,2006,0.3147859
Cuba,CUB,2007,0.30538416
Cuba,CUB,2008,0.29814777
Cuba,CUB,2009,0.29058325
Cuba,CUB,2010,0.28194594
Cuba,CUB,2011,0.27351645
Cuba,CUB,2012,0.26548216
Cuba,CUB,2013,0.25928685
Cuba,CUB,2014,0.25565016
Cuba,CUB,2015,0.25565654
Cuba,CUB,2016,0.26060987
Cuba,CUB,2017,0.27140334
Cuba,CUB,2018,0.28930753
Cuba,CUB,2019,0.315218
Cuba,CUB,2020,0.3458553
Cuba,CUB,2021,0.37595806
Cuba,CUB,2022,0.3991306
Cuba,CUB,2023,0.41533694
Cyprus,CYP,1989,0.6155124
Cyprus,CYP,1990,0.61274815
Cyprus,CYP,1991,0.60287684
Cyprus,CYP,1992,0.5855485
Cyprus,CYP,1993,0.5607317
Cyprus,CYP,1994,0.5316899
Cyprus,CYP,1995,0.50106907
Cyprus,CYP,1996,0.47266293
Cyprus,CYP,1997,0.44449806
Cyprus,CYP,1998,0.41702738
Cyprus,CYP,1999,0.39127666
Cyprus,CYP,2000,0.3669982
Cyprus,CYP,2001,0.34380522
Cyprus,CYP,2002,0.3205774
Cyprus,CYP,2003,0.2979064
Cyprus,CYP,2004,0.2758537
Cyprus,CYP,2005,0.25518364
Cyprus,CYP,2006,0.23625267
Cyprus,CYP,2007,0.22018588
Cyprus,CYP,2008,0.20744954
Cyprus,CYP,2009,0.19767308
Cyprus,CYP,2010,0.18966639
Cyprus,CYP,2011,0.18290626
Cyprus,CYP,2012,0.17749023
Cyprus,CYP,2013,0.17325968
Cyprus,CYP,2014,0.17045975
Cyprus,CYP,2015,0.16891243
Cyprus,CYP,2016,0.1693622
Cyprus,CYP,2017,0.17116264
Cyprus,CYP,2018,0.17389412
Cyprus,CYP,2019,0.1774194
Cyprus,CYP,2020,0.18213227
Cyprus,CYP,2021,0.18728648
Cyprus,CYP,2022,0.1918604
Cyprus,CYP,2023,0.19475102
Czechia,CZE,1982,1.0493264
Czechia,CZE,1983,0.9897639
Czechia,CZE,1984,0.93473214
Czechia,CZE,1985,0.8834377
Czechia,CZE,1986,0.83822525
Czechia,CZE,1987,0.80390334
Czechia,CZE,1988,0.7789606
Czechia,CZE,1989,0.7543159
Czechia,CZE,1990,0.7220934
Czechia,CZE,1991,0.6787938
Czechia,CZE,1992,0.6260426
Czechia,CZE,1993,0.5670774
Czechia,CZE,1994,0.50757134
Czechia,CZE,1995,0.45181194
Czechia,CZE,1996,0.4015311
Czechia,CZE,1997,0.35761252
Czechia,CZE,1998,0.32064423
Czechia,CZE,1999,0.29121748
Czechia,CZE,2000,0.2698344
Czechia,CZE,2001,0.25483575
Czechia,CZE,2002,0.24389827
Czechia,CZE,2003,0.23536088
Czechia,CZE,2004,0.22769092
Czechia,CZE,2005,0.21953167
Czechia,CZE,2006,0.21003157
Czechia,CZE,2007,0.1988257
Czechia,CZE,2008,0.18646666
Czechia,CZE,2009,0.17533393
Czechia,CZE,2010,0.16727768
Czechia,CZE,2011,0.16205788
Czechia,CZE,2012,0.15886115
Czechia,CZE,2013,0.15724073
Czechia,CZE,2014,0.15738785
Czechia,CZE,2015,0.15944892
Czechia,CZE,2016,0.16208977
Czechia,CZE,2017,0.16324525
Czechia,CZE,2018,0.16153169
Czechia,CZE,2019,0.15698364
Czechia,CZE,2020,0.15034717
Czechia,CZE,2021,0.14288372
Czechia,CZE,2022,0.13606249
Czechia,CZE,2023,0.13051233
Democratic Republic of Congo,COD,1984,4.411725
Democratic Republic of Congo,COD,1985,4.373317
Democratic Republic of Congo,COD,1986,4.3284883
Democratic Republic of Congo,COD,1987,4.289404
Democratic Republic of Congo,COD,1988,4.2436743
Democratic Republic of Congo,COD,1989,4.1997113
Democratic Republic of Congo,COD,1990,4.1577106
Democratic Republic of Congo,COD,1991,4.1233454
Democratic Republic of Congo,COD,1992,4.086916
Democratic Republic of Congo,COD,1993,4.0596557
Democratic Republic of Congo,COD,1994,4.028676
Democratic Republic of Congo,COD,1995,4.0006633
Democratic Republic of Congo,COD,1996,3.9699583
Democratic Republic of Congo,COD,1997,3.934221
Democratic Republic of Congo,COD,1998,3.90001
Democratic Republic of Congo,COD,1999,3.866898
Democratic Republic of Congo,COD,2000,3.8310506
Democratic Republic of Congo,COD,2001,3.7949195
Democratic Republic of Congo,COD,2002,3.7564633
Democratic Republic of Congo,COD,2003,3.712233
Democratic Republic of Congo,COD,2004,3.6599343
Democratic Republic of Congo,COD,2005,3.595651
Democratic Republic of Congo,COD,2006,3.521032
Democratic Republic of Congo,COD,2007,3.441147
Democratic Republic of Congo,COD,2008,3.3713531
Democratic Republic of Congo,COD,2009,3.300866
Democratic Republic of Congo,COD,2010,3.232505
Democratic Republic of Congo,COD,2011,3.169529
Democratic Republic of Congo,COD,2012,3.1079392
Democratic Republic of Congo,COD,2013,3.0488238
Democratic Republic of Congo,COD,2014,2.9995127
Democratic Republic of Congo,COD,2015,2.9481785
Democratic Republic of Congo,COD,2016,2.8947008
Democratic Republic of Congo,COD,2017,2.8437285
Democratic Republic of Congo,COD,2018,2.796968
Democratic Republic of Congo,COD,2019,2.7391589
Democratic Republic of Congo,COD,2020,2.691004
Democratic Republic of Congo,COD,2021,2.6408203
Democratic Republic of Congo,COD,2022,2.592232
Democratic Republic of Congo,COD,2023,2.5346973
Denmark,DNK,1960,1.6177443
Denmark,DNK,1961,1.5912495
Denmark,DNK,1962,1.5538493
Denmark,DNK,1963,1.50171
Denmark,DNK,1964,1.4410723
Denmark,DNK,1965,1.386949
Denmark,DNK,1966,1.3427361
Denmark,DNK,1967,1.2930521
Denmark,DNK,1968,1.2279598
Denmark,DNK,1969,1.1574945
Denmark,DNK,1970,1.0919406
Denmark,DNK,1971,1.0307484
Denmark,DNK,1972,0.96596926
Denmark,DNK,1973,0.900113
Denmark,DNK,1974,0.83404565
Denmark,DNK,1975,0.76514894
Denmark,DNK,1976,0.69432443
Denmark,DNK,1977,0.63218975
Denmark,DNK,1978,0.5875184
Denmark,DNK,1979,0.55635804
Denmark,DNK,1980,0.53074014
Denmark,DNK,1981,0.5078524
Denmark,DNK,1982,0.49023193
Denmark,DNK,1983,0.48201734
Denmark,DNK,1984,0.48151696
Denmark,DNK,1985,0.48312378
Denmark,DNK,1986,0.48095295
Denmark,DNK,1987,0.4749923
Denmark,DNK,1988,0.46534345
Denmark,DNK,1989,0.4516947
Denmark,DNK,1990,0.43561706
Denmark,DNK,1991,0.41954133
Denmark,DNK,1992,0.40536803
Denmark,DNK,1993,0.39554057
Denmark,DNK,1994,0.39030576
Denmark,DNK,1995,0.38845584
Denmark,DNK,1996,0.38712397
Denmark,DNK,1997,0.38351738
Denmark,DNK,1998,0.37590435
Denmark,DNK,1999,0.36432412
Denmark,DNK,2000,0.34958127
Denmark,DNK,2001,0.3330592
Denmark,DNK,2002,0.3199939
Denmark,DNK,2003,0.31510434
Denmark,DNK,2004,0.31422517
Denmark,DNK,2005,0.3103528
Denmark,DNK,2006,0.3012464
Denmark,DNK,2007,0.2904081
Denmark,DNK,2008,0.2819773
Denmark,DNK,2009,0.27902904
Denmark,DNK,2010,0.28408042
Denmark,DNK,2011,0.29609376
Denmark,DNK,2012,0.30768478
Denmark,DNK,2013,0.31280994
Denmark,DNK,2014,0.31131798
Denmark,DNK,2015,0.30508974
Denmark,DNK,2016,0.29566026
Denmark,DNK,2017,0.28388628
Denmark,DNK,2018,0.27063924
Denmark,DNK,2019,0.25468546
Denmark,DNK,2020,0.23456538
Denmark,DNK,2021,0.21047889
Denmark,DNK,2022,0.18895572
Denmark,DNK,2023,0.1751216
Djibouti,DJI,1979,5.743988
Djibouti,DJI,1980,5.6549506
Djibouti,DJI,1981,5.572008
Djibouti,DJI,1982,5.489644
Djibouti,DJI,1983,5.403673
Djibouti,DJI,1984,5.3117476
Djibouti,DJI,1985,5.221563
Djibouti,DJI,1986,5.132674
Djibouti,DJI,1987,5.0466533
Djibouti,DJI,1988,4.9739966
Djibouti,DJI,1989,4.908975
Djibouti,DJI,1990,4.8524656
Djibouti,DJI,1991,4.810804
Djibouti,DJI,1992,4.7740717
Djibouti,DJI,1993,4.7360644
Djibouti,DJI,1994,4.691128
Djibouti,DJI,1995,4.6478167
Djibouti,DJI,1996,4.5864124
Djibouti,DJI,1997,4.5197363
Djibouti,DJI,1998,4.458776
Djibouti,DJI,1999,4.3904257
Djibouti,DJI,2000,4.3217354
Djibouti,DJI,2001,4.2665944
Djibouti,DJI,2002,4.2065363
Djibouti,DJI,2003,4.1518044
Djibouti,DJI,2004,4.0942473
Djibouti,DJI,2005,4.037189
Djibouti,DJI,2006,3.977279
Djibouti,DJI,2007,3.9160802
Djibouti,DJI,2008,3.859168
Djibouti,DJI,2009,3.7964385
Djibouti,DJI,2010,3.7328978
Djibouti,DJI,2011,3.6604533
Djibouti,DJI,2012,3.5858877
Djibouti,DJI,2013,3.516511
Djibouti,DJI,2014,3.4460697
Djibouti,DJI,2015,3.379935
Djibouti,DJI,2016,3.3094485
Djibouti,DJI,2017,3.227949
Djibouti,DJI,2018,3.155998
Djibouti,DJI,2019,3.0934305
Djibouti,DJI,2020,3.0092008
Djibouti,DJI,2021,2.9533854
Djibouti,DJI,2022,2.8759058
Djibouti,DJI,2023,2.8169985
Dominica,DMA,1969,1.938752
Dominica,DMA,1970,1.8457239
Dominica,DMA,1971,1.7636349
Dominica,DMA,1972,1.6950493
Dominica,DMA,1973,1.6478872
Dominica,DMA,1974,1.6234974
Dominica,DMA,1975,1.6070342
Dominica,DMA,1976,1.5688508
Dominica,DMA,1977,1.5324755
Dominica,DMA,1978,1.4951423
Dominica,DMA,1979,1.4549967
Dominica,DMA,1980,1.4121054
Dominica,DMA,1981,1.3705317
Dominica,DMA,1982,1.3309748
Dominica,DMA,1983,1.2937088
Dominica,DMA,1984,1.2568244
Dominica,DMA,1985,1.2205298
Dominica,DMA,1986,1.1848465
Dominica,DMA,1987,1.1519952
Dominica,DMA,1988,1.1221766
Dominica,DMA,1989,1.0965918
Dominica,DMA,1990,1.0746555
Dominica,DMA,1991,1.05716
Dominica,DMA,1992,1.047296
Dominica,DMA,1993,1.0462416
Dominica,DMA,1994,1.0562874
Dominica,DMA,1995,1.0759549
Dominica,DMA,1996,1.1046464
Dominica,DMA,1997,1.1384982
Dominica,DMA,1998,1.1754252
Dominica,DMA,1999,1.2150228
Dominica,DMA,2000,1.2575383
Dominica,DMA,2001,1.3043817
Dominica,DMA,2002,1.3544929
Dominica,DMA,2003,1.4102324
Dominica,DMA,2004,1.4690341
Dominica,DMA,2005,1.5323995
Dominica,DMA,2006,1.602408
Dominica,DMA,2007,1.6806952
Dominica,DMA,2008,1.7673625
Dominica,DMA,2009,1.8628014
Dominica,DMA,2010,1.9667249
Dominica,DMA,2011,2.077042
Dominica,DMA,2012,2.1911159
Dominica,DMA,2013,2.306592
Dominica,DMA,2014,2.4237251
Dominica,DMA,2015,2.5403128
Dominica,DMA,2016,2.6497545
Dominica,DMA,2017,2.7439687
Dominica,DMA,2018,2.8258562
Dominica,DMA,2019,2.8963919
Dominica,DMA,2020,2.9577463
Dominica,DMA,2021,3.0068598
Dominica,DMA,2022,3.0475965
Dominica,DMA,2023,3.0808613
Dominican Republic,DOM,1963,4.0785203
Dominican Republic,DOM,1964,4.0685906
Dominican Republic,DOM,1965,4.052267
Dominican Republic,DOM,1966,4.043736
Dominican Republic,DOM,1967,4.0429697
Dominican Republic,DOM,1968,4.032601
Dominican Republic,DOM,1969,4.025429
Dominican Republic,DOM,1970,4.022176
Dominican Republic,DOM,1971,4.014451
Dominican Republic,DOM,1972,4.0000577
Dominican Republic,DOM,1973,3.971429
Dominican Republic,DOM,1974,3.9315307
Dominican Republic,DOM,1975,3.8881154
Dominican Republic,DOM,1976,3.8248968
Dominican Republic,DOM,1977,3.7417955
Dominican Republic,DOM,1978,3.6351388
Dominican Republic,DOM,1979,3.5058155
Dominican Republic,DOM,1980,3.3737757
Dominican Republic,DOM,1981,3.2453227
Dominican Republic,DOM,1982,3.1231632
Dominican Republic,DOM,1983,3.004018
Dominican Republic,DOM,1984,2.8953965
Dominican Republic,DOM,1985,2.8015747
Dominican Republic,DOM,1986,2.7246058
Dominican Republic,DOM,1987,2.654126
Dominican Republic,DOM,1988,2.5804045
Dominican Republic,DOM,1989,2.5069866
Dominican Republic,DOM,1990,2.4389343
Dominican Republic,DOM,1991,2.38133
Dominican Republic,DOM,1992,2.336969
Dominican Republic,DOM,1993,2.3052943
Dominican Republic,DOM,1994,2.2854154
Dominican Republic,DOM,1995,2.2801006
Dominican Republic,DOM,1996,2.2839153
Dominican Republic,DOM,1997,2.2930672
Dominican Republic,DOM,1998,2.301254
Dominican Republic,DOM,1999,2.3055575
Dominican Republic,DOM,2000,2.3032458
Dominican Republic,DOM,2001,2.2980735
Dominican Republic,DOM,2002,2.29259
Dominican Republic,DOM,2003,2.2906213
Dominican Republic,DOM,2004,2.2977636
Dominican Republic,DOM,2005,2.309062
Dominican Republic,DOM,2006,2.3273494
Dominican Republic,DOM,2007,2.345619
Dominican Republic,DOM,2008,2.3652139
Dominican Republic,DOM,2009,2.380457
Dominican Republic,DOM,2010,2.396333
Dominican Republic,DOM,2011,2.408421
Dominican Republic,DOM,2012,2.4176517
Dominican Republic,DOM,2013,2.421782
Dominican Republic,DOM,2014,2.4268045
Dominican Republic,DOM,2015,2.4334252
Dominican Republic,DOM,2016,2.437632
Dominican Republic,DOM,2017,2.4297335
Dominican Republic,DOM,2018,2.4111686
Dominican Republic,DOM,2019,2.3815348
Dominican Republic,DOM,2020,2.3385067
Dominican Republic,DOM,2021,2.290019
Dominican Republic,DOM,2022,2.2312047
Dominican Republic,DOM,2023,2.1740437
East Timor,TLS,1986,6.226575
East Timor,TLS,1987,6.093635
East Timor,TLS,1988,5.995749
East Timor,TLS,1989,5.881416
East Timor,TLS,1990,5.761145
East Timor,TLS,1991,5.611282
East Timor,TLS,1992,5.4213824
East Timor,TLS,1993,5.219377
East Timor,TLS,1994,5.02215
East Timor,TLS,1995,4.8437586
East Timor,TLS,1996,4.649632
East Timor,TLS,1997,4.4649234
East Timor,TLS,1998,4.3045697
East Timor,TLS,1999,4.1768584
East Timor,TLS,2000,3.8814628
East Timor,TLS,2001,3.7191327
East Timor,TLS,2002,3.5651248
East Timor,TLS,2003,3.421775
East Timor,TLS,2004,3.2949908
East Timor,TLS,2005,3.175193
East Timor,TLS,2006,3.0690832
East Timor,TLS,2007,2.984881
East Timor,TLS,2008,2.906644
East Timor,TLS,2009,2.8367422
East Timor,TLS,2010,2.7720938
East Timor,TLS,2011,2.7077572
East Timor,TLS,2012,2.6460419
East Timor,TLS,2013,2.5947936
East Timor,TLS,2014,2.5442982
East Timor,TLS,2015,2.5024936
East Timor,TLS,2016,2.4687955
East Timor,TLS,2017,2.4398203
East Timor,TLS,2018,2.411673
East Timor,TLS,2019,2.3770764
East Timor,TLS,2020,2.3422892
East Timor,TLS,2021,2.300611
East Timor,TLS,2022,2.260022
East Timor,TLS,2023,2.2209942
Ecuador,ECU,1956,6.425435
Ecuador,ECU,1957,6.294203
Ecuador,ECU,1958,6.1913147
Ecuador,ECU,1959,6.0798616
Ecuador,ECU,1960,5.974454
Ecuador,ECU,1961,5.891069
Ecuador,ECU,1962,5.819138
Ecuador,ECU,1963,5.750831
Ecuador,ECU,1964,5.6509876
Ecuador,ECU,1965,5.5161552
Ecuador,ECU,1966,5.375872
Ecuador,ECU,1967,5.2322245
Ecuador,ECU,1968,5.08167
Ecuador,ECU,1969,4.937061
Ecuador,ECU,1970,4.793716
Ecuador,ECU,1971,4.656776
Ecuador,ECU,1972,4.5306664
Ecuador,ECU,1973,4.400923
Ecuador,ECU,1974,4.2619486
Ecuador,ECU,1975,4.1190715
Ecuador,ECU,1976,3.9750066
Ecuador,ECU,1977,3.8349564
Ecuador,ECU,1978,3.7065055
Ecuador,ECU,1979,3.5692935
Ecuador,ECU,1980,3.424824
Ecuador,ECU,1981,3.2829459
Ecuador,ECU,1982,3.1448095
Ecuador,ECU,1983,3.004485
Ecuador,ECU,1984,2.8602827
Ecuador,ECU,1985,2.715854
Ecuador,ECU,1986,2.5828702
Ecuador,ECU,1987,2.469037
Ecuador,ECU,1988,2.3759215
Ecuador,ECU,1989,2.2972968
Ecuador,ECU,1990,2.2318368
Ecuador,ECU,1991,2.171217
Ecuador,ECU,1992,2.1083593
Ecuador,ECU,1993,2.043207
Ecuador,ECU,1994,1.9734308
Ecuador,ECU,1995,1.8982546
Ecuador,ECU,1996,1.8208685
Ecuador,ECU,1997,1.7209846
Ecuador,ECU,1998,1.6073533
Ecuador,ECU,1999,1.5052814
Ecuador,ECU,2000,1.4181968
Ecuador,ECU,2001,1.3425614
Ecuador,ECU,2002,1.2772429
Ecuador,ECU,2003,1.2209419
Ecuador,ECU,2004,1.1681849
Ecuador,ECU,2005,1.1179178
Ecuador,ECU,2006,1.0710914
Ecuador,ECU,2007,1.0247927
Ecuador,ECU,2008,0.979788
Ecuador,ECU,2009,0.9353195
Ecuador,ECU,2010,0.89332473
Ecuador,ECU,2011,0.8534802
Ecuador,ECU,2012,0.8168744
Ecuador,ECU,2013,0.7836133
Ecuador,ECU,2014,0.7536212
Ecuador,ECU,2015,0.7281606
Ecuador,ECU,2016,0.70902526
Ecuador,ECU,2017,0.69781417
Ecuador,ECU,2018,0.69436896
Ecuador,ECU,2019,0.69828045
Ecuador,ECU,2020,0.7075414
Ecuador,ECU,2021,0.71510243
Ecuador,ECU,2022,0.7156256
Ecuador,ECU,2023,0.709786
Egypt,EGY,1957,6.943059
Egypt,EGY,1958,6.853322
Egypt,EGY,1959,6.755046
Egypt,EGY,1960,6.652275
Egypt,EGY,1961,6.540494
Egypt,EGY,1962,6.431019
Egypt,EGY,1963,6.3248525
Egypt,EGY,1964,6.231018
Egypt,EGY,1965,6.1538086
Egypt,EGY,1966,6.1037455
Egypt,EGY,1967,6.0735126
Egypt,EGY,1968,6.058752
Egypt,EGY,1969,6.049575
Egypt,EGY,1970,6.0461736
Egypt,EGY,1971,6.0429955
Egypt,EGY,1972,6.027394
Egypt,EGY,1973,5.983284
Egypt,EGY,1974,5.9101396
Egypt,EGY,1975,5.817931
Egypt,EGY,1976,5.717345
Egypt,EGY,1977,5.606419
Egypt,EGY,1978,5.4771013
Egypt,EGY,1979,5.342846
Egypt,EGY,1980,5.1993365
Egypt,EGY,1981,5.0414824
Egypt,EGY,1982,4.8671126
Egypt,EGY,1983,4.674486
Egypt,EGY,1984,4.459119
Egypt,EGY,1985,4.231245
Egypt,EGY,1986,4.008772
Egypt,EGY,1987,3.807058
Egypt,EGY,1988,3.6242337
Egypt,EGY,1989,3.4658713
Egypt,EGY,1990,3.3224602
Egypt,EGY,1991,3.187729
Egypt,EGY,1992,3.06096
Egypt,EGY,1993,2.9354992
Egypt,EGY,1994,2.8148043
Egypt,EGY,1995,2.699731
Egypt,EGY,1996,2.5960042
Egypt,EGY,1997,2.5000167
Egypt,EGY,1998,2.410001
Egypt,EGY,1999,2.3264601
Egypt,EGY,2000,2.246174
Egypt,EGY,2001,2.1688533
Egypt,EGY,2002,2.0981061
Egypt,EGY,2003,2.0316832
Egypt,EGY,2004,1.9711235
Egypt,EGY,2005,1.8979857
Egypt,EGY,2006,1.8182099
Egypt,EGY,2007,1.7404488
Egypt,EGY,2008,1.6646122
Egypt,EGY,2009,1.590157
Egypt,EGY,2010,1.5188217
Egypt,EGY,2011,1.4502785
Egypt,EGY,2012,1.3873355
Egypt,EGY,2013,1.3303808
Egypt,EGY,2014,1.276898
Egypt,EGY,2015,1.2277201
Egypt,EGY,2016,1.1819171
Egypt,EGY,2017,1.139378
Egypt,EGY,2018,1.0988569
Egypt,EGY,2019,1.0601183
Egypt,EGY,2020,1.0240878
Egypt,EGY,2021,0.9911997
Egypt,EGY,2022,0.9565036
Egypt,EGY,2023,0.9252427
El Salvador,SLV,1985,2.579352
El Salvador,SLV,1986,2.5056386
El Salvador,SLV,1987,2.4365659
El Salvador,SLV,1988,2.373453
El Salvador,SLV,1989,2.3156662
El Salvador,SLV,1990,2.2510953
El Salvador,SLV,1991,2.1815438
El Salvador,SLV,1992,2.1060421
El Salvador,SLV,1993,2.0279233
El Salvador,SLV,1994,1.949577
El Salvador,SLV,1995,1.8732399
El Salvador,SLV,1996,1.8007674
El Salvador,SLV,1997,1.7286396
El Salvador,SLV,1998,1.652111
El Salvador,SLV,1999,1.550182
El Salvador,SLV,2000,1.4535613
El Salvador,SLV,2001,1.3652011
El Salvador,SLV,2002,1.2840955
El Salvador,SLV,2003,1.2089477
El Salvador,SLV,2004,1.1399419
El Salvador,SLV,2005,1.0767329
El Salvador,SLV,2006,1.0182458
El Salvador,SLV,2007,0.9641825
El Salvador,SLV,2008,0.9150475
El Salvador,SLV,2009,0.86810064
El Salvador,SLV,2010,0.8239501
El Salvador,SLV,2011,0.7816732
El Salvador,SLV,2012,0.7411512
El Salvador,SLV,2013,0.7016168
El Salvador,SLV,2014,0.66521496
El Salvador,SLV,2015,0.6302264
El Salvador,SLV,2016,0.5998614
El Salvador,SLV,2017,0.5697153
El Salvador,SLV,2018,0.5422991
El Salvador,SLV,2019,0.51790667
El Salvador,SLV,2020,0.49575904
El Salvador,SLV,2021,0.47585675
El Salvador,SLV,2022,0.45722
El Salvador,SLV,2023,0.4419095
Equatorial Guinea,GNQ,1989,4.9887915
Equatorial Guinea,GNQ,1990,4.96181
Equatorial Guinea,GNQ,1991,4.9421906
Equatorial Guinea,GNQ,1992,4.915942
Equatorial Guinea,GNQ,1993,4.898835
Equatorial Guinea,GNQ,1994,4.8822765
Equatorial Guinea,GNQ,1995,4.858174
Equatorial Guinea,GNQ,1996,4.8202286
Equatorial Guinea,GNQ,1997,4.7752495
Equatorial Guinea,GNQ,1998,4.725353
Equatorial Guinea,GNQ,1999,4.673157
Equatorial Guinea,GNQ,2000,4.621456
Equatorial Guinea,GNQ,2001,4.5816555
Equatorial Guinea,GNQ,2002,4.520887
Equatorial Guinea,GNQ,2003,4.4381094
Equatorial Guinea,GNQ,2004,4.332287
Equatorial Guinea,GNQ,2005,4.2084737
Equatorial Guinea,GNQ,2006,4.0749164
Equatorial Guinea,GNQ,2007,3.9269583
Equatorial Guinea,GNQ,2008,3.789837
Equatorial Guinea,GNQ,2009,3.6701498
Equatorial Guinea,GNQ,2010,3.5674543
Equatorial Guinea,GNQ,2011,3.4807074
Equatorial Guinea,GNQ,2012,3.4148176
Equatorial Guinea,GNQ,2013,3.3516142
Equatorial Guinea,GNQ,2014,3.2877407
Equatorial Guinea,GNQ,2015,3.2206073
Equatorial Guinea,GNQ,2016,3.167455
Equatorial Guinea,GNQ,2017,3.0997837
Equatorial Guinea,GNQ,2018,3.0400493
Equatorial Guinea,GNQ,2019,2.9684958
Equatorial Guinea,GNQ,2020,2.913126
Equatorial Guinea,GNQ,2021,2.8551252
Equatorial Guinea,GNQ,2022,2.7940443
Equatorial Guinea,GNQ,2023,2.724919
Eritrea,ERI,1977,4.5545497
Eritrea,ERI,1978,4.484246
Eritrea,ERI,1979,4.40041
Eritrea,ERI,1980,4.3088937
Eritrea,ERI,1981,4.2191796
Eritrea,ERI,1982,4.144771
Eritrea,ERI,1983,4.2231283
Eritrea,ERI,1984,4.1591377
Eritrea,ERI,1985,4.0880694
Eritrea,ERI,1986,4.0247507
Eritrea,ERI,1987,3.8119125
Eritrea,ERI,1988,3.721999
Eritrea,ERI,1989,3.615997
Eritrea,ERI,1990,3.5113218
Eritrea,ERI,1991,3.415993
Eritrea,ERI,1992,3.3220181
Eritrea,ERI,1993,3.2322917
Eritrea,ERI,1994,3.1439207
Eritrea,ERI,1995,3.0548337
Eritrea,ERI,1996,2.968754
Eritrea,ERI,1997,2.8889034
Eritrea,ERI,1998,2.8187673
Eritrea,ERI,1999,2.7900417
Eritrea,ERI,2000,2.7060657
Eritrea,ERI,2001,2.6553075
Eritrea,ERI,2002,2.60494
Eritrea,ERI,2003,2.559583
Eritrea,ERI,2004,2.5144596
Eritrea,ERI,2005,2.468347
Eritrea,ERI,2006,2.419155
Eritrea,ERI,2007,2.3665574
Eritrea,ERI,2008,2.3097792
Eritrea,ERI,2009,2.2528226
Eritrea,ERI,2010,2.1973968
Eritrea,ERI,2011,2.146704
Eritrea,ERI,2012,2.09622
Eritrea,ERI,2013,2.0545592
Eritrea,ERI,2014,2.0107973
Eritrea,ERI,2015,1.9689593
Eritrea,ERI,2016,1.9270598
Eritrea,ERI,2017,1.8870647
Eritrea,ERI,2018,1.8508252
Eritrea,ERI,2019,1.8133682
Eritrea,ERI,2020,1.7767258
Eritrea,ERI,2021,1.7370325
Eritrea,ERI,2022,1.6951975
Eritrea,ERI,2023,1.6390463
Estonia,EST,1988,1.0436931
Estonia,EST,1989,1.0122242
Estonia,EST,1990,0.98801744
Estonia,EST,1991,0.97467077
Estonia,EST,1992,0.9674549
Estonia,EST,1993,0.94960785
Estonia,EST,1994,0.9088499
Estonia,EST,1995,0.84909475
Estonia,EST,1996,0.7781905
Estonia,EST,1997,0.7061147
Estonia,EST,1998,0.6400027
Estonia,EST,1999,0.5824058
Estonia,EST,2000,0.5322997
Estonia,EST,2001,0.48629072
Estonia,EST,2002,0.44281557
Estonia,EST,2003,0.4026618
Estonia,EST,2004,0.3663989
Estonia,EST,2005,0.33360943
Estonia,EST,2006,0.30357498
Estonia,EST,2007,0.2760431
Estonia,EST,2008,0.2511708
Estonia,EST,2009,0.22845858
Estonia,EST,2010,0.20865625
Estonia,EST,2011,0.19159585
Estonia,EST,2012,0.17678344
Estonia,EST,2013,0.1639232
Estonia,EST,2014,0.15271647
Estonia,EST,2015,0.14278251
Estonia,EST,2016,0.13436486
Estonia,EST,2017,0.12704995
Estonia,EST,2018,0.120871335
Estonia,EST,2019,0.115522645
Estonia,EST,2020,0.11077893
Estonia,EST,2021,0.10638332
Estonia,EST,2022,0.10239464
Estonia,EST,2023,0.09849714
Eswatini,SWZ,1983,2.386215
Eswatini,SWZ,1984,2.3261847
Eswatini,SWZ,1985,2.286326
Eswatini,SWZ,1986,2.2539487
Eswatini,SWZ,1987,2.2300239
Eswatini,SWZ,1988,2.2098286
Eswatini,SWZ,1989,2.1967812
Eswatini,SWZ,1990,2.200645
Eswatini,SWZ,1991,2.2134538
Eswatini,SWZ,1992,2.241883
Eswatini,SWZ,1993,2.2810817
Eswatini,SWZ,1994,2.3270867
Eswatini,SWZ,1995,2.3848586
Eswatini,SWZ,1996,2.448629
Eswatini,SWZ,1997,2.5075743
Eswatini,SWZ,1998,2.5570984
Eswatini,SWZ,1999,2.580069
Eswatini,SWZ,2000,2.5786746
Eswatini,SWZ,2001,2.552287
Eswatini,SWZ,2002,2.5189862
Eswatini,SWZ,2003,2.4830072
Eswatini,SWZ,2004,2.4556108
Eswatini,SWZ,2005,2.4439025
Eswatini,SWZ,2006,2.4472408
Eswatini,SWZ,2007,2.4603467
Eswatini,SWZ,2008,2.4791656
Eswatini,SWZ,2009,2.496122
Eswatini,SWZ,2010,2.504753
Eswatini,SWZ,2011,2.5070817
Eswatini,SWZ,2012,2.5095496
Eswatini,SWZ,2013,2.5281413
Eswatini,SWZ,2014,2.5477986
Eswatini,SWZ,2015,2.5705595
Eswatini,SWZ,2016,2.5921526
Eswatini,SWZ,2017,2.6107507
Eswatini,SWZ,2018,2.6159713
Eswatini,SWZ,2019,2.6049275
Eswatini,SWZ,2020,2.5786061
Eswatini,SWZ,2021,2.544051
Eswatini,SWZ,2022,2.497136
Eswatini,SWZ,2023,2.4462726
Ethiopia,ETH,1977,6.6390576
Ethiopia,ETH,1978,6.654961
Ethiopia,ETH,1979,6.676132
Ethiopia,ETH,1980,6.6912637
Ethiopia,ETH,1981,6.685942
Ethiopia,ETH,1982,6.6578426
Ethiopia,ETH,1983,6.746676
Ethiopia,ETH,1984,6.659494
Ethiopia,ETH,1985,6.5530906
Ethiopia,ETH,1986,6.4524074
Ethiopia,ETH,1987,6.222597
Ethiopia,ETH,1988,6.1280365
Ethiopia,ETH,1989,6.0414057
Ethiopia,ETH,1990,5.9501834
Ethiopia,ETH,1991,5.860244
Ethiopia,ETH,1992,5.7531905
Ethiopia,ETH,1993,5.6319304
Ethiopia,ETH,1994,5.4935727
Ethiopia,ETH,1995,5.3520083
Ethiopia,ETH,1996,5.2109923
Ethiopia,ETH,1997,5.0846157
Ethiopia,ETH,1998,4.973971
Ethiopia,ETH,1999,4.8713083
Ethiopia,ETH,2000,4.7750382
Ethiopia,ETH,2001,4.6808867
Ethiopia,ETH,2002,4.5860515
Ethiopia,ETH,2003,4.495851
Ethiopia,ETH,2004,4.417297
Ethiopia,ETH,2005,4.3392596
Ethiopia,ETH,2006,4.2558064
Ethiopia,ETH,2007,4.169427
Ethiopia,ETH,2008,4.0760407
Ethiopia,ETH,2009,3.9721165
Ethiopia,ETH,2010,3.8653789
Ethiopia,ETH,2011,3.7604976
Ethiopia,ETH,2012,3.6546044
Ethiopia,ETH,2013,3.556885
Ethiopia,ETH,2014,3.4681904
Ethiopia,ETH,2015,3.3854485
Ethiopia,ETH,2016,3.300557
Ethiopia,ETH,2017,3.2173128
Ethiopia,ETH,2018,3.1297657
Ethiopia,ETH,2019,3.0447505
Ethiopia,ETH,2020,2.967453
Ethiopia,ETH,2021,2.8864722
Ethiopia,ETH,2022,2.8112864
Ethiopia,ETH,2023,2.7374098
Europe,OWID_EUR,1989,0.8120743
Europe,OWID_EUR,1990,0.7891469
Europe,OWID_EUR,1991,0.7696303
Europe,OWID_EUR,1992,0.75347006
Europe,OWID_EUR,1993,0.738434
Europe,OWID_EUR,1994,0.72214377
Europe,OWID_EUR,1995,0.7020378
Europe,OWID_EUR,1996,0.6773841
Europe,OWID_EUR,1997,0.64972514
Europe,OWID_EUR,1998,0.6211025
Europe,OWID_EUR,1999,0.5932851
Europe,OWID_EUR,2000,0.5673838
Europe,OWID_EUR,2001,0.541098
Europe,OWID_EUR,2002,0.51313394
Europe,OWID_EUR,2003,0.485828
Europe,OWID_EUR,2004,0.46119198
Europe,OWID_EUR,2005,0.43891436
Europe,OWID_EUR,2006,0.41610217
Europe,OWID_EUR,2007,0.3920179
Europe,OWID_EUR,2008,0.36998767
Europe,OWID_EUR,2009,0.3540709
Europe,OWID_EUR,2010,0.3449025
Europe,OWID_EUR,2011,0.33921915
Europe,OWID_EUR,2012,0.33370677
Europe,OWID_EUR,2013,0.32658833
Europe,OWID_EUR,2014,0.31640464
Europe,OWID_EUR,2015,0.30376384
Europe,OWID_EUR,2016,0.2915645
Europe,OWID_EUR,2017,0.28153214
Europe,OWID_EUR,2018,0.27266946
Europe,OWID_EUR,2019,0.26349276
Europe,OWID_EUR,2020,0.2539911
Europe,OWID_EUR,2021,0.24548045
Europe,OWID_EUR,2022,0.23826225
Europe,OWID_EUR,2023,0.23259729
European Union (27),OWID_EU27,1969,1.6093777
European Union (27),OWID_EU27,1970,1.5577196
European Union (27),OWID_EU27,1971,1.5194389
European Union (27),OWID_EU27,1972,1.4712446
European Union (27),OWID_EU27,1973,1.4029862
European Union (27),OWID_EU27,1974,1.326341
European Union (27),OWID_EU27,1975,1.2516385
European Union (27),OWID_EU27,1976,1.1763812
European Union (27),OWID_EU27,1977,1.0945681
European Union (27),OWID_EU27,1978,1.0091218
European Union (27),OWID_EU27,1979,0.93344855
European Union (27),OWID_EU27,1980,0.8736722
European Union (27),OWID_EU27,1981,0.8264132
European Union (27),OWID_EU27,1982,0.80837375
European Union (27),OWID_EU27,1983,0.7714094
European Union (27),OWID_EU27,1984,0.7368434
European Union (27),OWID_EU27,1985,0.7023356
European Union (27),OWID_EU27,1986,0.66816413
European Union (27),OWID_EU27,1987,0.63712436
European Union (27),OWID_EU27,1988,0.6125985
European Union (27),OWID_EU27,1989,0.6489437
European Union (27),OWID_EU27,1990,0.6260991
European Union (27),OWID_EU27,1991,0.6033276
European Union (27),OWID_EU27,1992,0.5802005
European Union (27),OWID_EU27,1993,0.557845
European Union (27),OWID_EU27,1994,0.5355008
European Union (27),OWID_EU27,1995,0.51125085
European Union (27),OWID_EU27,1996,0.48492634
European Union (27),OWID_EU27,1997,0.4577603
European Union (27),OWID_EU27,1998,0.43175563
European Union (27),OWID_EU27,1999,0.40899846
European Union (27),OWID_EU27,2000,0.3903611
European Union (27),OWID_EU27,2001,0.37476638
European Union (27),OWID_EU27,2002,0.36087704
European Union (27),OWID_EU27,2003,0.34796497
European Union (27),OWID_EU27,2004,0.33498633
European Union (27),OWID_EU27,2005,0.3208121
European Union (27),OWID_EU27,2006,0.3060993
European Union (27),OWID_EU27,2007,0.29248342
European Union (27),OWID_EU27,2008,0.28130236
European Union (27),OWID_EU27,2009,0.27253604
European Union (27),OWID_EU27,2010,0.2654922
European Union (27),OWID_EU27,2011,0.25959268
European Union (27),OWID_EU27,2012,0.2546745
European Union (27),OWID_EU27,2013,0.25067493
European Union (27),OWID_EU27,2014,0.2469327
European Union (27),OWID_EU27,2015,0.2428603
European Union (27),OWID_EU27,2016,0.23863797
European Union (27),OWID_EU27,2017,0.23461802
European Union (27),OWID_EU27,2018,0.23087932
European Union (27),OWID_EU27,2019,0.22742154
European Union (27),OWID_EU27,2020,0.22431427
European Union (27),OWID_EU27,2021,0.22163807
European Union (27),OWID_EU27,2022,0.21958975
European Union (27),OWID_EU27,2023,0.21793754
Fiji,FJI,1989,1.3732338
Fiji,FJI,1990,1.3185484
Fiji,FJI,1991,1.2633066
Fiji,FJI,1992,1.2142595
Fiji,FJI,1993,1.1696622
Fiji,FJI,1994,1.1289362
Fiji,FJI,1995,1.0930946
Fiji,FJI,1996,1.0620427
Fiji,FJI,1997,1.0350596
Fiji,FJI,1998,1.0127279
Fiji,FJI,1999,0.9989129
Fiji,FJI,2000,0.99767995
Fiji,FJI,2001,1.0150993
Fiji,FJI,2002,1.0496398
Fiji,FJI,2003,1.0964673
Fiji,FJI,2004,1.144456
Fiji,FJI,2005,1.1695925
Fiji,FJI,2006,1.1498766
Fiji,FJI,2007,1.0894511
Fiji,FJI,2008,1.0140985
Fiji,FJI,2009,0.94174033
Fiji,FJI,2010,0.8827028
Fiji,FJI,2011,0.8427382
Fiji,FJI,2012,0.82031727
Fiji,FJI,2013,0.8126136
Fiji,FJI,2014,0.82199013
Fiji,FJI,2015,0.8546603
Fiji,FJI,2016,0.919823
Fiji,FJI,2017,1.0160793
Fiji,FJI,2018,1.1321722
Fiji,FJI,2019,1.2558442
Fiji,FJI,2020,1.3653221
Fiji,FJI,2021,1.4412079
Fiji,FJI,2022,1.4808767
Fiji,FJI,2023,1.4922878
Finland,FIN,1960,1.5759552
Finland,FIN,1961,1.5258222
Finland,FIN,1962,1.4773014
Finland,FIN,1963,1.4225892
Finland,FIN,1964,1.3642219
Finland,FIN,1965,1.302799
Finland,FIN,1966,1.2424839
Finland,FIN,1967,1.18651
Finland,FIN,1968,1.1361216
Finland,FIN,1969,1.0898577
Finland,FIN,1970,1.0456223
Finland,FIN,1971,0.99948746
Finland,FIN,1972,0.9478575
Finland,FIN,1973,0.89010906
Finland,FIN,1974,0.82869864
Finland,FIN,1975,0.76686144
Finland,FIN,1976,0.7069185
Finland,FIN,1977,0.6507969
Finland,FIN,1978,0.5994168
Finland,FIN,1979,0.55322516
Finland,FIN,1980,0.51241237
Finland,FIN,1981,0.47878164
Finland,FIN,1982,0.45420188
Finland,FIN,1983,0.43891186
Finland,FIN,1984,0.42947325
Finland,FIN,1985,0.42264733
Finland,FIN,1986,0.41699004
Finland,FIN,1987,0.41093418
Finland,FIN,1988,0.40389544
Finland,FIN,1989,0.39554498
Finland,FIN,1990,0.38527313
Finland,FIN,1991,0.37285787
Finland,FIN,1992,0.35733137
Finland,FIN,1993,0.33953103
Finland,FIN,1994,0.3217295
Finland,FIN,1995,0.3058553
Finland,FIN,1996,0.29214188
Finland,FIN,1997,0.28005204
Finland,FIN,1998,0.2689004
Finland,FIN,1999,0.25841773
Finland,FIN,2000,0.24811083
Finland,FIN,2001,0.23821735
Finland,FIN,2002,0.22940336
Finland,FIN,2003,0.2215139
Finland,FIN,2004,0.2143699
Finland,FIN,2005,0.20744862
Finland,FIN,2006,0.20060687
Finland,FIN,2007,0.19302496
Finland,FIN,2008,0.18462336
Finland,FIN,2009,0.17549476
Finland,FIN,2010,0.16599436
Finland,FIN,2011,0.15684873
Finland,FIN,2012,0.1493838
Finland,FIN,2013,0.14409254
Finland,FIN,2014,0.14068352
Finland,FIN,2015,0.13884395
Finland,FIN,2016,0.13800074
Finland,FIN,2017,0.13740925
Finland,FIN,2018,0.13676159
Finland,FIN,2019,0.13595401
Finland,FIN,2020,0.13505207
Finland,FIN,2021,0.13411151
Finland,FIN,2022,0.13306965
Finland,FIN,2023,0.13198698
France,FRA,1960,1.8526317
France,FRA,1961,1.7224422
France,FRA,1962,1.6421225
France,FRA,1963,1.6144499
France,FRA,1964,1.6042643
France,FRA,1965,1.5804081
France,FRA,1966,1.5166147
France,FRA,1967,1.3846768
France,FRA,1968,1.1857349
France,FRA,1969,0.9983694
France,FRA,1970,0.9068249
France,FRA,1971,0.88740987
France,FRA,1972,0.87499
France,FRA,1973,0.8402988
France,FRA,1974,0.80643415
France,FRA,1975,0.79444873
France,FRA,1976,0.787699
France,FRA,1977,0.7545112
France,FRA,1978,0.6869333
France,FRA,1979,0.6155379
France,FRA,1980,0.56747204
France,FRA,1981,0.54026204
France,FRA,1982,0.52025616
France,FRA,1983,0.4990172
France,FRA,1984,0.4768021
France,FRA,1985,0.4549792
France,FRA,1986,0.4345779
France,FRA,1987,0.41650847
France,FRA,1988,0.39984763
France,FRA,1989,0.38217878
France,FRA,1990,0.3610149
France,FRA,1991,0.3395562
France,FRA,1992,0.32271436
France,FRA,1993,0.31253484
France,FRA,1994,0.30824918
France,FRA,1995,0.308009
France,FRA,1996,0.30754188
France,FRA,1997,0.30203518
France,FRA,1998,0.29097947
France,FRA,1999,0.28007323
France,FRA,2000,0.27462393
France,FRA,2001,0.27258042
France,FRA,2002,0.2688934
France,FRA,2003,0.26137766
France,FRA,2004,0.25243106
France,FRA,2005,0.24458578
France,FRA,2006,0.23903985
France,FRA,2007,0.23608686
France,FRA,2008,0.23538628
France,FRA,2009,0.23497808
France,FRA,2010,0.23328845
France,FRA,2011,0.23114891
France,FRA,2012,0.23069134
France,FRA,2013,0.23323911
France,FRA,2014,0.23788126
France,FRA,2015,0.24355808
France,FRA,2016,0.24925105
France,FRA,2017,0.25350913
France,FRA,2018,0.25550717
France,FRA,2019,0.25629014
France,FRA,2020,0.25696942
France,FRA,2021,0.25930262
France,FRA,2022,0.26533407
France,FRA,2023,0.27470344
Gabon,GAB,1977,3.2638655
Gabon,GAB,1978,3.2074087
Gabon,GAB,1979,3.157134
Gabon,GAB,1980,3.1052155
Gabon,GAB,1981,3.0516467
Gabon,GAB,1982,3.0030704
Gabon,GAB,1983,2.9692464
Gabon,GAB,1984,2.9408202
Gabon,GAB,1985,2.917565
Gabon,GAB,1986,2.899987
Gabon,GAB,1987,2.8779004
Gabon,GAB,1988,2.8557234
Gabon,GAB,1989,2.8292594
Gabon,GAB,1990,2.7983644
Gabon,GAB,1991,2.7665722
Gabon,GAB,1992,2.7150018
Gabon,GAB,1993,2.6546261
Gabon,GAB,1994,2.5898848
Gabon,GAB,1995,2.5400383
Gabon,GAB,1996,2.5162718
Gabon,GAB,1997,2.522316
Gabon,GAB,1998,2.5571399
Gabon,GAB,1999,2.6084852
Gabon,GAB,2000,2.6612787
Gabon,GAB,2001,2.6971822
Gabon,GAB,2002,2.7167547
Gabon,GAB,2003,2.7290058
Gabon,GAB,2004,2.7250168
Gabon,GAB,2005,2.6981463
Gabon,GAB,2006,2.653414
Gabon,GAB,2007,2.5873504
Gabon,GAB,2008,2.511569
Gabon,GAB,2009,2.4342499
Gabon,GAB,2010,2.365944
Gabon,GAB,2011,2.3069053
Gabon,GAB,2012,2.2532372
Gabon,GAB,2013,2.2096684
Gabon,GAB,2014,2.164745
Gabon,GAB,2015,2.1190941
Gabon,GAB,2016,2.072038
Gabon,GAB,2017,2.016286
Gabon,GAB,2018,1.960718
Gabon,GAB,2019,1.9017602
Gabon,GAB,2020,1.8439618
Gabon,GAB,2021,1.7888193
Gabon,GAB,2022,1.7317973
Gabon,GAB,2023,1.6764721
Gambia,GMB,1989,5.0824494
Gambia,GMB,1990,4.9897623
Gambia,GMB,1991,4.897279
Gambia,GMB,1992,4.802606
Gambia,GMB,1993,4.72029
Gambia,GMB,1994,4.635266
Gambia,GMB,1995,4.5417647
Gambia,GMB,1996,4.4377446
Gambia,GMB,1997,4.340324
Gambia,GMB,1998,4.234422
Gambia,GMB,1999,4.1323886
Gambia,GMB,2000,4.0394998
Gambia,GMB,2001,3.959413
Gambia,GMB,2002,3.8850713
Gambia,GMB,2003,3.8171396
Gambia,GMB,2004,3.7510068
Gambia,GMB,2005,3.684283
Gambia,GMB,2006,3.609729
Gambia,GMB,2007,3.527765
Gambia,GMB,2008,3.446339
Gambia,GMB,2009,3.3706546
Gambia,GMB,2010,3.2966914
Gambia,GMB,2011,3.2177455
Gambia,GMB,2012,3.1389275
Gambia,GMB,2013,3.0675728
Gambia,GMB,2014,2.9908764
Gambia,GMB,2015,2.9150214
Gambia,GMB,2016,2.8352947
Gambia,GMB,2017,2.757499
Gambia,GMB,2018,2.6871924
Gambia,GMB,2019,2.6199682
Gambia,GMB,2020,2.5566757
Gambia,GMB,2021,2.490617
Gambia,GMB,2022,2.4291873
Gambia,GMB,2023,2.3681655
Georgia,GEO,1977,2.825615
Georgia,GEO,1978,2.7701793
Georgia,GEO,1979,2.7122135
Georgia,GEO,1980,2.6641307
Georgia,GEO,1981,2.6151695
Georgia,GEO,1982,2.568803
Georgia,GEO,1983,2.5229614
Georgia,GEO,1984,2.485944
Georgia,GEO,1985,2.4567146
Georgia,GEO,1986,2.4423296
Georgia,GEO,1987,2.4350662
Georgia,GEO,1988,2.4418976
Georgia,GEO,1989,2.4608877
Georgia,GEO,1990,2.4761937
Georgia,GEO,1991,2.4880111
Georgia,GEO,1992,2.4911869
Georgia,GEO,1993,2.4903164
Georgia,GEO,1994,2.4787927
Georgia,GEO,1995,2.463159
Georgia,GEO,1996,2.4427712
Georgia,GEO,1997,2.4153087
Georgia,GEO,1998,2.3823838
Georgia,GEO,1999,2.3379292
Georgia,GEO,2000,2.264337
Georgia,GEO,2001,2.147607
Georgia,GEO,2002,2.0177898
Georgia,GEO,2003,1.8766431
Georgia,GEO,2004,1.727511
Georgia,GEO,2005,1.582616
Georgia,GEO,2006,1.4426582
Georgia,GEO,2007,1.3138655
Georgia,GEO,2008,1.1984456
Georgia,GEO,2009,1.0963216
Georgia,GEO,2010,1.0084212
Georgia,GEO,2011,0.9327386
Georgia,GEO,2012,0.86400557
Georgia,GEO,2013,0.7966402
Georgia,GEO,2014,0.73107857
Georgia,GEO,2015,0.67114234
Georgia,GEO,2016,0.61973107
Georgia,GEO,2017,0.5810994
Georgia,GEO,2018,0.5562157
Georgia,GEO,2019,0.5440319
Georgia,GEO,2020,0.53992254
Georgia,GEO,2021,0.5394119
Georgia,GEO,2022,0.5380642
Georgia,GEO,2023,0.5320119
Germany,DEU,1969,1.4411511
Germany,DEU,1970,1.4084527
Germany,DEU,1971,1.3896087
Germany,DEU,1972,1.3432946
Germany,DEU,1973,1.2543032
Germany,DEU,1974,1.1454861
Germany,DEU,1975,1.0388428
Germany,DEU,1976,0.9348203
Germany,DEU,1977,0.8261086
Germany,DEU,1978,0.71458274
Germany,DEU,1979,0.6171537
Germany,DEU,1980,0.5454173
Germany,DEU,1981,0.49498478
Germany,DEU,1982,0.45721692
Germany,DEU,1983,0.42595777
Germany,DEU,1984,0.3969816
Germany,DEU,1985,0.36794907
Germany,DEU,1986,0.34264994
Germany,DEU,1987,0.32648033
Germany,DEU,1988,0.3217451
Germany,DEU,1989,0.32595372
Germany,DEU,1990,0.3359984
Germany,DEU,1991,0.34501547
Germany,DEU,1992,0.34492382
Germany,DEU,1993,0.333974
Germany,DEU,1994,0.31946814
Germany,DEU,1995,0.3078851
Germany,DEU,1996,0.29950446
Germany,DEU,1997,0.29239783
Germany,DEU,1998,0.28567618
Germany,DEU,1999,0.28023034
Germany,DEU,2000,0.27681017
Germany,DEU,2001,0.2744706
Germany,DEU,2002,0.27159655
Germany,DEU,2003,0.2675736
Germany,DEU,2004,0.2636325
Germany,DEU,2005,0.26085877
Germany,DEU,2006,0.25795358
Germany,DEU,2007,0.25234854
Germany,DEU,2008,0.24383628
Germany,DEU,2009,0.23564808
Germany,DEU,2010,0.23062022
Germany,DEU,2011,0.22873874
Germany,DEU,2012,0.22843386
Germany,DEU,2013,0.22860177
Germany,DEU,2014,0.22888131
Germany,DEU,2015,0.22867419
Germany,DEU,2016,0.22814038
Germany,DEU,2017,0.22764163
Germany,DEU,2018,0.22737646
Germany,DEU,2019,0.22711687
Germany,DEU,2020,0.2266612
Germany,DEU,2021,0.22640465
Germany,DEU,2022,0.22693728
Germany,DEU,2023,0.22819722
Ghana,GHA,1965,5.9849854
Ghana,GHA,1966,5.980297
Ghana,GHA,1967,5.9725804
Ghana,GHA,1968,5.9596267
Ghana,GHA,1969,5.9452395
Ghana,GHA,1970,5.9118295
Ghana,GHA,1971,5.866588
Ghana,GHA,1972,5.804042
Ghana,GHA,1973,5.728669
Ghana,GHA,1974,5.639292
Ghana,GHA,1975,5.5371566
Ghana,GHA,1976,5.437333
Ghana,GHA,1977,5.341039
Ghana,GHA,1978,5.256349
Ghana,GHA,1979,5.1834097
Ghana,GHA,1980,5.1170673
Ghana,GHA,1981,5.059099
Ghana,GHA,1982,4.9908366
Ghana,GHA,1983,4.914027
Ghana,GHA,1984,4.827665
Ghana,GHA,1985,4.73202
Ghana,GHA,1986,4.6268888
Ghana,GHA,1987,4.520468
Ghana,GHA,1988,4.4066606
Ghana,GHA,1989,4.29775
Ghana,GHA,1990,4.1980243
Ghana,GHA,1991,4.109236
Ghana,GHA,1992,4.039426
Ghana,GHA,1993,3.9813628
Ghana,GHA,1994,3.9346194
Ghana,GHA,1995,3.8995554
Ghana,GHA,1996,3.8571954
Ghana,GHA,1997,3.804289
Ghana,GHA,1998,3.7407496
Ghana,GHA,1999,3.6638973
Ghana,GHA,2000,3.5788326
Ghana,GHA,2001,3.4958653
Ghana,GHA,2002,3.4207819
Ghana,GHA,2003,3.3551805
Ghana,GHA,2004,3.2962108
Ghana,GHA,2005,3.244477
Ghana,GHA,2006,3.1890306
Ghana,GHA,2007,3.1259
Ghana,GHA,2008,3.0562708
Ghana,GHA,2009,2.9771307
Ghana,GHA,2010,2.8899117
Ghana,GHA,2011,2.8038278
Ghana,GHA,2012,2.7186368
Ghana,GHA,2013,2.6384192
Ghana,GHA,2014,2.564049
Ghana,GHA,2015,2.5012095
Ghana,GHA,2016,2.4452624
Ghana,GHA,2017,2.3932955
Ghana,GHA,2018,2.342787
Ghana,GHA,2019,2.2964692
Ghana,GHA,2020,2.2525253
Ghana,GHA,2021,2.2095094
Ghana,GHA,2022,2.1653824
Ghana,GHA,2023,2.1222675
Greece,GRC,1960,1.9824547
Greece,GRC,1961,1.9975708
Greece,GRC,1962,2.0023253
Greece,GRC,1963,2.000829
Greece,GRC,1964,2.0140963
Greece,GRC,1965,2.0499377
Greece,GRC,1966,2.0847042
Greece,GRC,1967,2.0892181
Greece,GRC,1968,2.0515394
Greece,GRC,1969,2.0278096
Greece,GRC,1970,2.0354946
Greece,GRC,1971,2.0161304
Greece,GRC,1972,1.92912
Greece,GRC,1973,1.814785
Greece,GRC,1974,1.7342871
Greece,GRC,1975,1.7026142
Greece,GRC,1976,1.6670461
Greece,GRC,1977,1.5951589
Greece,GRC,1978,1.5018848
Greece,GRC,1979,1.4115052
Greece,GRC,1980,1.334295
Greece,GRC,1981,1.2613734
Greece,GRC,1982,1.1880195
Greece,GRC,1983,1.119063
Greece,GRC,1984,1.0554789
Greece,GRC,1985,0.9903062
Greece,GRC,1986,0.9177164
Greece,GRC,1987,0.8414452
Greece,GRC,1988,0.7678947
Greece,GRC,1989,0.70247793
Greece,GRC,1990,0.6500805
Greece,GRC,1991,0.6135645
Greece,GRC,1992,0.59340054
Greece,GRC,1993,0.58307296
Greece,GRC,1994,0.5722292
Greece,GRC,1995,0.5538247
Greece,GRC,1996,0.52793664
Greece,GRC,1997,0.49595764
Greece,GRC,1998,0.4609863
Greece,GRC,1999,0.4262182
Greece,GRC,2000,0.39316094
Greece,GRC,2001,0.36032954
Greece,GRC,2002,0.3266499
Greece,GRC,2003,0.29527596
Greece,GRC,2004,0.26980287
Greece,GRC,2005,0.2512023
Greece,GRC,2006,0.23653035
Greece,GRC,2007,0.22356057
Greece,GRC,2008,0.21421751
Greece,GRC,2009,0.21090421
Greece,GRC,2010,0.21415389
Greece,GRC,2011,0.2222738
Greece,GRC,2012,0.23340759
Greece,GRC,2013,0.2455602
Greece,GRC,2014,0.25536904
Greece,GRC,2015,0.25965315
Greece,GRC,2016,0.25860152
Greece,GRC,2017,0.25562683
Greece,GRC,2018,0.2516886
Greece,GRC,2019,0.24712433
Greece,GRC,2020,0.2424017
Greece,GRC,2021,0.23758543
Greece,GRC,2022,0.23259069
Greece,GRC,2023,0.22673972
Grenada,GRD,1989,1.2927874
Grenada,GRD,1990,1.2222773
Grenada,GRD,1991,1.1467937
Grenada,GRD,1992,1.0658693
Grenada,GRD,1993,0.98619103
Grenada,GRD,1994,0.91440916
Grenada,GRD,1995,0.8553306
Grenada,GRD,1996,0.81467897
Grenada,GRD,1997,0.7887869
Grenada,GRD,1998,0.7783534
Grenada,GRD,1999,0.7763182
Grenada,GRD,2000,0.77913994
Grenada,GRD,2001,0.783193
Grenada,GRD,2002,0.78641623
Grenada,GRD,2003,0.7876175
Grenada,GRD,2004,0.78892463
Grenada,GRD,2005,0.7920024
Grenada,GRD,2006,0.7976752
Grenada,GRD,2007,0.8098123
Grenada,GRD,2008,0.83276665
Grenada,GRD,2009,0.866271
Grenada,GRD,2010,0.9086516
Grenada,GRD,2011,0.95909977
Grenada,GRD,2012,1.0124642
Grenada,GRD,2013,1.0633516
Grenada,GRD,2014,1.10935
Grenada,GRD,2015,1.1465287
Grenada,GRD,2016,1.1766355
Grenada,GRD,2017,1.2027336
Grenada,GRD,2018,1.2237399
Grenada,GRD,2019,1.2436357
Grenada,GRD,2020,1.259636
Grenada,GRD,2021,1.264794
Grenada,GRD,2022,1.256209
Grenada,GRD,2023,1.2413504
Guatemala,GTM,1964,5.798791
Guatemala,GTM,1965,5.708843
Guatemala,GTM,1966,5.60772
Guatemala,GTM,1967,5.499107
Guatemala,GTM,1968,5.3885803
Guatemala,GTM,1969,5.28205
Guatemala,GTM,1970,5.157427
Guatemala,GTM,1971,5.0400486
Guatemala,GTM,1972,4.9089246
Guatemala,GTM,1973,4.768411
Guatemala,GTM,1974,4.625836
Guatemala,GTM,1975,4.480455
Guatemala,GTM,1976,4.381597
Guatemala,GTM,1977,4.2067595
Guatemala,GTM,1978,4.0803156
Guatemala,GTM,1979,3.964831
Guatemala,GTM,1980,3.8476534
Guatemala,GTM,1981,3.735201
Guatemala,GTM,1982,3.6534612
Guatemala,GTM,1983,3.4936523
Guatemala,GTM,1984,3.3755898
Guatemala,GTM,1985,3.2739747
Guatemala,GTM,1986,3.1775339
Guatemala,GTM,1987,3.0839665
Guatemala,GTM,1988,2.9917138
Guatemala,GTM,1989,2.903493
Guatemala,GTM,1990,2.8178432
Guatemala,GTM,1991,2.7379103
Guatemala,GTM,1992,2.6579673
Guatemala,GTM,1993,2.5810745
Guatemala,GTM,1994,2.5073965
Guatemala,GTM,1995,2.4391575
Guatemala,GTM,1996,2.3741887
Guatemala,GTM,1997,2.310597
Guatemala,GTM,1998,2.2480204
Guatemala,GTM,1999,2.1889167
Guatemala,GTM,2000,2.1326232
Guatemala,GTM,2001,2.0749376
Guatemala,GTM,2002,2.0203831
Guatemala,GTM,2003,1.9669743
Guatemala,GTM,2004,1.9153166
Guatemala,GTM,2005,1.8647264
Guatemala,GTM,2006,1.8173552
Guatemala,GTM,2007,1.772121
Guatemala,GTM,2008,1.7271873
Guatemala,GTM,2009,1.6777166
Guatemala,GTM,2010,1.6156619
Guatemala,GTM,2011,1.5542114
Guatemala,GTM,2012,1.496084
Guatemala,GTM,2013,1.440018
Guatemala,GTM,2014,1.3836735
Guatemala,GTM,2015,1.3296021
Guatemala,GTM,2016,1.2799695
Guatemala,GTM,2017,1.233701
Guatemala,GTM,2018,1.1905466
Guatemala,GTM,2019,1.151292
Guatemala,GTM,2020,1.1109946
Guatemala,GTM,2021,1.0748193
Guatemala,GTM,2022,1.0358969
Guatemala,GTM,2023,1.0001141
Guinea,GIN,1976,6.9907184
Guinea,GIN,1977,7.0502687
Guinea,GIN,1978,7.1489625
Guinea,GIN,1979,7.2438884
Guinea,GIN,1980,7.332646
Guinea,GIN,1981,7.3794465
Guinea,GIN,1982,7.370545
Guinea,GIN,1983,7.3103304
Guinea,GIN,1984,7.1922297
Guinea,GIN,1985,7.034039
Guinea,GIN,1986,6.8505282
Guinea,GIN,1987,6.6691704
Guinea,GIN,1988,6.4916725
Guinea,GIN,1989,6.3328915
Guinea,GIN,1990,6.1850567
Guinea,GIN,1991,6.0547357
Guinea,GIN,1992,5.952517
Guinea,GIN,1993,5.8618546
Guinea,GIN,1994,5.781273
Guinea,GIN,1995,5.6737347
Guinea,GIN,1996,5.5299473
Guinea,GIN,1997,5.3290453
Guinea,GIN,1998,5.090541
Guinea,GIN,1999,4.837116
Guinea,GIN,2000,4.6065445
Guinea,GIN,2001,4.4023204
Guinea,GIN,2002,4.245648
Guinea,GIN,2003,4.1249685
Guinea,GIN,2004,4.0205584
Guinea,GIN,2005,3.9200428
Guinea,GIN,2006,3.830592
Guinea,GIN,2007,3.7542071
Guinea,GIN,2008,3.6952379
Guinea,GIN,2009,3.6516638
Guinea,GIN,2010,3.6106038
Guinea,GIN,2011,3.5670462
Guinea,GIN,2012,3.5196042
Guinea,GIN,2013,3.4699047
Guinea,GIN,2014,3.420127
Guinea,GIN,2015,3.3709483
Guinea,GIN,2016,3.3306873
Guinea,GIN,2017,3.2969348
Guinea,GIN,2018,3.2632768
Guinea,GIN,2019,3.224477
Guinea,GIN,2020,3.1811655
Guinea,GIN,2021,3.1336122
Guinea,GIN,2022,3.0869918
Guinea,GIN,2023,3.032596
Guinea-Bissau,GNB,1987,6.492313
Guinea-Bissau,GNB,1988,6.4406075
Guinea-Bissau,GNB,1989,6.3940163
Guinea-Bissau,GNB,1990,6.342456
Guinea-Bissau,GNB,1991,6.288133
Guinea-Bissau,GNB,1992,6.22585
Guinea-Bissau,GNB,1993,6.1696687
Guinea-Bissau,GNB,1994,6.0915837
Guinea-Bissau,GNB,1995,6.0182495
Guinea-Bissau,GNB,1996,5.932028
Guinea-Bissau,GNB,1997,5.8379793
Guinea-Bissau,GNB,1998,5.7329135
Guinea-Bissau,GNB,1999,5.626627
Guinea-Bissau,GNB,2000,5.515725
Guinea-Bissau,GNB,2001,5.4126024
Guinea-Bissau,GNB,2002,5.326658
Guinea-Bissau,GNB,2003,5.2474475
Guinea-Bissau,GNB,2004,5.161726
Guinea-Bissau,GNB,2005,5.0754094
Guinea-Bissau,GNB,2006,4.982023
Guinea-Bissau,GNB,2007,4.870383
Guinea-Bissau,GNB,2008,4.7454863
Guinea-Bissau,GNB,2009,4.609758
Guinea-Bissau,GNB,2010,4.4712067
Guinea-Bissau,GNB,2011,4.348147
Guinea-Bissau,GNB,2012,4.2293906
Guinea-Bissau,GNB,2013,4.1164722
Guinea-Bissau,GNB,2014,4.0121007
Guinea-Bissau,GNB,2015,3.9082794
Guinea-Bissau,GNB,2016,3.818663
Guinea-Bissau,GNB,2017,3.7381341
Guinea-Bissau,GNB,2018,3.6625779
Guinea-Bissau,GNB,2019,3.5802376
Guinea-Bissau,GNB,2020,3.503078
Guinea-Bissau,GNB,2021,3.412774
Guinea-Bissau,GNB,2022,3.344879
Guinea-Bissau,GNB,2023,3.265761
Guyana,GUY,1952,4.9684405
Guyana,GUY,1953,4.845
Guyana,GUY,1954,4.727943
Guyana,GUY,1955,4.6093783
Guyana,GUY,1956,4.4853363
Guyana,GUY,1957,4.3537173
Guyana,GUY,1958,4.2221313
Guyana,GUY,1959,4.0984416
Guyana,GUY,1960,3.991264
Guyana,GUY,1961,3.8897326
Guyana,GUY,1962,3.8028393
Guyana,GUY,1963,3.7348402
Guyana,GUY,1964,3.6793275
Guyana,GUY,1965,3.6316535
Guyana,GUY,1966,3.5962543
Guyana,GUY,1967,3.5640335
Guyana,GUY,1968,3.5322106
Guyana,GUY,1969,3.5106294
Guyana,GUY,1970,3.4875965
Guyana,GUY,1971,3.4613729
Guyana,GUY,1972,3.4393587
Guyana,GUY,1973,3.4151738
Guyana,GUY,1974,3.391995
Guyana,GUY,1975,3.3686516
Guyana,GUY,1976,3.3391936
Guyana,GUY,1977,3.3087013
Guyana,GUY,1978,3.2784505
Guyana,GUY,1979,3.245865
Guyana,GUY,1980,3.2173467
Guyana,GUY,1981,3.1853266
Guyana,GUY,1982,3.1572995
Guyana,GUY,1983,3.1338065
Guyana,GUY,1984,3.123592
Guyana,GUY,1985,3.1130733
Guyana,GUY,1986,3.1069129
Guyana,GUY,1987,3.1040351
Guyana,GUY,1988,3.1027672
Guyana,GUY,1989,3.1015377
Guyana,GUY,1990,3.0923378
Guyana,GUY,1991,3.0808158
Guyana,GUY,1992,3.0626855
Guyana,GUY,1993,3.0386922
Guyana,GUY,1994,3.008415
Guyana,GUY,1995,2.9696991
Guyana,GUY,1996,2.926654
Guyana,GUY,1997,2.8713744
Guyana,GUY,1998,2.8141315
Guyana,GUY,1999,2.757311
Guyana,GUY,2000,2.6982026
Guyana,GUY,2001,2.650816
Guyana,GUY,2002,2.6022549
Guyana,GUY,2003,2.5598376
Guyana,GUY,2004,2.5188017
Guyana,GUY,2005,2.4765525
Guyana,GUY,2006,2.4353662
Guyana,GUY,2007,2.3944213
Guyana,GUY,2008,2.3536875
Guyana,GUY,2009,2.3132887
Guyana,GUY,2010,2.27133
Guyana,GUY,2011,2.2313726
Guyana,GUY,2012,2.1787694
Guyana,GUY,2013,2.1255946
Guyana,GUY,2014,2.0671046
Guyana,GUY,2015,2.0095558
Guyana,GUY,2016,1.9461607
Guyana,GUY,2017,1.889355
Guyana,GUY,2018,1.8308605
Guyana,GUY,2019,1.7799957
Guyana,GUY,2020,1.7222238
Guyana,GUY,2021,1.6659502
Guyana,GUY,2022,1.611791
Guyana,GUY,2023,1.5616031
Haiti,HTI,1959,8.89556
Haiti,HTI,1960,8.854264
Haiti,HTI,1961,8.836758
Haiti,HTI,1962,8.808127
Haiti,HTI,1963,8.768626
Haiti,HTI,1964,8.71618
Haiti,HTI,1965,8.6319895
Haiti,HTI,1966,8.542719
Haiti,HTI,1967,8.435421
Haiti,HTI,1968,8.329198
Haiti,HTI,1969,8.206011
Haiti,HTI,1970,8.061039
Haiti,HTI,1971,7.895156
Haiti,HTI,1972,7.7110457
Haiti,HTI,1973,7.501612
Haiti,HTI,1974,7.283064
Haiti,HTI,1975,7.0574265
Haiti,HTI,1976,6.8259735
Haiti,HTI,1977,6.597644
Haiti,HTI,1978,6.3565617
Haiti,HTI,1979,6.1184816
Haiti,HTI,1980,5.880754
Haiti,HTI,1981,5.652294
Haiti,HTI,1982,5.446183
Haiti,HTI,1983,5.258059
Haiti,HTI,1984,5.0829372
Haiti,HTI,1985,4.910251
Haiti,HTI,1986,4.725719
Haiti,HTI,1987,4.5187035
Haiti,HTI,1988,4.2941046
Haiti,HTI,1989,4.0730205
Haiti,HTI,1990,3.881473
Haiti,HTI,1991,3.723715
Haiti,HTI,1992,3.5924768
Haiti,HTI,1993,3.4887438
Haiti,HTI,1994,3.3972998
Haiti,HTI,1995,3.316406
Haiti,HTI,1996,3.2412868
Haiti,HTI,1997,3.1672819
Haiti,HTI,1998,3.0914457
Haiti,HTI,1999,3.0270085
Haiti,HTI,2000,2.9742234
Haiti,HTI,2001,2.9411097
Haiti,HTI,2002,2.921033
Haiti,HTI,2003,2.921249
Haiti,HTI,2004,2.9273643
Haiti,HTI,2005,2.9311032
Haiti,HTI,2006,2.9201872
Haiti,HTI,2007,2.9055774
Haiti,HTI,2008,2.885815
Haiti,HTI,2009,2.8631384
Haiti,HTI,2010,2.9388356
Haiti,HTI,2011,2.8194597
Haiti,HTI,2012,2.8016016
Haiti,HTI,2013,2.7762551
Haiti,HTI,2014,2.7426016
Haiti,HTI,2015,2.7021694
Haiti,HTI,2016,2.6559634
Haiti,HTI,2017,2.6069624
Haiti,HTI,2018,2.5597894
Haiti,HTI,2019,2.5158377
Haiti,HTI,2020,2.467793
Haiti,HTI,2021,2.4224517
Haiti,HTI,2022,2.3715892
Haiti,HTI,2023,2.333265
High-income countries,OWID_HIC,1990,0.6986845
High-income countries,OWID_HIC,1991,0.6695816
High-income countries,OWID_HIC,1992,0.64263606
High-income countries,OWID_HIC,1993,0.61745554
High-income countries,OWID_HIC,1994,0.59679973
High-income countries,OWID_HIC,1995,0.574168
High-income countries,OWID_HIC,1996,0.5493234
High-income countries,OWID_HIC,1997,0.52705103
High-income countries,OWID_HIC,1998,0.50809
High-income countries,OWID_HIC,1999,0.4897715
High-income countries,OWID_HIC,2000,0.4741996
High-income countries,OWID_HIC,2001,0.4621791
High-income countries,OWID_HIC,2002,0.4504125
High-income countries,OWID_HIC,2003,0.43779054
High-income countries,OWID_HIC,2004,0.42346218
High-income countries,OWID_HIC,2005,0.40932697
High-income countries,OWID_HIC,2006,0.39359924
High-income countries,OWID_HIC,2007,0.37912804
High-income countries,OWID_HIC,2008,0.36450088
High-income countries,OWID_HIC,2009,0.35373187
High-income countries,OWID_HIC,2010,0.34567836
High-income countries,OWID_HIC,2011,0.3420965
High-income countries,OWID_HIC,2012,0.33970624
High-income countries,OWID_HIC,2013,0.33542895
High-income countries,OWID_HIC,2014,0.32781819
High-income countries,OWID_HIC,2015,0.31728357
High-income countries,OWID_HIC,2016,0.307762
High-income countries,OWID_HIC,2017,0.30068725
High-income countries,OWID_HIC,2018,0.29451066
High-income countries,OWID_HIC,2019,0.28765994
High-income countries,OWID_HIC,2020,0.2788313
High-income countries,OWID_HIC,2021,0.27089378
High-income countries,OWID_HIC,2022,0.26626277
High-income countries,OWID_HIC,2023,0.26190916
Honduras,HND,1972,3.8263361
Honduras,HND,1973,3.7337303
Honduras,HND,1974,3.6865406
Honduras,HND,1975,3.5446818
Honduras,HND,1976,3.4549704
Honduras,HND,1977,3.3679392
Honduras,HND,1978,3.2911265
Honduras,HND,1979,3.2179923
Honduras,HND,1980,3.1337686
Honduras,HND,1981,3.0394328
Honduras,HND,1982,2.941132
Honduras,HND,1983,2.8381338
Honduras,HND,1984,2.7370708
Honduras,HND,1985,2.6372979
Honduras,HND,1986,2.5401702
Honduras,HND,1987,2.4507022
Honduras,HND,1988,2.354618
Honduras,HND,1989,2.2614067
Honduras,HND,1990,2.1700773
Honduras,HND,1991,2.0885775
Honduras,HND,1992,2.0219393
Honduras,HND,1993,1.9709617
Honduras,HND,1994,1.9345276
Honduras,HND,1995,1.9121085
Honduras,HND,1996,1.8917974
Honduras,HND,1997,1.8699718
Honduras,HND,1998,1.8908128
Honduras,HND,1999,1.8240869
Honduras,HND,2000,1.793355
Honduras,HND,2001,1.7446038
Honduras,HND,2002,1.688336
Honduras,HND,2003,1.6380047
Honduras,HND,2004,1.5969628
Honduras,HND,2005,1.5598781
Honduras,HND,2006,1.5281757
Honduras,HND,2007,1.498985
Honduras,HND,2008,1.4652524
Honduras,HND,2009,1.4280845
Honduras,HND,2010,1.3873415
Honduras,HND,2011,1.3463893
Honduras,HND,2012,1.3034325
Honduras,HND,2013,1.2600467
Honduras,HND,2014,1.2152482
Honduras,HND,2015,1.1717805
Honduras,HND,2016,1.1304462
Honduras,HND,2017,1.0888542
Honduras,HND,2018,1.0501717
Honduras,HND,2019,1.0119104
Honduras,HND,2020,0.9776806
Honduras,HND,2021,0.9461076
Honduras,HND,2022,0.91457146
Honduras,HND,2023,0.88277996
Hungary,HUN,1960,2.8233492
Hungary,HUN,1961,2.7384367
Hungary,HUN,1962,2.696131
Hungary,HUN,1963,2.7023902
Hungary,HUN,1964,2.7349439
Hungary,HUN,1965,2.774442
Hungary,HUN,1966,2.803022
Hungary,HUN,1967,2.8073187
Hungary,HUN,1968,2.7898974
Hungary,HUN,1969,2.778528
Hungary,HUN,1970,2.7938354
Hungary,HUN,1971,2.821292
Hungary,HUN,1972,2.8307016
Hungary,HUN,1973,2.8011196
Hungary,HUN,1974,2.723502
Hungary,HUN,1975,2.5849016
Hungary,HUN,1976,2.389764
Hungary,HUN,1977,2.1851728
Hungary,HUN,1978,1.9952608
Hungary,HUN,1979,1.8296357
Hungary,HUN,1980,1.6954077
Hungary,HUN,1981,1.6009206
Hungary,HUN,1982,1.5520313
Hungary,HUN,1983,1.5409466
Hungary,HUN,1984,1.5317914
Hungary,HUN,1985,1.4909403
Hungary,HUN,1986,1.4183099
Hungary,HUN,1987,1.3303638
Hungary,HUN,1988,1.2414074
Hungary,HUN,1989,1.1653535
Hungary,HUN,1990,1.1115612
Hungary,HUN,1991,1.0622547
Hungary,HUN,1992,0.9915373
Hungary,HUN,1993,0.89652073
Hungary,HUN,1994,0.80773884
Hungary,HUN,1995,0.74830073
Hungary,HUN,1996,0.7100045
Hungary,HUN,1997,0.6766427
Hungary,HUN,1998,0.63909036
Hungary,HUN,1999,0.6029106
Hungary,HUN,2000,0.57278264
Hungary,HUN,2001,0.54490596
Hungary,HUN,2002,0.5130784
Hungary,HUN,2003,0.47623518
Hungary,HUN,2004,0.440982
Hungary,HUN,2005,0.41297305
Hungary,HUN,2006,0.3921508
Hungary,HUN,2007,0.3763371
Hungary,HUN,2008,0.3633363
Hungary,HUN,2009,0.35158446
Hungary,HUN,2010,0.33977875
Hungary,HUN,2011,0.32767528
Hungary,HUN,2012,0.3150203
Hungary,HUN,2013,0.3013681
Hungary,HUN,2014,0.2861659
Hungary,HUN,2015,0.26927498
Hungary,HUN,2016,0.25269306
Hungary,HUN,2017,0.238426
Hungary,HUN,2018,0.22793865
Hungary,HUN,2019,0.22120658
Hungary,HUN,2020,0.21810171
Hungary,HUN,2021,0.21687737
Hungary,HUN,2022,0.21511327
Hungary,HUN,2023,0.21100754
Iceland,ISL,1954,1.2655946
Iceland,ISL,1955,1.2218685
Iceland,ISL,1956,1.1876091
Iceland,ISL,1957,1.1632085
Iceland,ISL,1958,1.1472012
Iceland,ISL,1959,1.1364834
Iceland,ISL,1960,1.129373
Iceland,ISL,1961,1.1244262
Iceland,ISL,1962,1.1186408
Iceland,ISL,1963,1.1086023
Iceland,ISL,1964,1.09516
Iceland,ISL,1965,1.0789287
Iceland,ISL,1966,1.061395
Iceland,ISL,1967,1.0414337
Iceland,ISL,1968,1.0169029
Iceland,ISL,1969,0.98885405
Iceland,ISL,1970,0.9565368
Iceland,ISL,1971,0.92146486
Iceland,ISL,1972,0.8813882
Iceland,ISL,1973,0.83789945
Iceland,ISL,1974,0.79015344
Iceland,ISL,1975,0.741131
Iceland,ISL,1976,0.6939538
Iceland,ISL,1977,0.6493212
Iceland,ISL,1978,0.60971624
Iceland,ISL,1979,0.5741081
Iceland,ISL,1980,0.54247594
Iceland,ISL,1981,0.5134293
Iceland,ISL,1982,0.4865187
Iceland,ISL,1983,0.46204516
Iceland,ISL,1984,0.43930322
Iceland,ISL,1985,0.41894475
Iceland,ISL,1986,0.40039414
Iceland,ISL,1987,0.38358173
Iceland,ISL,1988,0.36734733
Iceland,ISL,1989,0.35158566
Iceland,ISL,1990,0.336278
Iceland,ISL,1991,0.32214388
Iceland,ISL,1992,0.3086835
Iceland,ISL,1993,0.296188
Iceland,ISL,1994,0.28445345
Iceland,ISL,1995,0.27267924
Iceland,ISL,1996,0.2609104
Iceland,ISL,1997,0.2487484
Iceland,ISL,1998,0.23595971
Iceland,ISL,1999,0.22361892
Iceland,ISL,2000,0.21124382
Iceland,ISL,2001,0.19946821
Iceland,ISL,2002,0.18832058
Iceland,ISL,2003,0.17812257
Iceland,ISL,2004,0.1686049
Iceland,ISL,2005,0.16044934
Iceland,ISL,2006,0.15315947
Iceland,ISL,2007,0.1469417
Iceland,ISL,2008,0.14177912
Iceland,ISL,2009,0.13772616
Iceland,ISL,2010,0.13494532
Iceland,ISL,2011,0.13311784
Iceland,ISL,2012,0.13210037
Iceland,ISL,2013,0.1316861
Iceland,ISL,2014,0.13182138
Iceland,ISL,2015,0.13229157
Iceland,ISL,2016,0.13313532
Iceland,ISL,2017,0.134172
Iceland,ISL,2018,0.13541983
Iceland,ISL,2019,0.13626185
Iceland,ISL,2020,0.1363322
Iceland,ISL,2021,0.13536665
Iceland,ISL,2022,0.13334265
Iceland,ISL,2023,0.1309896
India,IND,1969,8.532036
India,IND,1970,8.474574
India,IND,1971,8.407582
India,IND,1972,8.33804
India,IND,1973,8.255281
India,IND,1974,8.154221
India,IND,1975,8.031695
India,IND,1976,7.893422
India,IND,1977,7.739352
India,IND,1978,7.575571
India,IND,1979,7.4145317
India,IND,1980,7.249077
India,IND,1981,7.0848517
India,IND,1982,6.922348
India,IND,1983,6.761847
India,IND,1984,6.6053286
India,IND,1985,6.451898
India,IND,1986,6.297103
India,IND,1987,6.147192
India,IND,1988,5.9979877
India,IND,1989,5.851909
India,IND,1990,5.7149377
India,IND,1991,5.5863004
India,IND,1992,5.462138
India,IND,1993,5.3425546
India,IND,1994,5.2246633
India,IND,1995,5.110159
India,IND,1996,4.990771
India,IND,1997,4.8667364
India,IND,1998,4.7362704
India,IND,1999,4.6008887
India,IND,2000,4.461479
India,IND,2001,4.3229
India,IND,2002,4.1803765
India,IND,2003,4.040956
India,IND,2004,3.9042456
India,IND,2005,3.778024
India,IND,2006,3.657523
India,IND,2007,3.5383778
India,IND,2008,3.4216928
India,IND,2009,3.3038092
India,IND,2010,3.183718
India,IND,2011,3.0637195
India,IND,2012,2.9448745
India,IND,2013,2.8254764
India,IND,2014,2.7092688
India,IND,2015,2.5959587
India,IND,2016,2.4856849
India,IND,2017,2.3803372
India,IND,2018,2.2704253
India,IND,2019,2.1400123
India,IND,2020,2.0178142
India,IND,2021,1.9088494
India,IND,2022,1.8144622
India,IND,2023,1.7293836
Indonesia,IDN,1953,6.6592383
Indonesia,IDN,1954,6.535564
Indonesia,IDN,1955,6.404441
Indonesia,IDN,1956,6.276025
Indonesia,IDN,1957,6.1490874
Indonesia,IDN,1958,6.02089
Indonesia,IDN,1959,5.906212
Indonesia,IDN,1960,5.789464
Indonesia,IDN,1961,5.6832643
Indonesia,IDN,1962,5.577135
Indonesia,IDN,1963,5.4765954
Indonesia,IDN,1964,5.37916
Indonesia,IDN,1965,5.345128
Indonesia,IDN,1966,5.2060604
Indonesia,IDN,1967,5.119263
Indonesia,IDN,1968,5.0319557
Indonesia,IDN,1969,4.939341
Indonesia,IDN,1970,4.8503575
Indonesia,IDN,1971,4.761317
Indonesia,IDN,1972,4.6648283
Indonesia,IDN,1973,4.5582724
Indonesia,IDN,1974,4.449871
Indonesia,IDN,1975,4.339562
Indonesia,IDN,1976,4.2263403
Indonesia,IDN,1977,4.1246986
Indonesia,IDN,1978,4.029119
Indonesia,IDN,1979,3.9343598
Indonesia,IDN,1980,3.8388317
Indonesia,IDN,1981,3.7432652
Indonesia,IDN,1982,3.6438055
Indonesia,IDN,1983,3.5425282
Indonesia,IDN,1984,3.4476712
Indonesia,IDN,1985,3.3660307
Indonesia,IDN,1986,3.2949152
Indonesia,IDN,1987,3.2293632
Indonesia,IDN,1988,3.169156
Indonesia,IDN,1989,3.1122925
Indonesia,IDN,1990,3.0597103
Indonesia,IDN,1991,3.0082753
Indonesia,IDN,1992,2.9520562
Indonesia,IDN,1993,2.8883243
Indonesia,IDN,1994,2.816073
Indonesia,IDN,1995,2.7339098
Indonesia,IDN,1996,2.6438808
Indonesia,IDN,1997,2.5488129
Indonesia,IDN,1998,2.4510884
Indonesia,IDN,1999,2.3583574
Indonesia,IDN,2000,2.2738812
Indonesia,IDN,2001,2.1975129
Indonesia,IDN,2002,2.132123
Indonesia,IDN,2003,2.0759861
Indonesia,IDN,2004,2.036843
Indonesia,IDN,2005,1.9836327
Indonesia,IDN,2006,1.9446889
Indonesia,IDN,2007,1.9059113
Indonesia,IDN,2008,1.8580227
Indonesia,IDN,2009,1.7934448
Indonesia,IDN,2010,1.7282293
Indonesia,IDN,2011,1.6604872
Indonesia,IDN,2012,1.5932401
Indonesia,IDN,2013,1.5273852
Indonesia,IDN,2014,1.4638567
Indonesia,IDN,2015,1.4039791
Indonesia,IDN,2016,1.3489474
Indonesia,IDN,2017,1.2969288
Indonesia,IDN,2018,1.2492449
Indonesia,IDN,2019,1.2035517
Indonesia,IDN,2020,1.1620936
Indonesia,IDN,2021,1.1220386
Indonesia,IDN,2022,1.0862398
Indonesia,IDN,2023,1.05261
Iran,IRN,1989,2.5816557
Iran,IRN,1990,2.502494
Iran,IRN,1991,2.4231734
Iran,IRN,1992,2.3602672
Iran,IRN,1993,2.3034492
Iran,IRN,1994,2.2516673
Iran,IRN,1995,2.2006428
Iran,IRN,1996,2.1489134
Iran,IRN,1997,2.0987713
Iran,IRN,1998,2.051129
Iran,IRN,1999,2.0061164
Iran,IRN,2000,1.9580553
Iran,IRN,2001,1.8875866
Iran,IRN,2002,1.8181758
Iran,IRN,2003,1.7465158
Iran,IRN,2004,1.6727144
Iran,IRN,2005,1.6039022
Iran,IRN,2006,1.536909
Iran,IRN,2007,1.4674704
Iran,IRN,2008,1.3935562
Iran,IRN,2009,1.3226998
Iran,IRN,2010,1.2553334
Iran,IRN,2011,1.1940618
Iran,IRN,2012,1.1341828
Iran,IRN,2013,1.0848802
Iran,IRN,2014,1.0400721
Iran,IRN,2015,0.99782723
Iran,IRN,2016,0.9616233
Iran,IRN,2017,0.9238058
Iran,IRN,2018,0.8850364
Iran,IRN,2019,0.85282564
Iran,IRN,2020,0.82223624
Iran,IRN,2021,0.7938567
Iran,IRN,2022,0.7674077
Iran,IRN,2023,0.7402028
Iraq,IRQ,1983,2.982317
Iraq,IRQ,1984,2.9165971
Iraq,IRQ,1985,2.8571537
Iraq,IRQ,1986,2.8024745
Iraq,IRQ,1987,2.7506309
Iraq,IRQ,1988,2.7279963
Iraq,IRQ,1989,2.710055
Iraq,IRQ,1990,2.6704214
Iraq,IRQ,1991,2.6132808
Iraq,IRQ,1992,2.5639553
Iraq,IRQ,1993,2.5372736
Iraq,IRQ,1994,2.5162475
Iraq,IRQ,1995,2.4963253
Iraq,IRQ,1996,2.478149
Iraq,IRQ,1997,2.4584358
Iraq,IRQ,1998,2.435336
Iraq,IRQ,1999,2.409171
Iraq,IRQ,2000,2.3809462
Iraq,IRQ,2001,2.3512464
Iraq,IRQ,2002,2.3193061
Iraq,IRQ,2003,2.2888238
Iraq,IRQ,2004,2.252919
Iraq,IRQ,2005,2.216871
Iraq,IRQ,2006,2.1762872
Iraq,IRQ,2007,2.1343668
Iraq,IRQ,2008,2.084417
Iraq,IRQ,2009,2.024726
Iraq,IRQ,2010,1.9624658
Iraq,IRQ,2011,1.9048116
Iraq,IRQ,2012,1.8450476
Iraq,IRQ,2013,1.7851923
Iraq,IRQ,2014,1.728008
Iraq,IRQ,2015,1.6738162
Iraq,IRQ,2016,1.6204138
Iraq,IRQ,2017,1.566896
Iraq,IRQ,2018,1.5184827
Iraq,IRQ,2019,1.4682531
Iraq,IRQ,2020,1.4213138
Iraq,IRQ,2021,1.3744227
Iraq,IRQ,2022,1.329723
Iraq,IRQ,2023,1.2855623
Ireland,IRL,1960,2.1146088
Ireland,IRL,1961,2.0088854
Ireland,IRL,1962,1.9178565
Ireland,IRL,1963,1.8397716
Ireland,IRL,1964,1.7719936
Ireland,IRL,1965,1.7096745
Ireland,IRL,1966,1.6392193
Ireland,IRL,1967,1.5518699
Ireland,IRL,1968,1.4571083
Ireland,IRL,1969,1.3742944
Ireland,IRL,1970,1.3085791
Ireland,IRL,1971,1.2614717
Ireland,IRL,1972,1.2328516
Ireland,IRL,1973,1.2145932
Ireland,IRL,1974,1.1895074
Ireland,IRL,1975,1.1458303
Ireland,IRL,1976,1.0832443
Ireland,IRL,1977,1.0041957
Ireland,IRL,1978,0.9135436
Ireland,IRL,1979,0.8218974
Ireland,IRL,1980,0.7421538
Ireland,IRL,1981,0.68056923
Ireland,IRL,1982,0.6349507
Ireland,IRL,1983,0.5987165
Ireland,IRL,1984,0.5658479
Ireland,IRL,1985,0.53388655
Ireland,IRL,1986,0.5071877
Ireland,IRL,1987,0.4902498
Ireland,IRL,1988,0.4824092
Ireland,IRL,1989,0.47743863
Ireland,IRL,1990,0.47215068
Ireland,IRL,1991,0.4637684
Ireland,IRL,1992,0.45071894
Ireland,IRL,1993,0.43711263
Ireland,IRL,1994,0.4270493
Ireland,IRL,1995,0.41815248
Ireland,IRL,1996,0.41035357
Ireland,IRL,1997,0.40692633
Ireland,IRL,1998,0.4077786
Ireland,IRL,1999,0.4082793
Ireland,IRL,2000,0.40338272
Ireland,IRL,2001,0.39092514
Ireland,IRL,2002,0.37234482
Ireland,IRL,2003,0.35027337
Ireland,IRL,2004,0.32539305
Ireland,IRL,2005,0.29882362
Ireland,IRL,2006,0.27514008
Ireland,IRL,2007,0.2586917
Ireland,IRL,2008,0.24983324
Ireland,IRL,2009,0.2467646
Ireland,IRL,2010,0.24788599
Ireland,IRL,2011,0.25058877
Ireland,IRL,2012,0.25156933
Ireland,IRL,2013,0.24938318
Ireland,IRL,2014,0.244797
Ireland,IRL,2015,0.23934685
Ireland,IRL,2016,0.23381285
Ireland,IRL,2017,0.22921686
Ireland,IRL,2018,0.22678839
Ireland,IRL,2019,0.22758807
Ireland,IRL,2020,0.23153833
Ireland,IRL,2021,0.238005
Ireland,IRL,2022,0.2456398
Ireland,IRL,2023,0.25250456
Israel,ISR,1975,1.2880778
Israel,ISR,1976,1.2382615
Israel,ISR,1977,1.1829114
Israel,ISR,1978,1.123114
Israel,ISR,1979,1.0615599
Israel,ISR,1980,1.0011716
Israel,ISR,1981,0.94380873
Israel,ISR,1982,0.8897418
Israel,ISR,1983,0.84167427
Israel,ISR,1984,0.8028813
Israel,ISR,1985,0.7752767
Israel,ISR,1986,0.7531543
Israel,ISR,1987,0.72775227
Israel,ISR,1988,0.69598496
Israel,ISR,1989,0.65957314
Israel,ISR,1990,0.6215635
Israel,ISR,1991,0.58275926
Israel,ISR,1992,0.544867
Israel,ISR,1993,0.5086504
Israel,ISR,1994,0.47603413
Israel,ISR,1995,0.44795564
Israel,ISR,1996,0.42411125
Israel,ISR,1997,0.40354133
Israel,ISR,1998,0.38609326
Israel,ISR,1999,0.37122005
Israel,ISR,2000,0.35834605
Israel,ISR,2001,0.3455379
Israel,ISR,2002,0.3306104
Israel,ISR,2003,0.31269428
Israel,ISR,2004,0.29345253
Israel,ISR,2005,0.2745487
Israel,ISR,2006,0.25877714
Israel,ISR,2007,0.2488676
Israel,ISR,2008,0.24488764
Israel,ISR,2009,0.24286766
Israel,ISR,2010,0.23929624
Israel,ISR,2011,0.23371458
Israel,ISR,2012,0.22758548
Israel,ISR,2013,0.22145069
Israel,ISR,2014,0.21523945
Israel,ISR,2015,0.20899962
Israel,ISR,2016,0.20266743
Israel,ISR,2017,0.1969593
Israel,ISR,2018,0.19173363
Israel,ISR,2019,0.18704091
Israel,ISR,2020,0.18289724
Israel,ISR,2021,0.17925885
Israel,ISR,2022,0.17626542
Israel,ISR,2023,0.17379631
Italy,ITA,1960,2.4665992
Italy,ITA,1961,2.3629832
Italy,ITA,1962,2.2863326
Italy,ITA,1963,2.2706063
Italy,ITA,1964,2.286257
Italy,ITA,1965,2.2816427
Italy,ITA,1966,2.2373223
Italy,ITA,1967,2.176844
Italy,ITA,1968,2.11992
Italy,ITA,1969,2.0684056
Italy,ITA,1970,2.0391524
Italy,ITA,1971,2.018662
Italy,ITA,1972,1.9634051
Italy,ITA,1973,1.8531666
Italy,ITA,1974,1.7156171
Italy,ITA,1975,1.5894766
Italy,ITA,1976,1.4881135
Italy,ITA,1977,1.3984559
Italy,ITA,1978,1.3077749
Italy,ITA,1979,1.21665
Italy,ITA,1980,1.130347
Italy,ITA,1981,1.0525781
Italy,ITA,1982,0.9847455
Italy,ITA,1983,0.9284647
Italy,ITA,1984,0.8801861
Italy,ITA,1985,0.8329142
Italy,ITA,1986,0.7848984
Italy,ITA,1987,0.7423576
Italy,ITA,1988,0.7100674
Italy,ITA,1989,0.682192
Italy,ITA,1990,0.64869064
Italy,ITA,1991,0.60468674
Italy,ITA,1992,0.5596801
Italy,ITA,1993,0.524953
Italy,ITA,1994,0.4993028
Italy,ITA,1995,0.47435552
Italy,ITA,1996,0.44610077
Italy,ITA,1997,0.4178843
Italy,ITA,1998,0.39254534
Italy,ITA,1999,0.36967063
Italy,ITA,2000,0.3475621
Italy,ITA,2001,0.3256964
Italy,ITA,2002,0.3066162
Italy,ITA,2003,0.292988
Italy,ITA,2004,0.28296968
Italy,ITA,2005,0.2731728
Italy,ITA,2006,0.2619921
Italy,ITA,2007,0.25252807
Italy,ITA,2008,0.24742986
Italy,ITA,2009,0.24507082
Italy,ITA,2010,0.24189256
Italy,ITA,2011,0.23644589
Italy,ITA,2012,0.2300859
Italy,ITA,2013,0.22420323
Italy,ITA,2014,0.21860845
Italy,ITA,2015,0.21292669
Italy,ITA,2016,0.2065421
Italy,ITA,2017,0.1990788
Italy,ITA,2018,0.19066906
Italy,ITA,2019,0.18248515
Italy,ITA,2020,0.17543592
Italy,ITA,2021,0.16981135
Italy,ITA,2022,0.16553241
Italy,ITA,2023,0.16218701
Jamaica,JAM,1952,4.619288
Jamaica,JAM,1953,4.4660015
Jamaica,JAM,1954,4.3101397
Jamaica,JAM,1955,4.158083
Jamaica,JAM,1956,4.009635
Jamaica,JAM,1957,3.8597052
Jamaica,JAM,1958,3.7188203
Jamaica,JAM,1959,3.5786583
Jamaica,JAM,1960,3.4446552
Jamaica,JAM,1961,3.3177216
Jamaica,JAM,1962,3.2031605
Jamaica,JAM,1963,3.0978308
Jamaica,JAM,1964,2.998682
Jamaica,JAM,1965,2.9086425
Jamaica,JAM,1966,2.8207915
Jamaica,JAM,1967,2.7438173
Jamaica,JAM,1968,2.6683247
Jamaica,JAM,1969,2.5939205
Jamaica,JAM,1970,2.5224688
Jamaica,JAM,1971,2.4574387
Jamaica,JAM,1972,2.396394
Jamaica,JAM,1973,2.343611
Jamaica,JAM,1974,2.3066993
Jamaica,JAM,1975,2.2795393
Jamaica,JAM,1976,2.2597902
Jamaica,JAM,1977,2.2427373
Jamaica,JAM,1978,2.223913
Jamaica,JAM,1979,2.2034578
Jamaica,JAM,1980,2.1828294
Jamaica,JAM,1981,2.1538048
Jamaica,JAM,1982,2.1174371
Jamaica,JAM,1983,2.0811687
Jamaica,JAM,1984,2.0449483
Jamaica,JAM,1985,2.013283
Jamaica,JAM,1986,1.9796728
Jamaica,JAM,1987,1.9450248
Jamaica,JAM,1988,1.9092864
Jamaica,JAM,1989,1.8789867
Jamaica,JAM,1990,1.8510822
Jamaica,JAM,1991,1.8253473
Jamaica,JAM,1992,1.7983618
Jamaica,JAM,1993,1.7735758
Jamaica,JAM,1994,1.7498074
Jamaica,JAM,1995,1.7283082
Jamaica,JAM,1996,1.7071805
Jamaica,JAM,1997,1.6853188
Jamaica,JAM,1998,1.6625324
Jamaica,JAM,1999,1.635869
Jamaica,JAM,2000,1.6093837
Jamaica,JAM,2001,1.5854934
Jamaica,JAM,2002,1.5666751
Jamaica,JAM,2003,1.5536807
Jamaica,JAM,2004,1.5467744
Jamaica,JAM,2005,1.543285
Jamaica,JAM,2006,1.5407821
Jamaica,JAM,2007,1.5353615
Jamaica,JAM,2008,1.5288812
Jamaica,JAM,2009,1.5231295
Jamaica,JAM,2010,1.5137379
Jamaica,JAM,2011,1.5020585
Jamaica,JAM,2012,1.4905034
Jamaica,JAM,2013,1.4740714
Jamaica,JAM,2014,1.4517773
Jamaica,JAM,2015,1.427283
Jamaica,JAM,2016,1.4086138
Jamaica,JAM,2017,1.4009556
Jamaica,JAM,2018,1.4031824
Jamaica,JAM,2019,1.4122111
Jamaica,JAM,2020,1.4253078
Jamaica,JAM,2021,1.4393104
Jamaica,JAM,2022,1.4497133
Jamaica,JAM,2023,1.4525299
Japan,JPN,1968,0.97110337
Japan,JPN,1969,0.91367775
Japan,JPN,1970,0.8660596
Japan,JPN,1971,0.82419056
Japan,JPN,1972,0.7823838
Japan,JPN,1973,0.739821
Japan,JPN,1974,0.701625
Japan,JPN,1975,0.67111874
Japan,JPN,1976,0.6433405
Japan,JPN,1977,0.6100649
Japan,JPN,1978,0.56933224
Japan,JPN,1979,0.5279708
Japan,JPN,1980,0.49125788
Japan,JPN,1981,0.45868233
Japan,JPN,1982,0.42711514
Japan,JPN,1983,0.39565942
Japan,JPN,1984,0.365529
Japan,JPN,1985,0.3381839
Japan,JPN,1986,0.31413043
Japan,JPN,1987,0.293854
Japan,JPN,1988,0.27731258
Japan,JPN,1989,0.2642285
Japan,JPN,1990,0.25432187
Japan,JPN,1991,0.246609
Japan,JPN,1992,0.23980662
Japan,JPN,1993,0.2329067
Japan,JPN,1994,0.22531554
Japan,JPN,1995,0.21645458
Japan,JPN,1996,0.20689133
Japan,JPN,1997,0.19751339
Japan,JPN,1998,0.18905024
Japan,JPN,1999,0.18201762
Japan,JPN,2000,0.17662756
Japan,JPN,2001,0.17177998
Japan,JPN,2002,0.16586253
Japan,JPN,2003,0.15833454
Japan,JPN,2004,0.15015475
Japan,JPN,2005,0.14228883
Japan,JPN,2006,0.1350005
Japan,JPN,2007,0.12843166
Japan,JPN,2008,0.122556575
Japan,JPN,2009,0.11700367
Japan,JPN,2010,0.111663595
Japan,JPN,2011,0.106776156
Japan,JPN,2012,0.1021968
Japan,JPN,2013,0.09853682
Japan,JPN,2014,0.095317304
Japan,JPN,2015,0.09242472
Japan,JPN,2016,0.08982079
Japan,JPN,2017,0.08775599
Japan,JPN,2018,0.08622749
Japan,JPN,2019,0.08497318
Japan,JPN,2020,0.08363198
Japan,JPN,2021,0.08231678
Japan,JPN,2022,0.08122435
Japan,JPN,2023,0.080372505
Jordan,JOR,1953,4.7379785
Jordan,JOR,1954,4.6172876
Jordan,JOR,1955,4.504247
Jordan,JOR,1956,4.391688
Jordan,JOR,1957,4.2859907
Jordan,JOR,1958,4.1818905
Jordan,JOR,1959,4.0890365
Jordan,JOR,1960,3.9972484
Jordan,JOR,1961,3.9101315
Jordan,JOR,1962,3.8225152
Jordan,JOR,1963,3.731906
Jordan,JOR,1964,3.6353252
Jordan,JOR,1965,3.5370696
Jordan,JOR,1966,3.4428215
Jordan,JOR,1967,3.3508587
Jordan,JOR,1968,3.2660348
Jordan,JOR,1969,3.1797771
Jordan,JOR,1970,3.091337
Jordan,JOR,1971,3.0109034
Jordan,JOR,1972,2.9315033
Jordan,JOR,1973,2.8556697
Jordan,JOR,1974,2.7848828
Jordan,JOR,1975,2.7162995
Jordan,JOR,1976,2.6593032
Jordan,JOR,1977,2.6122587
Jordan,JOR,1978,2.5756092
Jordan,JOR,1979,2.5490506
Jordan,JOR,1980,2.5286875
Jordan,JOR,1981,2.50527
Jordan,JOR,1982,2.47775
Jordan,JOR,1983,2.4378362
Jordan,JOR,1984,2.3841252
Jordan,JOR,1985,2.3161492
Jordan,JOR,1986,2.2390387
Jordan,JOR,1987,2.1643012
Jordan,JOR,1988,2.0948548
Jordan,JOR,1989,2.028714
Jordan,JOR,1990,1.95864
Jordan,JOR,1991,1.8946774
Jordan,JOR,1992,1.8385328
Jordan,JOR,1993,1.7877039
Jordan,JOR,1994,1.7435912
Jordan,JOR,1995,1.7010926
Jordan,JOR,1996,1.6610806
Jordan,JOR,1997,1.6255842
Jordan,JOR,1998,1.5936793
Jordan,JOR,1999,1.5627744
Jordan,JOR,2000,1.5322274
Jordan,JOR,2001,1.5004165
Jordan,JOR,2002,1.4663895
Jordan,JOR,2003,1.429033
Jordan,JOR,2004,1.3890759
Jordan,JOR,2005,1.345374
Jordan,JOR,2006,1.300449
Jordan,JOR,2007,1.2552801
Jordan,JOR,2008,1.2112988
Jordan,JOR,2009,1.1694399
Jordan,JOR,2010,1.1307712
Jordan,JOR,2011,1.0946808
Jordan,JOR,2012,1.0612193
Jordan,JOR,2013,1.0291481
Jordan,JOR,2014,0.9987235
Jordan,JOR,2015,0.9686285
Jordan,JOR,2016,0.9380999
Jordan,JOR,2017,0.9093954
Jordan,JOR,2018,0.8810664
Jordan,JOR,2019,0.85429865
Jordan,JOR,2020,0.82850206
Jordan,JOR,2021,0.80358297
Jordan,JOR,2022,0.77911603
Jordan,JOR,2023,0.756064
Kazakhstan,KAZ,1972,2.6838412
Kazakhstan,KAZ,1973,2.6441615
Kazakhstan,KAZ,1974,2.6120498
Kazakhstan,KAZ,1975,2.5784273
Kazakhstan,KAZ,1976,2.5518312
Kazakhstan,KAZ,1977,2.5250926
Kazakhstan,KAZ,1978,2.5037372
Kazakhstan,KAZ,1979,2.4833791
Kazakhstan,KAZ,1980,2.4544485
Kazakhstan,KAZ,1981,2.4236474
Kazakhstan,KAZ,1982,2.3953626
Kazakhstan,KAZ,1983,2.3723438
Kazakhstan,KAZ,1984,2.3516667
Kazakhstan,KAZ,1985,2.3293219
Kazakhstan,KAZ,1986,2.3071823
Kazakhstan,KAZ,1987,2.28329
Kazakhstan,KAZ,1988,2.2621412
Kazakhstan,KAZ,1989,2.2488427
Kazakhstan,KAZ,1990,2.2537105
Kazakhstan,KAZ,1991,2.2796988
Kazakhstan,KAZ,1992,2.324687
Kazakhstan,KAZ,1993,2.3828926
Kazakhstan,KAZ,1994,2.4381793
Kazakhstan,KAZ,1995,2.479915
Kazakhstan,KAZ,1996,2.4997149
Kazakhstan,KAZ,1997,2.4973695
Kazakhstan,KAZ,1998,2.4755237
Kazakhstan,KAZ,1999,2.4317055
Kazakhstan,KAZ,2000,2.3822052
Kazakhstan,KAZ,2001,2.320226
Kazakhstan,KAZ,2002,2.257104
Kazakhstan,KAZ,2003,2.1715603
Kazakhstan,KAZ,2004,2.074227
Kazakhstan,KAZ,2005,1.9734497
Kazakhstan,KAZ,2006,1.8548814
Kazakhstan,KAZ,2007,1.7056694
Kazakhstan,KAZ,2008,1.5296425
Kazakhstan,KAZ,2009,1.3470966
Kazakhstan,KAZ,2010,1.1752748
Kazakhstan,KAZ,2011,1.015592
Kazakhstan,KAZ,2012,0.8655806
Kazakhstan,KAZ,2013,0.7297902
Kazakhstan,KAZ,2014,0.6216317
Kazakhstan,KAZ,2015,0.5479962
Kazakhstan,KAZ,2016,0.50331235
Kazakhstan,KAZ,2017,0.4798654
Kazakhstan,KAZ,2018,0.47198102
Kazakhstan,KAZ,2019,0.47340858
Kazakhstan,KAZ,2020,0.47830418
Kazakhstan,KAZ,2021,0.47797585
Kazakhstan,KAZ,2022,0.4616731
Kazakhstan,KAZ,2023,0.42923093
Kenya,KEN,1954,5.74041
Kenya,KEN,1955,5.5863323
Kenya,KEN,1956,5.4356537
Kenya,KEN,1957,5.2889757
Kenya,KEN,1958,5.13269
Kenya,KEN,1959,4.978082
Kenya,KEN,1960,4.8222895
Kenya,KEN,1961,4.665878
Kenya,KEN,1962,4.513046
Kenya,KEN,1963,4.38297
Kenya,KEN,1964,4.2707005
Kenya,KEN,1965,4.1795864
Kenya,KEN,1966,4.1129646
Kenya,KEN,1967,4.0638595
Kenya,KEN,1968,4.0187473
Kenya,KEN,1969,3.9679115
Kenya,KEN,1970,3.9117663
Kenya,KEN,1971,3.8434837
Kenya,KEN,1972,3.7637331
Kenya,KEN,1973,3.6822646
Kenya,KEN,1974,3.5949218
Kenya,KEN,1975,3.518988
Kenya,KEN,1976,3.452266
Kenya,KEN,1977,3.3924017
Kenya,KEN,1978,3.337254
Kenya,KEN,1979,3.2791228
Kenya,KEN,1980,3.2244182
Kenya,KEN,1981,3.1671305
Kenya,KEN,1982,3.1140196
Kenya,KEN,1983,3.0582867
Kenya,KEN,1984,3.0021524
Kenya,KEN,1985,2.9473388
Kenya,KEN,1986,2.8858073
Kenya,KEN,1987,2.8249192
Kenya,KEN,1988,2.7699816
Kenya,KEN,1989,2.7187517
Kenya,KEN,1990,2.6799676
Kenya,KEN,1991,2.6605108
Kenya,KEN,1992,2.653233
Kenya,KEN,1993,2.6524959
Kenya,KEN,1994,2.6533885
Kenya,KEN,1995,2.6641796
Kenya,KEN,1996,2.6746438
Kenya,KEN,1997,2.683796
Kenya,KEN,1998,2.6858697
Kenya,KEN,1999,2.680519
Kenya,KEN,2000,2.664727
Kenya,KEN,2001,2.6377301
Kenya,KEN,2002,2.602009
Kenya,KEN,2003,2.564207
Kenya,KEN,2004,2.5235686
Kenya,KEN,2005,2.484157
Kenya,KEN,2006,2.4474013
Kenya,KEN,2007,2.4132519
Kenya,KEN,2008,2.386966
Kenya,KEN,2009,2.3692563
Kenya,KEN,2010,2.3578122
Kenya,KEN,2011,2.355083
Kenya,KEN,2012,2.3572643
Kenya,KEN,2013,2.3611288
Kenya,KEN,2014,2.3612337
Kenya,KEN,2015,2.3535013
Kenya,KEN,2016,2.3364267
Kenya,KEN,2017,2.3153186
Kenya,KEN,2018,2.2894857
Kenya,KEN,2019,2.2641904
Kenya,KEN,2020,2.235875
Kenya,KEN,2021,2.2103457
Kenya,KEN,2022,2.1835732
Kenya,KEN,2023,2.151332
Kiribati,KIR,1989,3.517183
Kiribati,KIR,1990,3.4421759
Kiribati,KIR,1991,3.3570402
Kiribati,KIR,1992,3.2726798
Kiribati,KIR,1993,3.2039793
Kiribati,KIR,1994,3.1335
Kiribati,KIR,1995,3.0697253
Kiribati,KIR,1996,3.0020916
Kiribati,KIR,1997,2.9309251
Kiribati,KIR,1998,2.8620105
Kiribati,KIR,1999,2.7957559
Kiribati,KIR,2000,2.7210867
Kiribati,KIR,2001,2.6525507
Kiribati,KIR,2002,2.5867116
Kiribati,KIR,2003,2.5332806
Kiribati,KIR,2004,2.4900608
Kiribati,KIR,2005,2.4542065
Kiribati,KIR,2006,2.4235992
Kiribati,KIR,2007,2.4001482
Kiribati,KIR,2008,2.3752563
Kiribati,KIR,2009,2.3547819
Kiribati,KIR,2010,2.3459961
Kiribati,KIR,2011,2.3406258
Kiribati,KIR,2012,2.33989
Kiribati,KIR,2013,2.3406727
Kiribati,KIR,2014,2.3494484
Kiribati,KIR,2015,2.359003
Kiribati,KIR,2016,2.3709328
Kiribati,KIR,2017,2.3836048
Kiribati,KIR,2018,2.3859298
Kiribati,KIR,2019,2.368264
Kiribati,KIR,2020,2.3404014
Kiribati,KIR,2021,2.3083556
Kiribati,KIR,2022,2.2743213
Kiribati,KIR,2023,2.241254
Kosovo,OWID_KOS,1989,4.485685
Kosovo,OWID_KOS,1990,4.3110476
Kosovo,OWID_KOS,1991,4.1363516
Kosovo,OWID_KOS,1992,3.9491014
Kosovo,OWID_KOS,1993,3.775842
Kosovo,OWID_KOS,1994,3.606111
Kosovo,OWID_KOS,1995,3.4417336
Kosovo,OWID_KOS,1996,3.2898655
Kosovo,OWID_KOS,1997,3.147239
Kosovo,OWID_KOS,1998,3.0048003
Kosovo,OWID_KOS,1999,2.8654878
Kosovo,OWID_KOS,2000,2.7291
Kosovo,OWID_KOS,2001,2.5918024
Kosovo,OWID_KOS,2002,2.453964
Kosovo,OWID_KOS,2003,2.3126893
Kosovo,OWID_KOS,2004,2.1329381
Kosovo,OWID_KOS,2005,1.9705225
Kosovo,OWID_KOS,2006,1.8265307
Kosovo,OWID_KOS,2007,1.6951455
Kosovo,OWID_KOS,2008,1.5805469
Kosovo,OWID_KOS,2009,1.4805678
Kosovo,OWID_KOS,2010,1.3903351
Kosovo,OWID_KOS,2011,1.3053751
Kosovo,OWID_KOS,2012,1.2248294
Kosovo,OWID_KOS,2013,1.1521448
Kosovo,OWID_KOS,2014,1.0844562
Kosovo,OWID_KOS,2015,1.0239385
Kosovo,OWID_KOS,2016,0.96977115
Kosovo,OWID_KOS,2017,0.92062545
Kosovo,OWID_KOS,2018,0.8740809
Kosovo,OWID_KOS,2019,0.82972986
Kosovo,OWID_KOS,2020,0.7878312
Kosovo,OWID_KOS,2021,0.74926895
Kosovo,OWID_KOS,2022,0.7146664
Kosovo,OWID_KOS,2023,0.6833939
Kuwait,KWT,1985,1.2547818
Kuwait,KWT,1986,1.2054951
Kuwait,KWT,1987,1.165417
Kuwait,KWT,1988,1.1205883
Kuwait,KWT,1989,1.0695012
Kuwait,KWT,1990,1.0124847
Kuwait,KWT,1991,0.9551253
Kuwait,KWT,1992,0.90584815
Kuwait,KWT,1993,0.8668
Kuwait,KWT,1994,0.83232117
Kuwait,KWT,1995,0.7980675
Kuwait,KWT,1996,0.7635494
Kuwait,KWT,1997,0.73166597
Kuwait,KWT,1998,0.7034492
Kuwait,KWT,1999,0.67915225
Kuwait,KWT,2000,0.6582595
Kuwait,KWT,2001,0.63955694
Kuwait,KWT,2002,0.6218086
Kuwait,KWT,2003,0.6050935
Kuwait,KWT,2004,0.5912373
Kuwait,KWT,2005,0.58229774
Kuwait,KWT,2006,0.5768821
Kuwait,KWT,2007,0.5731017
Kuwait,KWT,2008,0.5682889
Kuwait,KWT,2009,0.560781
Kuwait,KWT,2010,0.5491406
Kuwait,KWT,2011,0.5351313
Kuwait,KWT,2012,0.5207763
Kuwait,KWT,2013,0.50839275
Kuwait,KWT,2014,0.4994287
Kuwait,KWT,2015,0.49602658
Kuwait,KWT,2016,0.49654916
Kuwait,KWT,2017,0.4986429
Kuwait,KWT,2018,0.50064576
Kuwait,KWT,2019,0.5007267
Kuwait,KWT,2020,0.49790934
Kuwait,KWT,2021,0.49323073
Kuwait,KWT,2022,0.48822293
Kuwait,KWT,2023,0.48355106
Kyrgyzstan,KGZ,1979,2.9588733
Kyrgyzstan,KGZ,1980,2.8917074
Kyrgyzstan,KGZ,1981,2.8191884
Kyrgyzstan,KGZ,1982,2.729764
Kyrgyzstan,KGZ,1983,2.6453245
Kyrgyzstan,KGZ,1984,2.5764706
Kyrgyzstan,KGZ,1985,2.5322142
Kyrgyzstan,KGZ,1986,2.5016863
Kyrgyzstan,KGZ,1987,2.4735231
Kyrgyzstan,KGZ,1988,2.4462447
Kyrgyzstan,KGZ,1989,2.42899
Kyrgyzstan,KGZ,1990,2.4266124
Kyrgyzstan,KGZ,1991,2.4505782
Kyrgyzstan,KGZ,1992,2.4985132
Kyrgyzstan,KGZ,1993,2.555076
Kyrgyzstan,KGZ,1994,2.5731409
Kyrgyzstan,KGZ,1995,2.546142
Kyrgyzstan,KGZ,1996,2.4700928
Kyrgyzstan,KGZ,1997,2.3647785
Kyrgyzstan,KGZ,1998,2.2571452
Kyrgyzstan,KGZ,1999,2.1591809
Kyrgyzstan,KGZ,2000,2.086325
Kyrgyzstan,KGZ,2001,2.0327327
Kyrgyzstan,KGZ,2002,1.991416
Kyrgyzstan,KGZ,2003,1.9616181
Kyrgyzstan,KGZ,2004,1.9429678
Kyrgyzstan,KGZ,2005,1.9288534
Kyrgyzstan,KGZ,2006,1.9171228
Kyrgyzstan,KGZ,2007,1.8822967
Kyrgyzstan,KGZ,2008,1.8197742
Kyrgyzstan,KGZ,2009,1.7454408
Kyrgyzstan,KGZ,2010,1.6630336
Kyrgyzstan,KGZ,2011,1.5839034
Kyrgyzstan,KGZ,2012,1.5138227
Kyrgyzstan,KGZ,2013,1.4560333
Kyrgyzstan,KGZ,2014,1.4028322
Kyrgyzstan,KGZ,2015,1.347874
Kyrgyzstan,KGZ,2016,1.2899113
Kyrgyzstan,KGZ,2017,1.2367611
Kyrgyzstan,KGZ,2018,1.1901007
Kyrgyzstan,KGZ,2019,1.1546292
Kyrgyzstan,KGZ,2020,1.1287942
Kyrgyzstan,KGZ,2021,1.1109451
Kyrgyzstan,KGZ,2022,1.0961714
Kyrgyzstan,KGZ,2023,1.083334
Laos,LAO,1982,5.3947444
Laos,LAO,1983,5.316672
Laos,LAO,1984,5.2399855
Laos,LAO,1985,5.1606607
Laos,LAO,1986,5.094043
Laos,LAO,1987,5.018053
Laos,LAO,1988,4.9353323
Laos,LAO,1989,4.838452
Laos,LAO,1990,4.7379317
Laos,LAO,1991,4.639382
Laos,LAO,1992,4.5482955
Laos,LAO,1993,4.456503
Laos,LAO,1994,4.3701
Laos,LAO,1995,4.279572
Laos,LAO,1996,4.19507
Laos,LAO,1997,4.107366
Laos,LAO,1998,4.0179706
Laos,LAO,1999,3.9299304
Laos,LAO,2000,3.8380792
Laos,LAO,2001,3.7512658
Laos,LAO,2002,3.6585197
Laos,LAO,2003,3.5639465
Laos,LAO,2004,3.471287
Laos,LAO,2005,3.3751109
Laos,LAO,2006,3.275825
Laos,LAO,2007,3.1794276
Laos,LAO,2008,3.0780213
Laos,LAO,2009,2.9818974
Laos,LAO,2010,2.8870108
Laos,LAO,2011,2.7953238
Laos,LAO,2012,2.703507
Laos,LAO,2013,2.6188557
Laos,LAO,2014,2.5359924
Laos,LAO,2015,2.4574735
Laos,LAO,2016,2.3888888
Laos,LAO,2017,2.3248239
Laos,LAO,2018,2.2643623
Laos,LAO,2019,2.2027125
Laos,LAO,2020,2.1479774
Laos,LAO,2021,2.0976567
Laos,LAO,2022,2.0501392
Laos,LAO,2023,2.0027153
Latvia,LVA,1980,0.7499486
Latvia,LVA,1981,0.730334
Latvia,LVA,1982,0.70815706
Latvia,LVA,1983,0.68768656
Latvia,LVA,1984,0.6715672
Latvia,LVA,1985,0.65899754
Latvia,LVA,1986,0.6483159
Latvia,LVA,1987,0.6441248
Latvia,LVA,1988,0.6647913
Latvia,LVA,1989,0.72995055
Latvia,LVA,1990,0.8350422
Latvia,LVA,1991,0.95352066
Latvia,LVA,1992,1.0551654
Latvia,LVA,1993,1.1246237
Latvia,LVA,1994,1.1500342
Latvia,LVA,1995,1.1286199
Latvia,LVA,1996,1.0641632
Latvia,LVA,1997,0.96903604
Latvia,LVA,1998,0.86915654
Latvia,LVA,1999,0.78411436
Latvia,LVA,2000,0.7173062
Latvia,LVA,2001,0.66249645
Latvia,LVA,2002,0.6173983
Latvia,LVA,2003,0.5815199
Latvia,LVA,2004,0.55596185
Latvia,LVA,2005,0.5361851
Latvia,LVA,2006,0.5182908
Latvia,LVA,2007,0.5000361
Latvia,LVA,2008,0.47879675
Latvia,LVA,2009,0.4527727
Latvia,LVA,2010,0.42157325
Latvia,LVA,2011,0.38672307
Latvia,LVA,2012,0.3513847
Latvia,LVA,2013,0.31832486
Latvia,LVA,2014,0.29143336
Latvia,LVA,2015,0.27086726
Latvia,LVA,2016,0.255226
Latvia,LVA,2017,0.24333557
Latvia,LVA,2018,0.23148426
Latvia,LVA,2019,0.21686435
Latvia,LVA,2020,0.1998395
Latvia,LVA,2021,0.1819928
Latvia,LVA,2022,0.16491064
Latvia,LVA,2023,0.150339
Lebanon,LBN,1973,3.345227
Lebanon,LBN,1974,3.3153222
Lebanon,LBN,1975,3.2816336
Lebanon,LBN,1976,3.46001
Lebanon,LBN,1977,3.2217546
Lebanon,LBN,1978,3.1701107
Lebanon,LBN,1979,3.1142552
Lebanon,LBN,1980,3.046682
Lebanon,LBN,1981,2.9702923
Lebanon,LBN,1982,2.9737644
Lebanon,LBN,1983,2.7714765
Lebanon,LBN,1984,2.6781552
Lebanon,LBN,1985,2.5788264
Lebanon,LBN,1986,2.4814336
Lebanon,LBN,1987,2.3993168
Lebanon,LBN,1988,2.27627
Lebanon,LBN,1989,2.1205285
Lebanon,LBN,1990,2.0036929
Lebanon,LBN,1991,1.8975232
Lebanon,LBN,1992,1.7974524
Lebanon,LBN,1993,1.703829
Lebanon,LBN,1994,1.6187639
Lebanon,LBN,1995,1.5387931
Lebanon,LBN,1996,1.4632797
Lebanon,LBN,1997,1.392982
Lebanon,LBN,1998,1.3263577
Lebanon,LBN,1999,1.2607638
Lebanon,LBN,2000,1.197062
Lebanon,LBN,2001,1.134902
Lebanon,LBN,2002,1.0719354
Lebanon,LBN,2003,1.0124687
Lebanon,LBN,2004,0.9555296
Lebanon,LBN,2005,0.9045112
Lebanon,LBN,2006,0.86078423
Lebanon,LBN,2007,0.8232296
Lebanon,LBN,2008,0.79419124
Lebanon,LBN,2009,0.77007586
Lebanon,LBN,2010,0.7530526
Lebanon,LBN,2011,0.74098176
Lebanon,LBN,2012,0.7361923
Lebanon,LBN,2013,0.73582643
Lebanon,LBN,2014,0.7412751
Lebanon,LBN,2015,0.7538182
Lebanon,LBN,2016,0.7721332
Lebanon,LBN,2017,0.79868656
Lebanon,LBN,2018,0.83327085
Lebanon,LBN,2019,0.87707233
Lebanon,LBN,2020,0.92906743
Lebanon,LBN,2021,0.98731405
Lebanon,LBN,2022,1.0508832
Lebanon,LBN,2023,1.1138102
Lesotho,LSO,1954,6.544222
Lesotho,LSO,1955,6.4564004
Lesotho,LSO,1956,6.387918
Lesotho,LSO,1957,6.3354664
Lesotho,LSO,1958,6.305788
Lesotho,LSO,1959,6.2871733
Lesotho,LSO,1960,6.2937913
Lesotho,LSO,1961,6.3218174
Lesotho,LSO,1962,6.3631377
Lesotho,LSO,1963,6.4066114
Lesotho,LSO,1964,6.4313436
Lesotho,LSO,1965,6.4535894
Lesotho,LSO,1966,6.450715
Lesotho,LSO,1967,6.4190674
Lesotho,LSO,1968,6.3686113
Lesotho,LSO,1969,6.2802424
Lesotho,LSO,1970,6.173836
Lesotho,LSO,1971,6.059274
Lesotho,LSO,1972,5.9360943
Lesotho,LSO,1973,5.792337
Lesotho,LSO,1974,5.625174
Lesotho,LSO,1975,5.433303
Lesotho,LSO,1976,5.238815
Lesotho,LSO,1977,5.0241776
Lesotho,LSO,1978,4.8080254
Lesotho,LSO,1979,4.596594
Lesotho,LSO,1980,4.4011536
Lesotho,LSO,1981,4.250787
Lesotho,LSO,1982,4.1283855
Lesotho,LSO,1983,4.031711
Lesotho,LSO,1984,3.9652927
Lesotho,LSO,1985,3.9094338
Lesotho,LSO,1986,3.8758025
Lesotho,LSO,1987,3.8644621
Lesotho,LSO,1988,3.8615026
Lesotho,LSO,1989,3.8606007
Lesotho,LSO,1990,3.8654706
Lesotho,LSO,1991,3.8666067
Lesotho,LSO,1992,3.8544257
Lesotho,LSO,1993,3.838337
Lesotho,LSO,1994,3.8206882
Lesotho,LSO,1995,3.7969697
Lesotho,LSO,1996,3.767524
Lesotho,LSO,1997,3.7303495
Lesotho,LSO,1998,3.69981
Lesotho,LSO,1999,3.6958368
Lesotho,LSO,2000,3.7232528
Lesotho,LSO,2001,3.7666202
Lesotho,LSO,2002,3.8117652
Lesotho,LSO,2003,3.8542945
Lesotho,LSO,2004,3.8842866
Lesotho,LSO,2005,3.8938797
Lesotho,LSO,2006,3.88851
Lesotho,LSO,2007,3.8514826
Lesotho,LSO,2008,3.7961347
Lesotho,LSO,2009,3.7297683
Lesotho,LSO,2010,3.6674118
Lesotho,LSO,2011,3.6074994
Lesotho,LSO,2012,3.561654
Lesotho,LSO,2013,3.5185263
Lesotho,LSO,2014,3.473607
Lesotho,LSO,2015,3.4152582
Lesotho,LSO,2016,3.3504646
Lesotho,LSO,2017,3.2798936
Lesotho,LSO,2018,3.2118711
Lesotho,LSO,2019,3.13925
Lesotho,LSO,2020,3.0708373
Lesotho,LSO,2021,3.0039597
Lesotho,LSO,2022,2.940033
Lesotho,LSO,2023,2.8741467
Liberia,LBR,1963,10.523834
Liberia,LBR,1964,10.414314
Liberia,LBR,1965,10.25109
Liberia,LBR,1966,10.046548
Liberia,LBR,1967,9.815828
Liberia,LBR,1968,9.578533
Liberia,LBR,1969,9.348442
Liberia,LBR,1970,9.110111
Liberia,LBR,1971,8.880903
Liberia,LBR,1972,8.661746
Liberia,LBR,1973,8.455846
Liberia,LBR,1974,8.247654
Liberia,LBR,1975,8.058261
Liberia,LBR,1976,7.8830748
Liberia,LBR,1977,7.720992
Liberia,LBR,1978,7.5652027
Liberia,LBR,1979,7.413541
Liberia,LBR,1980,7.2581334
Liberia,LBR,1981,7.120785
Liberia,LBR,1982,6.977285
Liberia,LBR,1983,6.815775
Liberia,LBR,1984,6.6569715
Liberia,LBR,1985,6.523824
Liberia,LBR,1986,6.412517
Liberia,LBR,1987,6.3163586
Liberia,LBR,1988,6.241977
Liberia,LBR,1989,6.1661406
Liberia,LBR,1990,6.0821795
Liberia,LBR,1991,5.9838586
Liberia,LBR,1992,5.88465
Liberia,LBR,1993,5.8092914
Liberia,LBR,1994,5.73192
Liberia,LBR,1995,5.6548414
Liberia,LBR,1996,5.544356
Liberia,LBR,1997,5.4174504
Liberia,LBR,1998,5.2568464
Liberia,LBR,1999,5.0805297
Liberia,LBR,2000,4.8909926
Liberia,LBR,2001,4.689204
Liberia,LBR,2002,4.483313
Liberia,LBR,2003,4.287058
Liberia,LBR,2004,4.11476
Liberia,LBR,2005,3.956384
Liberia,LBR,2006,3.8163478
Liberia,LBR,2007,3.6929858
Liberia,LBR,2008,3.5872157
Liberia,LBR,2009,3.4994128
Liberia,LBR,2010,3.4380934
Liberia,LBR,2011,3.3954484
Liberia,LBR,2012,3.3706777
Liberia,LBR,2013,3.355591
Liberia,LBR,2014,3.3439913
Liberia,LBR,2015,3.3248942
Liberia,LBR,2016,3.3000941
Liberia,LBR,2017,3.2712014
Liberia,LBR,2018,3.2317693
Liberia,LBR,2019,3.186639
Liberia,LBR,2020,3.1321054
Liberia,LBR,2021,3.074721
Liberia,LBR,2022,3.0184531
Liberia,LBR,2023,2.9647346
Libya,LBY,1972,3.7699363
Libya,LBY,1973,3.6278415
Libya,LBY,1974,3.495728
Libya,LBY,1975,3.3689213
Libya,LBY,1976,3.2550318
Libya,LBY,1977,3.1405845
Libya,LBY,1978,3.0409095
Libya,LBY,1979,2.9416177
Libya,LBY,1980,2.8505352
Libya,LBY,1981,2.7628615
Libya,LBY,1982,2.6798282
Libya,LBY,1983,2.59848
Libya,LBY,1984,2.5252726
Libya,LBY,1985,2.4515471
Libya,LBY,1986,2.380584
Libya,LBY,1987,2.3121526
Libya,LBY,1988,2.2483337
Libya,LBY,1989,2.184925
Libya,LBY,1990,2.1264653
Libya,LBY,1991,2.0669286
Libya,LBY,1992,2.0064886
Libya,LBY,1993,1.9347855
Libya,LBY,1994,1.8534727
Libya,LBY,1995,1.7804008
Libya,LBY,1996,1.714563
Libya,LBY,1997,1.6562166
Libya,LBY,1998,1.6027018
Libya,LBY,1999,1.5536498
Libya,LBY,2000,1.5092033
Libya,LBY,2001,1.4659156
Libya,LBY,2002,1.4212784
Libya,LBY,2003,1.3706993
Libya,LBY,2004,1.3119928
Libya,LBY,2005,1.2435893
Libya,LBY,2006,1.1659925
Libya,LBY,2007,1.0855378
Libya,LBY,2008,1.0102051
Libya,LBY,2009,0.9463756
Libya,LBY,2010,0.8923486
Libya,LBY,2011,0.8527969
Libya,LBY,2012,0.80835253
Libya,LBY,2013,0.7728381
Libya,LBY,2014,0.7415046
Libya,LBY,2015,0.71418285
Libya,LBY,2016,0.6875587
Libya,LBY,2017,0.66183496
Libya,LBY,2018,0.6386247
Libya,LBY,2019,0.6163245
Libya,LBY,2020,0.59465
Libya,LBY,2021,0.5755505
Libya,LBY,2022,0.55566
Libya,LBY,2023,0.5714735
Lithuania,LTU,1981,0.7242151
Lithuania,LTU,1982,0.6951988
Lithuania,LTU,1983,0.6924424
Lithuania,LTU,1984,0.7021384
Lithuania,LTU,1985,0.7096073
Lithuania,LTU,1986,0.70055664
Lithuania,LTU,1987,0.6664636
Lithuania,LTU,1988,0.6344773
Lithuania,LTU,1989,0.6601837
Lithuania,LTU,1990,0.7842684
Lithuania,LTU,1991,0.9609607
Lithuania,LTU,1992,1.0768006
Lithuania,LTU,1993,1.0576446
Lithuania,LTU,1994,0.9331321
Lithuania,LTU,1995,0.7752338
Lithuania,LTU,1996,0.64303714
Lithuania,LTU,1997,0.55854887
Lithuania,LTU,1998,0.5084003
Lithuania,LTU,1999,0.47599617
Lithuania,LTU,2000,0.45217258
Lithuania,LTU,2001,0.43773583
Lithuania,LTU,2002,0.43320602
Lithuania,LTU,2003,0.43508413
Lithuania,LTU,2004,0.43485197
Lithuania,LTU,2005,0.4238322
Lithuania,LTU,2006,0.40022606
Lithuania,LTU,2007,0.36830086
Lithuania,LTU,2008,0.33581418
Lithuania,LTU,2009,0.30699924
Lithuania,LTU,2010,0.28513515
Lithuania,LTU,2011,0.27003792
Lithuania,LTU,2012,0.25942302
Lithuania,LTU,2013,0.2500986
Lithuania,LTU,2014,0.24308302
Lithuania,LTU,2015,0.23936252
Lithuania,LTU,2016,0.23607108
Lithuania,LTU,2017,0.23131017
Lithuania,LTU,2018,0.22522984
Lithuania,LTU,2019,0.21877411
Lithuania,LTU,2020,0.21185328
Lithuania,LTU,2021,0.20504403
Lithuania,LTU,2022,0.19919667
Lithuania,LTU,2023,0.1948617
Low-income countries,OWID_LIC,1990,4.857663
Low-income countries,OWID_LIC,1991,4.7948523
Low-income countries,OWID_LIC,1992,4.73513
Low-income countries,OWID_LIC,1993,4.6673975
Low-income countries,OWID_LIC,1994,4.6121154
Low-income countries,OWID_LIC,1995,4.5826006
Low-income countries,OWID_LIC,1996,4.5108404
Low-income countries,OWID_LIC,1997,4.4372597
Low-income countries,OWID_LIC,1998,4.3636246
Low-income countries,OWID_LIC,1999,4.268479
Low-income countries,OWID_LIC,2000,4.1744375
Low-income countries,OWID_LIC,2001,4.0735335
Low-income countries,OWID_LIC,2002,3.9779532
Low-income countries,OWID_LIC,2003,3.8505387
Low-income countries,OWID_LIC,2004,3.7659004
Low-income countries,OWID_LIC,2005,3.6802185
Low-income countries,OWID_LIC,2006,3.5947974
Low-income countries,OWID_LIC,2007,3.5079908
Low-income countries,OWID_LIC,2008,3.4217517
Low-income countries,OWID_LIC,2009,3.353102
Low-income countries,OWID_LIC,2010,3.2761126
Low-income countries,OWID_LIC,2011,3.2175596
Low-income countries,OWID_LIC,2012,3.1453278
Low-income countries,OWID_LIC,2013,3.086153
Low-income countries,OWID_LIC,2014,3.0445344
Low-income countries,OWID_LIC,2015,2.9968956
Low-income countries,OWID_LIC,2016,2.948543
Low-income countries,OWID_LIC,2017,2.8978877
Low-income countries,OWID_LIC,2018,2.8406577
Low-income countries,OWID_LIC,2019,2.7889888
Low-income countries,OWID_LIC,2020,2.7373397
Low-income countries,OWID_LIC,2021,2.6878874
Low-income countries,OWID_LIC,2022,2.6433165
Low-income countries,OWID_LIC,2023,2.5823343
Lower-middle-income countries,OWID_LMC,1990,5.070587
Lower-middle-income countries,OWID_LMC,1991,4.9681716
Lower-middle-income countries,OWID_LMC,1992,4.8771825
Lower-middle-income countries,OWID_LMC,1993,4.7858033
Lower-middle-income countries,OWID_LMC,1994,4.6973324
Lower-middle-income countries,OWID_LMC,1995,4.606643
Lower-middle-income countries,OWID_LMC,1996,4.5156674
Lower-middle-income countries,OWID_LMC,1997,4.41734
Lower-middle-income countries,OWID_LMC,1998,4.3124433
Lower-middle-income countries,OWID_LMC,1999,4.204143
Lower-middle-income countries,OWID_LMC,2000,4.0893264
Lower-middle-income countries,OWID_LMC,2001,3.9712853
Lower-middle-income countries,OWID_LMC,2002,3.8523233
Lower-middle-income countries,OWID_LMC,2003,3.7378397
Lower-middle-income countries,OWID_LMC,2004,3.6265318
Lower-middle-income countries,OWID_LMC,2005,3.5270057
Lower-middle-income countries,OWID_LMC,2006,3.4330707
Lower-middle-income countries,OWID_LMC,2007,3.343492
Lower-middle-income countries,OWID_LMC,2008,3.2613318
Lower-middle-income countries,OWID_LMC,2009,3.178329
Lower-middle-income countries,OWID_LMC,2010,3.0969825
Lower-middle-income countries,OWID_LMC,2011,3.014151
Lower-middle-income countries,OWID_LMC,2012,2.9306717
Lower-middle-income countries,OWID_LMC,2013,2.8486168
Lower-middle-income countries,OWID_LMC,2014,2.7710364
Lower-middle-income countries,OWID_LMC,2015,2.6942084
Lower-middle-income countries,OWID_LMC,2016,2.6249814
Lower-middle-income countries,OWID_LMC,2017,2.5599883
Lower-middle-income countries,OWID_LMC,2018,2.4933047
Lower-middle-income countries,OWID_LMC,2019,2.4160419
Lower-middle-income countries,OWID_LMC,2020,2.3427465
Lower-middle-income countries,OWID_LMC,2021,2.2777836
Lower-middle-income countries,OWID_LMC,2022,2.2130163
Lower-middle-income countries,OWID_LMC,2023,2.1534452
Luxembourg,LUX,1965,1.6834304
Luxembourg,LUX,1966,1.5577009
Luxembourg,LUX,1967,1.4577144
Luxembourg,LUX,1968,1.3826222
Luxembourg,LUX,1969,1.3261592
Luxembourg,LUX,1970,1.2744886
Luxembourg,LUX,1971,1.205632
Luxembourg,LUX,1972,1.1206716
Luxembourg,LUX,1973,1.0422462
Luxembourg,LUX,1974,0.9840179
Luxembourg,LUX,1975,0.94077694
Luxembourg,LUX,1976,0.8927305
Luxembourg,LUX,1977,0.833517
Luxembourg,LUX,1978,0.76889807
Luxembourg,LUX,1979,0.7047835
Luxembourg,LUX,1980,0.64657235
Luxembourg,LUX,1981,0.59787107
Luxembourg,LUX,1982,0.5588734
Luxembourg,LUX,1983,0.5313557
Luxembourg,LUX,1984,0.5119303
Luxembourg,LUX,1985,0.49817443
Luxembourg,LUX,1986,0.48713055
Luxembourg,LUX,1987,0.4765939
Luxembourg,LUX,1988,0.46274868
Luxembourg,LUX,1989,0.4439646
Luxembourg,LUX,1990,0.42050204
Luxembourg,LUX,1991,0.3943212
Luxembourg,LUX,1992,0.3682643
Luxembourg,LUX,1993,0.3444239
Luxembourg,LUX,1994,0.3238395
Luxembourg,LUX,1995,0.30691594
Luxembourg,LUX,1996,0.29170316
Luxembourg,LUX,1997,0.27799773
Luxembourg,LUX,1998,0.26473787
Luxembourg,LUX,1999,0.2516881
Luxembourg,LUX,2000,0.23851381
Luxembourg,LUX,2001,0.22512731
Luxembourg,LUX,2002,0.21147977
Luxembourg,LUX,2003,0.1980575
Luxembourg,LUX,2004,0.18566094
Luxembourg,LUX,2005,0.17513041
Luxembourg,LUX,2006,0.16671377
Luxembourg,LUX,2007,0.16123588
Luxembourg,LUX,2008,0.15784633
Luxembourg,LUX,2009,0.15546934
Luxembourg,LUX,2010,0.15430969
Luxembourg,LUX,2011,0.15359467
Luxembourg,LUX,2012,0.15321031
Luxembourg,LUX,2013,0.15320212
Luxembourg,LUX,2014,0.15344937
Luxembourg,LUX,2015,0.15418158
Luxembourg,LUX,2016,0.1556084
Luxembourg,LUX,2017,0.1580189
Luxembourg,LUX,2018,0.16091873
Luxembourg,LUX,2019,0.16444476
Luxembourg,LUX,2020,0.16717267
Luxembourg,LUX,2021,0.16832784
Luxembourg,LUX,2022,0.16746245
Luxembourg,LUX,2023,0.16480659
Madagascar,MDG,1969,3.4702988
Madagascar,MDG,1970,3.4868715
Madagascar,MDG,1971,3.5097268
Madagascar,MDG,1972,3.5310261
Madagascar,MDG,1973,3.5574627
Madagascar,MDG,1974,3.591424
Madagascar,MDG,1975,3.631544
Madagascar,MDG,1976,3.6823974
Madagascar,MDG,1977,3.7321572
Madagascar,MDG,1978,3.7845259
Madagascar,MDG,1979,3.8425024
Madagascar,MDG,1980,3.8979561
Madagascar,MDG,1981,3.9435391
Madagascar,MDG,1982,3.9846227
Madagascar,MDG,1983,4.023529
Madagascar,MDG,1984,4.0509725
Madagascar,MDG,1985,4.05773
Madagascar,MDG,1986,4.0451884
Madagascar,MDG,1987,4.014929
Madagascar,MDG,1988,3.967026
Madagascar,MDG,1989,3.9136374
Madagascar,MDG,1990,3.8551805
Madagascar,MDG,1991,3.7921765
Madagascar,MDG,1992,3.7287827
Madagascar,MDG,1993,3.6625853
Madagascar,MDG,1994,3.5925088
Madagascar,MDG,1995,3.5184515
Madagascar,MDG,1996,3.4414203
Madagascar,MDG,1997,3.3607335
Madagascar,MDG,1998,3.2796726
Madagascar,MDG,1999,3.194724
Madagascar,MDG,2000,3.117566
Madagascar,MDG,2001,3.0409744
Madagascar,MDG,2002,2.9699855
Madagascar,MDG,2003,2.902981
Madagascar,MDG,2004,2.8366456
Madagascar,MDG,2005,2.7708204
Madagascar,MDG,2006,2.7095551
Madagascar,MDG,2007,2.65259
Madagascar,MDG,2008,2.5992494
Madagascar,MDG,2009,2.5525491
Madagascar,MDG,2010,2.5153565
Madagascar,MDG,2011,2.4815514
Madagascar,MDG,2012,2.453242
Madagascar,MDG,2013,2.432216
Madagascar,MDG,2014,2.418464
Madagascar,MDG,2015,2.4065518
Madagascar,MDG,2016,2.397508
Madagascar,MDG,2017,2.3968973
Madagascar,MDG,2018,2.403446
Madagascar,MDG,2019,2.4097524
Madagascar,MDG,2020,2.414331
Madagascar,MDG,2021,2.411798
Madagascar,MDG,2022,2.4040504
Madagascar,MDG,2023,2.384063
Malawi,MWI,1969,6.9149456
Malawi,MWI,1970,6.8560133
Malawi,MWI,1971,6.7682886
Malawi,MWI,1972,6.6552987
Malawi,MWI,1973,6.5383215
Malawi,MWI,1974,6.415778
Malawi,MWI,1975,6.27953
Malawi,MWI,1976,6.142343
Malawi,MWI,1977,6.0104933
Malawi,MWI,1978,5.8864694
Malawi,MWI,1979,5.7662077
Malawi,MWI,1980,5.649015
Malawi,MWI,1981,5.5470757
Malawi,MWI,1982,5.4615993
Malawi,MWI,1983,5.4191036
Malawi,MWI,1984,5.396555
Malawi,MWI,1985,5.379307
Malawi,MWI,1986,5.3474913
Malawi,MWI,1987,5.2936444
Malawi,MWI,1988,5.215387
Malawi,MWI,1989,5.1203012
Malawi,MWI,1990,5.01349
Malawi,MWI,1991,4.8866262
Malawi,MWI,1992,4.767106
Malawi,MWI,1993,4.6506195
Malawi,MWI,1994,4.5485425
Malawi,MWI,1995,4.4591885
Malawi,MWI,1996,4.3777304
Malawi,MWI,1997,4.2940135
Malawi,MWI,1998,4.184825
Malawi,MWI,1999,4.0441933
Malawi,MWI,2000,3.8670168
Malawi,MWI,2001,3.6639876
Malawi,MWI,2002,3.455652
Malawi,MWI,2003,3.25422
Malawi,MWI,2004,3.0807445
Malawi,MWI,2005,2.9605854
Malawi,MWI,2006,2.8930788
Malawi,MWI,2007,2.8546307
Malawi,MWI,2008,2.8257487
Malawi,MWI,2009,2.7843194
Malawi,MWI,2010,2.720737
Malawi,MWI,2011,2.6392245
Malawi,MWI,2012,2.5463336
Malawi,MWI,2013,2.4550426
Malawi,MWI,2014,2.3748944
Malawi,MWI,2015,2.303901
Malawi,MWI,2016,2.2391655
Malawi,MWI,2017,2.1785862
Malawi,MWI,2018,2.1252692
Malawi,MWI,2019,2.076906
Malawi,MWI,2020,2.0260901
Malawi,MWI,2021,1.9777763
Malawi,MWI,2022,1.9325621
Malawi,MWI,2023,1.8825372
Malaysia,MYS,1951,3.0224867
Malaysia,MYS,1952,2.9153488
Malaysia,MYS,1953,2.8060977
Malaysia,MYS,1954,2.69641
Malaysia,MYS,1955,2.5890756
Malaysia,MYS,1956,2.4851332
Malaysia,MYS,1957,2.384015
Malaysia,MYS,1958,2.290558
Malaysia,MYS,1959,2.1924925
Malaysia,MYS,1960,2.101126
Malaysia,MYS,1961,2.0133545
Malaysia,MYS,1962,1.9376079
Malaysia,MYS,1963,1.8688701
Malaysia,MYS,1964,1.8101782
Malaysia,MYS,1965,1.7601705
Malaysia,MYS,1966,1.7165327
Malaysia,MYS,1967,1.6841532
Malaysia,MYS,1968,1.6590197
Malaysia,MYS,1969,1.6342117
Malaysia,MYS,1970,1.6138769
Malaysia,MYS,1971,1.5960674
Malaysia,MYS,1972,1.5743201
Malaysia,MYS,1973,1.5514804
Malaysia,MYS,1974,1.5257493
Malaysia,MYS,1975,1.4964257
Malaysia,MYS,1976,1.4671113
Malaysia,MYS,1977,1.4318892
Malaysia,MYS,1978,1.3665369
Malaysia,MYS,1979,1.2953867
Malaysia,MYS,1980,1.2258724
Malaysia,MYS,1981,1.1586132
Malaysia,MYS,1982,1.0973561
Malaysia,MYS,1983,1.0397042
Malaysia,MYS,1984,0.98528904
Malaysia,MYS,1985,0.9359087
Malaysia,MYS,1986,0.8924613
Malaysia,MYS,1987,0.8537653
Malaysia,MYS,1988,0.8176638
Malaysia,MYS,1989,0.7857669
Malaysia,MYS,1990,0.75644886
Malaysia,MYS,1991,0.7275588
Malaysia,MYS,1992,0.7009665
Malaysia,MYS,1993,0.677133
Malaysia,MYS,1994,0.6549968
Malaysia,MYS,1995,0.6371142
Malaysia,MYS,1996,0.6175013
Malaysia,MYS,1997,0.5941286
Malaysia,MYS,1998,0.563889
Malaysia,MYS,1999,0.5295644
Malaysia,MYS,2000,0.49471685
Malaysia,MYS,2001,0.46480694
Malaysia,MYS,2002,0.4445015
Malaysia,MYS,2003,0.4344048
Malaysia,MYS,2004,0.43016374
Malaysia,MYS,2005,0.42921975
Malaysia,MYS,2006,0.42886752
Malaysia,MYS,2007,0.43012294
Malaysia,MYS,2008,0.43141478
Malaysia,MYS,2009,0.4311507
Malaysia,MYS,2010,0.4275869
Malaysia,MYS,2011,0.4221977
Malaysia,MYS,2012,0.41676554
Malaysia,MYS,2013,0.4135266
Malaysia,MYS,2014,0.4133428
Malaysia,MYS,2015,0.41635045
Malaysia,MYS,2016,0.42162633
Malaysia,MYS,2017,0.42600283
Malaysia,MYS,2018,0.42800546
Malaysia,MYS,2019,0.42770872
Malaysia,MYS,2020,0.42600945
Malaysia,MYS,2021,0.4226599
Malaysia,MYS,2022,0.4162657
Malaysia,MYS,2023,0.40743023
Maldives,MDV,1986,5.0060678
Maldives,MDV,1987,4.8041887
Maldives,MDV,1988,4.6125183
Maldives,MDV,1989,4.4212546
Maldives,MDV,1990,4.2360277
Maldives,MDV,1991,4.056434
Maldives,MDV,1992,3.8725564
Maldives,MDV,1993,3.684763
Maldives,MDV,1994,3.4863605
Maldives,MDV,1995,3.2768383
Maldives,MDV,1996,3.060122
Maldives,MDV,1997,2.8447542
Maldives,MDV,1998,2.6319032
Maldives,MDV,1999,2.4296217
Maldives,MDV,2000,2.2240717
Maldives,MDV,2001,1.9919542
Maldives,MDV,2002,1.757779
Maldives,MDV,2003,1.558817
Maldives,MDV,2004,1.4013282
Maldives,MDV,2005,1.2560858
Maldives,MDV,2006,1.1334393
Maldives,MDV,2007,1.0255253
Maldives,MDV,2008,0.9277287
Maldives,MDV,2009,0.8417353
Maldives,MDV,2010,0.76371443
Maldives,MDV,2011,0.69587183
Maldives,MDV,2012,0.64375484
Maldives,MDV,2013,0.6107383
Maldives,MDV,2014,0.59304464
Maldives,MDV,2015,0.58445334
Maldives,MDV,2016,0.5769924
Maldives,MDV,2017,0.56295544
Maldives,MDV,2018,0.53778625
Maldives,MDV,2019,0.50530696
Maldives,MDV,2020,0.46988392
Maldives,MDV,2021,0.43672034
Maldives,MDV,2022,0.4088749
Maldives,MDV,2023,0.38587546
Mali,MLI,1964,10.018605
Mali,MLI,1965,9.942805
Mali,MLI,1966,9.901714
Mali,MLI,1967,9.851339
Mali,MLI,1968,9.804981
Mali,MLI,1969,9.7853365
Mali,MLI,1970,9.771213
Mali,MLI,1971,9.751026
Mali,MLI,1972,9.6897335
Mali,MLI,1973,9.605483
Mali,MLI,1974,9.501
Mali,MLI,1975,9.381695
Mali,MLI,1976,9.24155
Mali,MLI,1977,9.083751
Mali,MLI,1978,8.889661
Mali,MLI,1979,8.640056
Mali,MLI,1980,8.3530445
Mali,MLI,1981,8.047868
Mali,MLI,1982,7.7535086
Mali,MLI,1983,7.5062485
Mali,MLI,1984,7.3249736
Mali,MLI,1985,7.20142
Mali,MLI,1986,7.120762
Mali,MLI,1987,7.055093
Mali,MLI,1988,6.9710584
Mali,MLI,1989,6.8535156
Mali,MLI,1990,6.6963954
Mali,MLI,1991,6.528675
Mali,MLI,1992,6.381146
Mali,MLI,1993,6.2368026
Mali,MLI,1994,6.087456
Mali,MLI,1995,5.9194994
Mali,MLI,1996,5.752422
Mali,MLI,1997,5.5936923
Mali,MLI,1998,5.441302
Mali,MLI,1999,5.2856665
Mali,MLI,2000,5.116943
Mali,MLI,2001,4.9465923
Mali,MLI,2002,4.7845626
Mali,MLI,2003,4.637154
Mali,MLI,2004,4.5063686
Mali,MLI,2005,4.4022336
Mali,MLI,2006,4.312598
Mali,MLI,2007,4.229527
Mali,MLI,2008,4.152807
Mali,MLI,2009,4.0781193
Mali,MLI,2010,4.0021567
Mali,MLI,2011,3.927931
Mali,MLI,2012,3.8597226
Mali,MLI,2013,3.8030627
Mali,MLI,2014,3.7431417
Mali,MLI,2015,3.6895092
Mali,MLI,2016,3.6370747
Mali,MLI,2017,3.5875182
Mali,MLI,2018,3.5321665
Mali,MLI,2019,3.4746315
Mali,MLI,2020,3.4156272
Mali,MLI,2021,3.3566132
Mali,MLI,2022,3.2929335
Mali,MLI,2023,3.2374573
Malta,MLT,1970,1.9052844
Malta,MLT,1971,1.8061669
Malta,MLT,1972,1.7076932
Malta,MLT,1973,1.6102803
Malta,MLT,1974,1.5185176
Malta,MLT,1975,1.4325318
Malta,MLT,1976,1.3548154
Malta,MLT,1977,1.2883089
Malta,MLT,1978,1.2317238
Malta,MLT,1979,1.1835823
Malta,MLT,1980,1.1405808
Malta,MLT,1981,1.1001097
Malta,MLT,1982,1.0607189
Malta,MLT,1983,1.0201136
Malta,MLT,1984,0.9783978
Malta,MLT,1985,0.9351495
Malta,MLT,1986,0.8931175
Malta,MLT,1987,0.853552
Malta,MLT,1988,0.8175414
Malta,MLT,1989,0.7863891
Malta,MLT,1990,0.7588648
Malta,MLT,1991,0.7338864
Malta,MLT,1992,0.70974725
Malta,MLT,1993,0.6847966
Malta,MLT,1994,0.6587517
Malta,MLT,1995,0.6322645
Malta,MLT,1996,0.60511076
Malta,MLT,1997,0.57759994
Malta,MLT,1998,0.5512445
Malta,MLT,1999,0.52822286
Malta,MLT,2000,0.5086681
Malta,MLT,2001,0.49239033
Malta,MLT,2002,0.47943822
Malta,MLT,2003,0.4694077
Malta,MLT,2004,0.46247026
Malta,MLT,2005,0.45853135
Malta,MLT,2006,0.45710194
Malta,MLT,2007,0.45714596
Malta,MLT,2008,0.4581875
Malta,MLT,2009,0.45884496
Malta,MLT,2010,0.45875987
Malta,MLT,2011,0.45739248
Malta,MLT,2012,0.45507315
Malta,MLT,2013,0.45172465
Malta,MLT,2014,0.44711807
Malta,MLT,2015,0.44150424
Malta,MLT,2016,0.43519756
Malta,MLT,2017,0.42710042
Malta,MLT,2018,0.4186602
Malta,MLT,2019,0.40930876
Malta,MLT,2020,0.3994301
Malta,MLT,2021,0.38904896
Malta,MLT,2022,0.37801465
Malta,MLT,2023,0.36772352
Marshall Islands,MHL,1989,1.906254
Marshall Islands,MHL,1990,1.8533273
Marshall Islands,MHL,1991,1.8037224
Marshall Islands,MHL,1992,1.7663046
Marshall Islands,MHL,1993,1.7387601
Marshall Islands,MHL,1994,1.7295103
Marshall Islands,MHL,1995,1.7403282
Marshall Islands,MHL,1996,1.7698492
Marshall Islands,MHL,1997,1.8136857
Marshall Islands,MHL,1998,1.8578444
Marshall Islands,MHL,1999,1.8904122
Marshall Islands,MHL,2000,1.9099118
Marshall Islands,MHL,2001,1.9146657
Marshall Islands,MHL,2002,1.9095931
Marshall Islands,MHL,2003,1.8973889
Marshall Islands,MHL,2004,1.8838698
Marshall Islands,MHL,2005,1.8730962
Marshall Islands,MHL,2006,1.8631852
Marshall Islands,MHL,2007,1.8485981
Marshall Islands,MHL,2008,1.8326914
Marshall Islands,MHL,2009,1.8192387
Marshall Islands,MHL,2010,1.8057096
Marshall Islands,MHL,2011,1.7897986
Marshall Islands,MHL,2012,1.7705109
Marshall Islands,MHL,2013,1.743832
Marshall Islands,MHL,2014,1.7087439
Marshall Islands,MHL,2015,1.6657115
Marshall Islands,MHL,2016,1.6220553
Marshall Islands,MHL,2017,1.5768623
Marshall Islands,MHL,2018,1.5288011
Marshall Islands,MHL,2019,1.479916
Marshall Islands,MHL,2020,1.4309685
Marshall Islands,MHL,2021,1.3881016
Marshall Islands,MHL,2022,1.3451047
Marshall Islands,MHL,2023,1.3042971
Mauritania,MRT,1958,5.9964824
Mauritania,MRT,1959,5.956498
Mauritania,MRT,1960,5.920657
Mauritania,MRT,1961,5.888195
Mauritania,MRT,1962,5.861867
Mauritania,MRT,1963,5.843191
Mauritania,MRT,1964,5.831372
Mauritania,MRT,1965,5.815668
Mauritania,MRT,1966,5.7849846
Mauritania,MRT,1967,5.7282867
Mauritania,MRT,1968,5.6740746
Mauritania,MRT,1969,5.6252794
Mauritania,MRT,1970,5.611892
Mauritania,MRT,1971,5.6201806
Mauritania,MRT,1972,5.6445193
Mauritania,MRT,1973,5.6803923
Mauritania,MRT,1974,5.7077737
Mauritania,MRT,1975,5.7169294
Mauritania,MRT,1976,5.6992455
Mauritania,MRT,1977,5.6593733
Mauritania,MRT,1978,5.6056256
Mauritania,MRT,1979,5.552761
Mauritania,MRT,1980,5.5199103
Mauritania,MRT,1981,5.487777
Mauritania,MRT,1982,5.4406724
Mauritania,MRT,1983,5.3668103
Mauritania,MRT,1984,5.258241
Mauritania,MRT,1985,5.111792
Mauritania,MRT,1986,4.952477
Mauritania,MRT,1987,4.7965965
Mauritania,MRT,1988,4.65097
Mauritania,MRT,1989,4.527495
Mauritania,MRT,1990,4.4386315
Mauritania,MRT,1991,4.3753667
Mauritania,MRT,1992,4.3435874
Mauritania,MRT,1993,4.3293204
Mauritania,MRT,1994,4.3162384
Mauritania,MRT,1995,4.297588
Mauritania,MRT,1996,4.2676945
Mauritania,MRT,1997,4.21123
Mauritania,MRT,1998,4.128958
Mauritania,MRT,1999,4.0209446
Mauritania,MRT,2000,3.89566
Mauritania,MRT,2001,3.758315
Mauritania,MRT,2002,3.6166263
Mauritania,MRT,2003,3.474069
Mauritania,MRT,2004,3.3401318
Mauritania,MRT,2005,3.2104154
Mauritania,MRT,2006,3.0934927
Mauritania,MRT,2007,2.9992325
Mauritania,MRT,2008,2.9194994
Mauritania,MRT,2009,2.8541918
Mauritania,MRT,2010,2.7977817
Mauritania,MRT,2011,2.7508717
Mauritania,MRT,2012,2.7071497
Mauritania,MRT,2013,2.6588535
Mauritania,MRT,2014,2.613997
Mauritania,MRT,2015,2.5649588
Mauritania,MRT,2016,2.514327
Mauritania,MRT,2017,2.4599051
Mauritania,MRT,2018,2.4075153
Mauritania,MRT,2019,2.3537254
Mauritania,MRT,2020,2.3003278
Mauritania,MRT,2021,2.2497473
Mauritania,MRT,2022,2.198896
Mauritania,MRT,2023,2.147377
Mauritius,MUS,1969,3.0030231
Mauritius,MUS,1970,3.0333264
Mauritius,MUS,1971,3.0150537
Mauritius,MUS,1972,2.9384801
Mauritius,MUS,1973,2.8081908
Mauritius,MUS,1974,2.659707
Mauritius,MUS,1975,2.5221026
Mauritius,MUS,1976,2.3891144
Mauritius,MUS,1977,2.248937
Mauritius,MUS,1978,2.1156805
Mauritius,MUS,1979,2.0131276
Mauritius,MUS,1980,1.9572382
Mauritius,MUS,1981,1.9265021
Mauritius,MUS,1982,1.8510529
Mauritius,MUS,1983,1.7392297
Mauritius,MUS,1984,1.6632962
Mauritius,MUS,1985,1.6694703
Mauritius,MUS,1986,1.72047
Mauritius,MUS,1987,1.7307631
Mauritius,MUS,1988,1.6584256
Mauritius,MUS,1989,1.5562159
Mauritius,MUS,1990,1.4692451
Mauritius,MUS,1991,1.4146366
Mauritius,MUS,1992,1.3935555
Mauritius,MUS,1993,1.406869
Mauritius,MUS,1994,1.4464264
Mauritius,MUS,1995,1.5029931
Mauritius,MUS,1996,1.5491467
Mauritius,MUS,1997,1.5476984
Mauritius,MUS,1998,1.4800447
Mauritius,MUS,1999,1.3710566
Mauritius,MUS,2000,1.2452137
Mauritius,MUS,2001,1.131278
Mauritius,MUS,2002,1.0543208
Mauritius,MUS,2003,1.0177515
Mauritius,MUS,2004,1.0091381
Mauritius,MUS,2005,1.0106956
Mauritius,MUS,2006,1.0117208
Mauritius,MUS,2007,0.9998933
Mauritius,MUS,2008,0.9732501
Mauritius,MUS,2009,0.9473253
Mauritius,MUS,2010,0.93681693
Mauritius,MUS,2011,0.9374956
Mauritius,MUS,2012,0.93826234
Mauritius,MUS,2013,0.93051374
Mauritius,MUS,2014,0.9208183
Mauritius,MUS,2015,0.91496855
Mauritius,MUS,2016,0.9170103
Mauritius,MUS,2017,0.9335854
Mauritius,MUS,2018,0.9626306
Mauritius,MUS,2019,0.98593336
Mauritius,MUS,2020,0.9867833
Mauritius,MUS,2021,0.96558565
Mauritius,MUS,2022,0.9334083
Mauritius,MUS,2023,0.9004908
Mexico,MEX,1953,6.34576
Mexico,MEX,1954,6.1947746
Mexico,MEX,1955,6.037514
Mexico,MEX,1956,5.8817263
Mexico,MEX,1957,5.719189
Mexico,MEX,1958,5.5424333
Mexico,MEX,1959,5.355196
Mexico,MEX,1960,5.1810784
Mexico,MEX,1961,5.0150604
Mexico,MEX,1962,4.877249
Mexico,MEX,1963,4.774109
Mexico,MEX,1964,4.7264595
Mexico,MEX,1965,4.7144704
Mexico,MEX,1966,4.7171283
Mexico,MEX,1967,4.6971383
Mexico,MEX,1968,4.6391377
Mexico,MEX,1969,4.538181
Mexico,MEX,1970,4.3978767
Mexico,MEX,1971,4.2401323
Mexico,MEX,1972,4.0796056
Mexico,MEX,1973,3.9179766
Mexico,MEX,1974,3.7520983
Mexico,MEX,1975,3.5904496
Mexico,MEX,1976,3.433416
Mexico,MEX,1977,3.2898896
Mexico,MEX,1978,3.1654668
Mexico,MEX,1979,3.061367
Mexico,MEX,1980,2.970965
Mexico,MEX,1981,2.8883278
Mexico,MEX,1982,2.8099124
Mexico,MEX,1983,2.7346408
Mexico,MEX,1984,2.6627808
Mexico,MEX,1985,2.592517
Mexico,MEX,1986,2.5204968
Mexico,MEX,1987,2.4501145
Mexico,MEX,1988,2.3773456
Mexico,MEX,1989,2.308295
Mexico,MEX,1990,2.2407477
Mexico,MEX,1991,2.1750147
Mexico,MEX,1992,2.1086814
Mexico,MEX,1993,2.0434241
Mexico,MEX,1994,1.9745221
Mexico,MEX,1995,1.8897619
Mexico,MEX,1996,1.7951598
Mexico,MEX,1997,1.701673
Mexico,MEX,1998,1.6107142
Mexico,MEX,1999,1.5183944
Mexico,MEX,2000,1.4227822
Mexico,MEX,2001,1.3253167
Mexico,MEX,2002,1.2254843
Mexico,MEX,2003,1.1305238
Mexico,MEX,2004,1.0450338
Mexico,MEX,2005,0.97698104
Mexico,MEX,2006,0.9354585
Mexico,MEX,2007,0.9196597
Mexico,MEX,2008,0.9159128
Mexico,MEX,2009,0.9106383
Mexico,MEX,2010,0.9004693
Mexico,MEX,2011,0.88481635
Mexico,MEX,2012,0.8650698
Mexico,MEX,2013,0.84676564
Mexico,MEX,2014,0.83429706
Mexico,MEX,2015,0.83108324
Mexico,MEX,2016,0.8407483
Mexico,MEX,2017,0.8589713
Mexico,MEX,2018,0.8702148
Mexico,MEX,2019,0.86364794
Mexico,MEX,2020,0.84194976
Mexico,MEX,2021,0.81526875
Mexico,MEX,2022,0.78722894
Mexico,MEX,2023,0.759449
Micronesia (country),FSM,1989,2.438244
Micronesia (country),FSM,1990,2.394731
Micronesia (country),FSM,1991,2.3559005
Micronesia (country),FSM,1992,2.3218155
Micronesia (country),FSM,1993,2.2911992
Micronesia (country),FSM,1994,2.2585206
Micronesia (country),FSM,1995,2.2247849
Micronesia (country),FSM,1996,2.1852963
Micronesia (country),FSM,1997,2.145128
Micronesia (country),FSM,1998,2.105042
Micronesia (country),FSM,1999,2.0657666
Micronesia (country),FSM,2000,2.029053
Micronesia (country),FSM,2001,1.9945295
Micronesia (country),FSM,2002,1.9632787
Micronesia (country),FSM,2003,1.9334
Micronesia (country),FSM,2004,1.9086872
Micronesia (country),FSM,2005,1.8951238
Micronesia (country),FSM,2006,1.8864117
Micronesia (country),FSM,2007,1.8791003
Micronesia (country),FSM,2008,1.8615268
Micronesia (country),FSM,2009,1.8299892
Micronesia (country),FSM,2010,1.7951175
Micronesia (country),FSM,2011,1.7550417
Micronesia (country),FSM,2012,1.7078134
Micronesia (country),FSM,2013,1.660375
Micronesia (country),FSM,2014,1.6120932
Micronesia (country),FSM,2015,1.5628875
Micronesia (country),FSM,2016,1.5180335
Micronesia (country),FSM,2017,1.4642675
Micronesia (country),FSM,2018,1.4188598
Micronesia (country),FSM,2019,1.3723319
Micronesia (country),FSM,2020,1.3298134
Micronesia (country),FSM,2021,1.2906826
Micronesia (country),FSM,2022,1.2499088
Micronesia (country),FSM,2023,1.2145896
Moldova,MDA,1982,2.137176
Moldova,MDA,1983,2.0945976
Moldova,MDA,1984,2.0474997
Moldova,MDA,1985,2.0004869
Moldova,MDA,1986,1.9545586
Moldova,MDA,1987,1.904587
Moldova,MDA,1988,1.8568592
Moldova,MDA,1989,1.8286904
Moldova,MDA,1990,1.8381467
Moldova,MDA,1991,1.8793746
Moldova,MDA,1992,1.9544523
Moldova,MDA,1993,2.0561712
Moldova,MDA,1994,2.1552303
Moldova,MDA,1995,2.2373216
Moldova,MDA,1996,2.2960606
Moldova,MDA,1997,2.3113904
Moldova,MDA,1998,2.2721043
Moldova,MDA,1999,2.1709614
Moldova,MDA,2000,2.022782
Moldova,MDA,2001,1.864919
Moldova,MDA,2002,1.7059177
Moldova,MDA,2003,1.5659834
Moldova,MDA,2004,1.4596895
Moldova,MDA,2005,1.384002
Moldova,MDA,2006,1.3338064
Moldova,MDA,2007,1.3012422
Moldova,MDA,2008,1.2795331
Moldova,MDA,2009,1.2620959
Moldova,MDA,2010,1.2456461
Moldova,MDA,2011,1.2264719
Moldova,MDA,2012,1.2058032
Moldova,MDA,2013,1.1846422
Moldova,MDA,2014,1.16536
Moldova,MDA,2015,1.1465741
Moldova,MDA,2016,1.1320752
Moldova,MDA,2017,1.1187749
Moldova,MDA,2018,1.108256
Moldova,MDA,2019,1.0985092
Moldova,MDA,2020,1.091014
Moldova,MDA,2021,1.0869069
Moldova,MDA,2022,1.0820596
Moldova,MDA,2023,1.0770074
Monaco,MCO,1989,0.43665552
Monaco,MCO,1990,0.41821784
Monaco,MCO,1991,0.40080437
Monaco,MCO,1992,0.38322607
Monaco,MCO,1993,0.36631587
Monaco,MCO,1994,0.35054988
Monaco,MCO,1995,0.33602485
Monaco,MCO,1996,0.32208136
Monaco,MCO,1997,0.30969805
Monaco,MCO,1998,0.29783675
Monaco,MCO,1999,0.2866859
Monaco,MCO,2000,0.27686295
Monaco,MCO,2001,0.26836222
Monaco,MCO,2002,0.26063523
Monaco,MCO,2003,0.2535631
Monaco,MCO,2004,0.24728817
Monaco,MCO,2005,0.24105115
Monaco,MCO,2006,0.23529929
Monaco,MCO,2007,0.22949994
Monaco,MCO,2008,0.22471091
Monaco,MCO,2009,0.21937956
Monaco,MCO,2010,0.21472673
Monaco,MCO,2011,0.20996718
Monaco,MCO,2012,0.20520583
Monaco,MCO,2013,0.19966687
Monaco,MCO,2014,0.19453147
Monaco,MCO,2015,0.18876414
Monaco,MCO,2016,0.1833566
Monaco,MCO,2017,0.17737022
Monaco,MCO,2018,0.17159356
Monaco,MCO,2019,0.16603442
Monaco,MCO,2020,0.16061412
Monaco,MCO,2021,0.1554469
Monaco,MCO,2022,0.15025935
Monaco,MCO,2023,0.14519699
Mongolia,MNG,1986,2.9694073
Mongolia,MNG,1987,2.9473872
Mongolia,MNG,1988,2.9403663
Mongolia,MNG,1989,2.9385493
Mongolia,MNG,1990,2.9339762
Mongolia,MNG,1991,2.93336
Mongolia,MNG,1992,2.9311864
Mongolia,MNG,1993,2.9280803
Mongolia,MNG,1994,2.9131596
Mongolia,MNG,1995,2.872805
Mongolia,MNG,1996,2.8085628
Mongolia,MNG,1997,2.720772
Mongolia,MNG,1998,2.6061711
Mongolia,MNG,1999,2.478287
Mongolia,MNG,2000,2.3484597
Mongolia,MNG,2001,2.2218082
Mongolia,MNG,2002,2.099103
Mongolia,MNG,2003,1.9797784
Mongolia,MNG,2004,1.8629767
Mongolia,MNG,2005,1.7500614
Mongolia,MNG,2006,1.6387775
Mongolia,MNG,2007,1.4897594
Mongolia,MNG,2008,1.3508787
Mongolia,MNG,2009,1.2332777
Mongolia,MNG,2010,1.140482
Mongolia,MNG,2011,1.0725259
Mongolia,MNG,2012,1.0279027
Mongolia,MNG,2013,1.0026778
Mongolia,MNG,2014,0.98252004
Mongolia,MNG,2015,0.9562957
Mongolia,MNG,2016,0.9242591
Mongolia,MNG,2017,0.8916175
Mongolia,MNG,2018,0.8625389
Mongolia,MNG,2019,0.83630615
Mongolia,MNG,2020,0.8146383
Mongolia,MNG,2021,0.79440683
Mongolia,MNG,2022,0.77113205
Mongolia,MNG,2023,0.7442688
Montenegro,MNE,1989,1.1609373
Montenegro,MNE,1990,1.0877283
Montenegro,MNE,1991,1.0316416
Montenegro,MNE,1992,0.99018544
Montenegro,MNE,1993,0.960038
Montenegro,MNE,1994,0.9390766
Montenegro,MNE,1995,0.922643
Montenegro,MNE,1996,0.90610623
Montenegro,MNE,1997,0.88857234
Montenegro,MNE,1998,0.8719012
Montenegro,MNE,1999,0.8590321
Montenegro,MNE,2000,0.8492114
Montenegro,MNE,2001,0.8371299
Montenegro,MNE,2002,0.8211419
Montenegro,MNE,2003,0.79212654
Montenegro,MNE,2004,0.7495652
Montenegro,MNE,2005,0.6965208
Montenegro,MNE,2006,0.64286923
Montenegro,MNE,2007,0.5914807
Montenegro,MNE,2008,0.5407102
Montenegro,MNE,2009,0.48944193
Montenegro,MNE,2010,0.43909013
Montenegro,MNE,2011,0.39046147
Montenegro,MNE,2012,0.344028
Montenegro,MNE,2013,0.30132955
Montenegro,MNE,2014,0.26273462
Montenegro,MNE,2015,0.22864166
Montenegro,MNE,2016,0.19849429
Montenegro,MNE,2017,0.17221813
Montenegro,MNE,2018,0.1504696
Montenegro,MNE,2019,0.1332153
Montenegro,MNE,2020,0.12020557
Montenegro,MNE,2021,0.11080608
Montenegro,MNE,2022,0.104238525
Montenegro,MNE,2023,0.0992098
Montserrat,MSR,1989,1.1403788
Montserrat,MSR,1990,1.0905212
Montserrat,MSR,1991,1.0461625
Montserrat,MSR,1992,1.0055773
Montserrat,MSR,1993,0.96643543
Montserrat,MSR,1994,0.93032664
Montserrat,MSR,1995,0.89303863
Montserrat,MSR,1996,0.8570756
Montserrat,MSR,1997,0.8254201
Montserrat,MSR,1998,0.7940176
Montserrat,MSR,1999,0.76464194
Montserrat,MSR,2000,0.7360728
Montserrat,MSR,2001,0.70920277
Montserrat,MSR,2002,0.68560034
Montserrat,MSR,2003,0.6623906
Montserrat,MSR,2004,0.6414875
Montserrat,MSR,2005,0.6206779
Montserrat,MSR,2006,0.60116094
Montserrat,MSR,2007,0.5810457
Montserrat,MSR,2008,0.5617483
Montserrat,MSR,2009,0.5438667
Montserrat,MSR,2010,0.5263367
Montserrat,MSR,2011,0.51080835
Montserrat,MSR,2012,0.49284604
Montserrat,MSR,2013,0.47650617
Montserrat,MSR,2014,0.46150318
Montserrat,MSR,2015,0.44550338
Montserrat,MSR,2016,0.429181
Montserrat,MSR,2017,0.41536033
Montserrat,MSR,2018,0.40183717
Montserrat,MSR,2019,0.38680127
Montserrat,MSR,2020,0.3742362
Montserrat,MSR,2021,0.36192578
Montserrat,MSR,2022,0.35001707
Montserrat,MSR,2023,0.338299
Morocco,MAR,1957,6.971263
Morocco,MAR,1958,6.9001403
Morocco,MAR,1959,6.83072
Morocco,MAR,1960,6.7530465
Morocco,MAR,1961,6.671381
Morocco,MAR,1962,6.580047
Morocco,MAR,1963,6.487372
Morocco,MAR,1964,6.3752775
Morocco,MAR,1965,6.2578354
Morocco,MAR,1966,6.1368685
Morocco,MAR,1967,6.0163646
Morocco,MAR,1968,5.8867583
Morocco,MAR,1969,5.7758417
Morocco,MAR,1970,5.6861467
Morocco,MAR,1971,5.607956
Morocco,MAR,1972,5.529888
Morocco,MAR,1973,5.4556026
Morocco,MAR,1974,5.377229
Morocco,MAR,1975,5.30261
Morocco,MAR,1976,5.2181525
Morocco,MAR,1977,5.1312466
Morocco,MAR,1978,5.0367785
Morocco,MAR,1979,4.932327
Morocco,MAR,1980,4.822091
Morocco,MAR,1981,4.7097845
Morocco,MAR,1982,4.586452
Morocco,MAR,1983,4.4593782
Morocco,MAR,1984,4.3325562
Morocco,MAR,1985,4.212833
Morocco,MAR,1986,4.094026
Morocco,MAR,1987,3.9779732
Morocco,MAR,1988,3.8711672
Morocco,MAR,1989,3.7715201
Morocco,MAR,1990,3.6777184
Morocco,MAR,1991,3.589641
Morocco,MAR,1992,3.504329
Morocco,MAR,1993,3.422779
Morocco,MAR,1994,3.3374183
Morocco,MAR,1995,3.251725
Morocco,MAR,1996,3.1645825
Morocco,MAR,1997,3.0761771
Morocco,MAR,1998,2.9910092
Morocco,MAR,1999,2.9140327
Morocco,MAR,2000,2.836926
Morocco,MAR,2001,2.7618082
Morocco,MAR,2002,2.691397
Morocco,MAR,2003,2.6162071
Morocco,MAR,2004,2.5356383
Morocco,MAR,2005,2.4502537
Morocco,MAR,2006,2.3608825
Morocco,MAR,2007,2.2680109
Morocco,MAR,2008,2.148231
Morocco,MAR,2009,2.0297794
Morocco,MAR,2010,1.9168732
Morocco,MAR,2011,1.809309
Morocco,MAR,2012,1.7082491
Morocco,MAR,2013,1.6139475
Morocco,MAR,2014,1.5255711
Morocco,MAR,2015,1.4423287
Morocco,MAR,2016,1.3678002
Morocco,MAR,2017,1.3003396
Morocco,MAR,2018,1.2425139
Morocco,MAR,2019,1.1898389
Morocco,MAR,2020,1.1403604
Morocco,MAR,2021,1.0971867
Morocco,MAR,2022,1.0575995
Morocco,MAR,2023,1.0180523
Mozambique,MOZ,1980,6.2826266
Mozambique,MOZ,1981,6.2944636
Mozambique,MOZ,1982,6.311604
Mozambique,MOZ,1983,6.3098435
Mozambique,MOZ,1984,6.3014607
Mozambique,MOZ,1985,6.281974
Mozambique,MOZ,1986,6.259519
Mozambique,MOZ,1987,6.228315
Mozambique,MOZ,1988,6.182052
Mozambique,MOZ,1989,6.1046023
Mozambique,MOZ,1990,6.0169854
Mozambique,MOZ,1991,5.9227543
Mozambique,MOZ,1992,5.834648
Mozambique,MOZ,1993,5.732289
Mozambique,MOZ,1994,5.6159344
Mozambique,MOZ,1995,5.472853
Mozambique,MOZ,1996,5.31451
Mozambique,MOZ,1997,5.1374683
Mozambique,MOZ,1998,4.924108
Mozambique,MOZ,1999,4.6774025
Mozambique,MOZ,2000,4.423074
Mozambique,MOZ,2001,4.1708155
Mozambique,MOZ,2002,3.937858
Mozambique,MOZ,2003,3.7261906
Mozambique,MOZ,2004,3.539168
Mozambique,MOZ,2005,3.3798463
Mozambique,MOZ,2006,3.2383769
Mozambique,MOZ,2007,3.119224
Mozambique,MOZ,2008,3.017454
Mozambique,MOZ,2009,2.9229364
Mozambique,MOZ,2010,2.8413618
Mozambique,MOZ,2011,2.774174
Mozambique,MOZ,2012,2.720676
Mozambique,MOZ,2013,2.6779366
Mozambique,MOZ,2014,2.6509745
Mozambique,MOZ,2015,2.6420474
Mozambique,MOZ,2016,2.6395798
Mozambique,MOZ,2017,2.645236
Mozambique,MOZ,2018,2.647403
Mozambique,MOZ,2019,2.6424918
Mozambique,MOZ,2020,2.6317725
Mozambique,MOZ,2021,2.6068625
Mozambique,MOZ,2022,2.5768793
Mozambique,MOZ,2023,2.5410743
Myanmar,MMR,1989,4.8467445
Myanmar,MMR,1990,4.773031
Myanmar,MMR,1991,4.6850586
Myanmar,MMR,1992,4.5941315
Myanmar,MMR,1993,4.488928
Myanmar,MMR,1994,4.381104
Myanmar,MMR,1995,4.2739615
Myanmar,MMR,1996,4.172774
Myanmar,MMR,1997,4.067917
Myanmar,MMR,1998,3.9643147
Myanmar,MMR,1999,3.8587122
Myanmar,MMR,2000,3.7582448
Myanmar,MMR,2001,3.656237
Myanmar,MMR,2002,3.556916
Myanmar,MMR,2003,3.4561446
Myanmar,MMR,2004,3.3589323
Myanmar,MMR,2005,3.2641847
Myanmar,MMR,2006,3.174797
Myanmar,MMR,2007,3.0846736
Myanmar,MMR,2008,3.054827
Myanmar,MMR,2009,2.9209824
Myanmar,MMR,2010,2.8430226
Myanmar,MMR,2011,2.7719574
Myanmar,MMR,2012,2.7016876
Myanmar,MMR,2013,2.6313903
Myanmar,MMR,2014,2.5643559
Myanmar,MMR,2015,2.499372
Myanmar,MMR,2016,2.4328628
Myanmar,MMR,2017,2.3728967
Myanmar,MMR,2018,2.3178258
Myanmar,MMR,2019,2.262001
Myanmar,MMR,2020,2.2099898
Myanmar,MMR,2021,2.159481
Myanmar,MMR,2022,2.1062257
Myanmar,MMR,2023,2.0593483
Namibia,NAM,1969,2.999092
Namibia,NAM,1970,3.0313215
Namibia,NAM,1971,3.0750577
Namibia,NAM,1972,3.1308587
Namibia,NAM,1973,3.1919465
Namibia,NAM,1974,3.2378776
Namibia,NAM,1975,3.2777798
Namibia,NAM,1976,3.3033779
Namibia,NAM,1977,3.3067994
Namibia,NAM,1978,3.3032389
Namibia,NAM,1979,3.3001194
Namibia,NAM,1980,3.2974455
Namibia,NAM,1981,3.2877147
Namibia,NAM,1982,3.272686
Namibia,NAM,1983,3.2401001
Namibia,NAM,1984,3.1972005
Namibia,NAM,1985,3.132764
Namibia,NAM,1986,3.0623703
Namibia,NAM,1987,3.0048494
Namibia,NAM,1988,2.9660175
Namibia,NAM,1989,2.9425066
Namibia,NAM,1990,2.936331
Namibia,NAM,1991,2.9376233
Namibia,NAM,1992,2.9306686
Namibia,NAM,1993,2.9084778
Namibia,NAM,1994,2.87733
Namibia,NAM,1995,2.83192
Namibia,NAM,1996,2.751632
Namibia,NAM,1997,2.6203418
Namibia,NAM,1998,2.4429922
Namibia,NAM,1999,2.2642274
Namibia,NAM,2000,2.0858715
Namibia,NAM,2001,1.9250854
Namibia,NAM,2002,1.7946521
Namibia,NAM,2003,1.7051865
Namibia,NAM,2004,1.6631407
Namibia,NAM,2005,1.6751903
Namibia,NAM,2006,1.72747
Namibia,NAM,2007,1.8106899
Namibia,NAM,2008,1.9132458
Namibia,NAM,2009,2.0415323
Namibia,NAM,2010,2.181565
Namibia,NAM,2011,2.3297932
Namibia,NAM,2012,2.4649518
Namibia,NAM,2013,2.5800393
Namibia,NAM,2014,2.6765943
Namibia,NAM,2015,2.7477834
Namibia,NAM,2016,2.783049
Namibia,NAM,2017,2.7937946
Namibia,NAM,2018,2.769034
Namibia,NAM,2019,2.7275355
Namibia,NAM,2020,2.6585429
Namibia,NAM,2021,2.580239
Namibia,NAM,2022,2.5001235
Namibia,NAM,2023,2.4101145
Nauru,NRU,1989,3.328829
Nauru,NRU,1990,3.2341816
Nauru,NRU,1991,3.140589
Nauru,NRU,1992,3.0437913
Nauru,NRU,1993,2.957993
Nauru,NRU,1994,2.865169
Nauru,NRU,1995,2.7804394
Nauru,NRU,1996,2.7003293
Nauru,NRU,1997,2.6239748
Nauru,NRU,1998,2.549267
Nauru,NRU,1999,2.4818172
Nauru,NRU,2000,2.4269097
Nauru,NRU,2001,2.3748958
Nauru,NRU,2002,2.3335092
Nauru,NRU,2003,2.2900727
Nauru,NRU,2004,2.2303731
Nauru,NRU,2005,2.1618588
Nauru,NRU,2006,2.0811188
Nauru,NRU,2007,1.9846307
Nauru,NRU,2008,1.8748107
Nauru,NRU,2009,1.751289
Nauru,NRU,2010,1.6153944
Nauru,NRU,2011,1.4684212
Nauru,NRU,2012,1.3236436
Nauru,NRU,2013,1.182579
Nauru,NRU,2014,1.0533
Nauru,NRU,2015,0.9422111
Nauru,NRU,2016,0.84681153
Nauru,NRU,2017,0.7712016
Nauru,NRU,2018,0.7072492
Nauru,NRU,2019,0.6507836
Nauru,NRU,2020,0.59709656
Nauru,NRU,2021,0.55160713
Nauru,NRU,2022,0.5132684
Nauru,NRU,2023,0.48079175
Nepal,NPL,1953,9.946456
Nepal,NPL,1954,9.931961
Nepal,NPL,1955,9.911194
Nepal,NPL,1956,9.905121
Nepal,NPL,1957,9.885261
Nepal,NPL,1958,9.854285
Nepal,NPL,1959,9.824632
Nepal,NPL,1960,9.777992
Nepal,NPL,1961,9.72191
Nepal,NPL,1962,9.649205
Nepal,NPL,1963,9.561339
Nepal,NPL,1964,9.456576
Nepal,NPL,1965,9.347073
Nepal,NPL,1966,9.234609
Nepal,NPL,1967,9.121986
Nepal,NPL,1968,9.00832
Nepal,NPL,1969,8.891907
Nepal,NPL,1970,8.780397
Nepal,NPL,1971,8.673352
Nepal,NPL,1972,8.574749
Nepal,NPL,1973,8.469771
Nepal,NPL,1974,8.36197
Nepal,NPL,1975,8.247693
Nepal,NPL,1976,8.136248
Nepal,NPL,1977,8.011338
Nepal,NPL,1978,7.879067
Nepal,NPL,1979,7.7329936
Nepal,NPL,1980,7.5831857
Nepal,NPL,1981,7.4211073
Nepal,NPL,1982,7.2543864
Nepal,NPL,1983,7.0901904
Nepal,NPL,1984,6.9247813
Nepal,NPL,1985,6.76399
Nepal,NPL,1986,6.590567
Nepal,NPL,1987,6.4097414
Nepal,NPL,1988,6.218253
Nepal,NPL,1989,6.0171723
Nepal,NPL,1990,5.813039
Nepal,NPL,1991,5.6079464
Nepal,NPL,1992,5.4031444
Nepal,NPL,1993,5.2069283
Nepal,NPL,1994,5.0189834
Nepal,NPL,1995,4.8365593
Nepal,NPL,1996,4.655234
Nepal,NPL,1997,4.484497
Nepal,NPL,1998,4.3149767
Nepal,NPL,1999,4.15346
Nepal,NPL,2000,3.9951594
Nepal,NPL,2001,3.847058
Nepal,NPL,2002,3.704847
Nepal,NPL,2003,3.5708227
Nepal,NPL,2004,3.445165
Nepal,NPL,2005,3.3280969
Nepal,NPL,2006,3.2198455
Nepal,NPL,2007,3.1153529
Nepal,NPL,2008,3.014329
Nepal,NPL,2009,2.9132671
Nepal,NPL,2010,2.811709
Nepal,NPL,2011,2.710404
Nepal,NPL,2012,2.6110916
Nepal,NPL,2013,2.5145435
Nepal,NPL,2014,2.4238014
Nepal,NPL,2015,2.3374853
Nepal,NPL,2016,2.2448308
Nepal,NPL,2017,2.140825
Nepal,NPL,2018,2.042219
Nepal,NPL,2019,1.9511725
Nepal,NPL,2020,1.8683088
Nepal,NPL,2021,1.7908404
Nepal,NPL,2022,1.7220873
Nepal,NPL,2023,1.6578003
Netherlands,NLD,1960,1.3447616
Netherlands,NLD,1961,1.302359
Netherlands,NLD,1962,1.2573566
Netherlands,NLD,1963,1.209289
Netherlands,NLD,1964,1.1654054
Netherlands,NLD,1965,1.1319675
Netherlands,NLD,1966,1.1030418
Netherlands,NLD,1967,1.0676332
Netherlands,NLD,1968,1.0228047
Netherlands,NLD,1969,0.9785113
Netherlands,NLD,1970,0.9440083
Netherlands,NLD,1971,0.9159882
Netherlands,NLD,1972,0.8846966
Netherlands,NLD,1973,0.84651715
Netherlands,NLD,1974,0.8051817
Netherlands,NLD,1975,0.7644951
Netherlands,NLD,1976,0.7248086
Netherlands,NLD,1977,0.6840478
Netherlands,NLD,1978,0.6428646
Netherlands,NLD,1979,0.6053262
Netherlands,NLD,1980,0.5745914
Netherlands,NLD,1981,0.55057484
Netherlands,NLD,1982,0.5315251
Netherlands,NLD,1983,0.5159673
Netherlands,NLD,1984,0.503022
Netherlands,NLD,1985,0.49277014
Netherlands,NLD,1986,0.484367
Netherlands,NLD,1987,0.47780055
Netherlands,NLD,1988,0.4723097
Netherlands,NLD,1989,0.4672789
Netherlands,NLD,1990,0.46174008
Netherlands,NLD,1991,0.4535087
Netherlands,NLD,1992,0.44013032
Netherlands,NLD,1993,0.42154396
Netherlands,NLD,1994,0.40079907
Netherlands,NLD,1995,0.38132212
Netherlands,NLD,1996,0.3677654
Netherlands,NLD,1997,0.36487728
Netherlands,NLD,1998,0.37239063
Netherlands,NLD,1999,0.3813635
Netherlands,NLD,2000,0.3832744
Netherlands,NLD,2001,0.37829435
Netherlands,NLD,2002,0.3708439
Netherlands,NLD,2003,0.3631613
Netherlands,NLD,2004,0.35421675
Netherlands,NLD,2005,0.34309697
Netherlands,NLD,2006,0.32987705
Netherlands,NLD,2007,0.3153501
Netherlands,NLD,2008,0.30061463
Netherlands,NLD,2009,0.28775615
Netherlands,NLD,2010,0.2785942
Netherlands,NLD,2011,0.27297023
Netherlands,NLD,2012,0.26942948
Netherlands,NLD,2013,0.26696017
Netherlands,NLD,2014,0.26514718
Netherlands,NLD,2015,0.2636068
Netherlands,NLD,2016,0.26250982
Netherlands,NLD,2017,0.2620428
Netherlands,NLD,2018,0.2621947
Netherlands,NLD,2019,0.2624969
Netherlands,NLD,2020,0.26251057
Netherlands,NLD,2021,0.2619536
Netherlands,NLD,2022,0.26118365
Netherlands,NLD,2023,0.26008666
New Zealand,NZL,1968,1.1116374
New Zealand,NZL,1969,1.0849136
New Zealand,NZL,1970,1.0626264
New Zealand,NZL,1971,1.0406955
New Zealand,NZL,1972,1.0156164
New Zealand,NZL,1973,0.98287123
New Zealand,NZL,1974,0.9428287
New Zealand,NZL,1975,0.89584774
New Zealand,NZL,1976,0.84291697
New Zealand,NZL,1977,0.7876134
New Zealand,NZL,1978,0.73275477
New Zealand,NZL,1979,0.68118316
New Zealand,NZL,1980,0.63439673
New Zealand,NZL,1981,0.59386647
New Zealand,NZL,1982,0.5590547
New Zealand,NZL,1983,0.53030974
New Zealand,NZL,1984,0.5062542
New Zealand,NZL,1985,0.48625866
New Zealand,NZL,1986,0.4704314
New Zealand,NZL,1987,0.45816842
New Zealand,NZL,1988,0.44889808
New Zealand,NZL,1989,0.44115412
New Zealand,NZL,1990,0.43304405
New Zealand,NZL,1991,0.42178327
New Zealand,NZL,1992,0.40427938
New Zealand,NZL,1993,0.38194558
New Zealand,NZL,1994,0.36222917
New Zealand,NZL,1995,0.3516985
New Zealand,NZL,1996,0.34865755
New Zealand,NZL,1997,0.3489627
New Zealand,NZL,1998,0.34980714
New Zealand,NZL,1999,0.35057902
New Zealand,NZL,2000,0.35043746
New Zealand,NZL,2001,0.34871548
New Zealand,NZL,2002,0.34514463
New Zealand,NZL,2003,0.3383079
New Zealand,NZL,2004,0.32730258
New Zealand,NZL,2005,0.31227648
New Zealand,NZL,2006,0.2980554
New Zealand,NZL,2007,0.291443
New Zealand,NZL,2008,0.29569232
New Zealand,NZL,2009,0.306421
New Zealand,NZL,2010,0.31785163
New Zealand,NZL,2011,0.32755497
New Zealand,NZL,2012,0.33318847
New Zealand,NZL,2013,0.33394542
New Zealand,NZL,2014,0.33001757
New Zealand,NZL,2015,0.32250473
New Zealand,NZL,2016,0.31311667
New Zealand,NZL,2017,0.3050066
New Zealand,NZL,2018,0.2990933
New Zealand,NZL,2019,0.29413858
New Zealand,NZL,2020,0.28887925
New Zealand,NZL,2021,0.28338638
New Zealand,NZL,2022,0.27713832
New Zealand,NZL,2023,0.27042076
Nicaragua,NIC,1974,3.9095056
Nicaragua,NIC,1975,3.7947388
Nicaragua,NIC,1976,3.6675193
Nicaragua,NIC,1977,3.53043
Nicaragua,NIC,1978,3.3911157
Nicaragua,NIC,1979,3.2508893
Nicaragua,NIC,1980,3.1213672
Nicaragua,NIC,1981,3.0098987
Nicaragua,NIC,1982,2.9186351
Nicaragua,NIC,1983,2.8386297
Nicaragua,NIC,1984,2.7567747
Nicaragua,NIC,1985,2.6730604
Nicaragua,NIC,1986,2.590076
Nicaragua,NIC,1987,2.5111089
Nicaragua,NIC,1988,2.4324791
Nicaragua,NIC,1989,2.3533683
Nicaragua,NIC,1990,2.275093
Nicaragua,NIC,1991,2.2056358
Nicaragua,NIC,1992,2.1440296
Nicaragua,NIC,1993,2.0810187
Nicaragua,NIC,1994,2.0200827
Nicaragua,NIC,1995,1.9573423
Nicaragua,NIC,1996,1.8928186
Nicaragua,NIC,1997,1.8286972
Nicaragua,NIC,1998,1.7803171
Nicaragua,NIC,1999,1.7110027
Nicaragua,NIC,2000,1.6583177
Nicaragua,NIC,2001,1.598652
Nicaragua,NIC,2002,1.5274761
Nicaragua,NIC,2003,1.4690937
Nicaragua,NIC,2004,1.4203936
Nicaragua,NIC,2005,1.3833299
Nicaragua,NIC,2006,1.3525096
Nicaragua,NIC,2007,1.3259135
Nicaragua,NIC,2008,1.3007684
Nicaragua,NIC,2009,1.2752025
Nicaragua,NIC,2010,1.2504427
Nicaragua,NIC,2011,1.2251208
Nicaragua,NIC,2012,1.1994922
Nicaragua,NIC,2013,1.1686025
Nicaragua,NIC,2014,1.1293987
Nicaragua,NIC,2015,1.0859965
Nicaragua,NIC,2016,1.0419887
Nicaragua,NIC,2017,1.0035253
Nicaragua,NIC,2018,0.9757163
Nicaragua,NIC,2019,0.96400607
Nicaragua,NIC,2020,0.9550164
Nicaragua,NIC,2021,0.9313346
Nicaragua,NIC,2022,0.8886171
Nicaragua,NIC,2023,0.84098625
Niger,NER,1969,5.98136
Niger,NER,1970,6.03524
Niger,NER,1971,6.0924406
Niger,NER,1972,6.13945
Niger,NER,1973,6.17644
Niger,NER,1974,6.1875434
Niger,NER,1975,6.1479077
Niger,NER,1976,6.071252
Niger,NER,1977,5.9685636
Niger,NER,1978,5.858662
Niger,NER,1979,5.772475
Niger,NER,1980,5.709664
Niger,NER,1981,5.6862283
Niger,NER,1982,5.691669
Niger,NER,1983,5.7099414
Niger,NER,1984,5.7298937
Niger,NER,1985,5.7369747
Niger,NER,1986,5.7338476
Niger,NER,1987,5.7055497
Niger,NER,1988,5.6618276
Niger,NER,1989,5.5958524
Niger,NER,1990,5.5190268
Niger,NER,1991,5.4317093
Niger,NER,1992,5.3355727
Niger,NER,1993,5.220694
Niger,NER,1994,5.1093044
Niger,NER,1995,4.9975595
Niger,NER,1996,4.8897
Niger,NER,1997,4.7815833
Niger,NER,1998,4.6707125
Niger,NER,1999,4.5460277
Niger,NER,2000,4.413989
Niger,NER,2001,4.2747464
Niger,NER,2002,4.13619
Niger,NER,2003,4.006607
Niger,NER,2004,3.89013
Niger,NER,2005,3.789271
Niger,NER,2006,3.700236
Niger,NER,2007,3.6257544
Niger,NER,2008,3.561685
Niger,NER,2009,3.5122852
Niger,NER,2010,3.479815
Niger,NER,2011,3.4625375
Niger,NER,2012,3.4625263
Niger,NER,2013,3.4628253
Niger,NER,2014,3.4732397
Niger,NER,2015,3.4800332
Niger,NER,2016,3.4872549
Niger,NER,2017,3.491644
Niger,NER,2018,3.4922154
Niger,NER,2019,3.4878964
Niger,NER,2020,3.4746442
Niger,NER,2021,3.4488616
Niger,NER,2022,3.4148302
Niger,NER,2023,3.3774335
Nigeria,NGA,1967,6.9620934
Nigeria,NGA,1968,6.860268
Nigeria,NGA,1969,6.7509794
Nigeria,NGA,1970,6.624881
Nigeria,NGA,1971,6.4979863
Nigeria,NGA,1972,6.3731275
Nigeria,NGA,1973,6.2417283
Nigeria,NGA,1974,6.11114
Nigeria,NGA,1975,5.97431
Nigeria,NGA,1976,5.8405094
Nigeria,NGA,1977,5.705168
Nigeria,NGA,1978,5.57494
Nigeria,NGA,1979,5.4521604
Nigeria,NGA,1980,5.341054
Nigeria,NGA,1981,5.2377496
Nigeria,NGA,1982,5.1574044
Nigeria,NGA,1983,5.08829
Nigeria,NGA,1984,5.0331674
Nigeria,NGA,1985,4.9983625
Nigeria,NGA,1986,4.977072
Nigeria,NGA,1987,4.971752
Nigeria,NGA,1988,4.975541
Nigeria,NGA,1989,4.979969
Nigeria,NGA,1990,4.9849734
Nigeria,NGA,1991,4.9935293
Nigeria,NGA,1992,4.9995604
Nigeria,NGA,1993,5.000042
Nigeria,NGA,1994,4.9932904
Nigeria,NGA,1995,4.9710264
Nigeria,NGA,1996,4.936575
Nigeria,NGA,1997,4.886014
Nigeria,NGA,1998,4.8183794
Nigeria,NGA,1999,4.7340183
Nigeria,NGA,2000,4.6344767
Nigeria,NGA,2001,4.5256824
Nigeria,NGA,2002,4.4076133
Nigeria,NGA,2003,4.292241
Nigeria,NGA,2004,4.183039
Nigeria,NGA,2005,4.0867243
Nigeria,NGA,2006,4.0048046
Nigeria,NGA,2007,3.9395928
Nigeria,NGA,2008,3.8865843
Nigeria,NGA,2009,3.8408165
Nigeria,NGA,2010,3.8056614
Nigeria,NGA,2011,3.777174
Nigeria,NGA,2012,3.7592237
Nigeria,NGA,2013,3.7422388
Nigeria,NGA,2014,3.7322276
Nigeria,NGA,2015,3.7140048
Nigeria,NGA,2016,3.6940618
Nigeria,NGA,2017,3.6716821
Nigeria,NGA,2018,3.632249
Nigeria,NGA,2019,3.5839767
Nigeria,NGA,2020,3.537033
Nigeria,NGA,2021,3.489764
Nigeria,NGA,2022,3.4301298
Nigeria,NGA,2023,3.3699322
Niue,NIU,1989,1.3595026
Niue,NIU,1990,1.3744624
Niue,NIU,1991,1.3905485
Niue,NIU,1992,1.4107991
Niue,NIU,1993,1.4379455
Niue,NIU,1994,1.471512
Niue,NIU,1995,1.5121773
Niue,NIU,1996,1.5574839
Niue,NIU,1997,1.6058863
Niue,NIU,1998,1.6561011
Niue,NIU,1999,1.7031428
Niue,NIU,2000,1.7518604
Niue,NIU,2001,1.8005755
Niue,NIU,2002,1.8475244
Niue,NIU,2003,1.8927567
Niue,NIU,2004,1.9367914
Niue,NIU,2005,1.9665195
Niue,NIU,2006,1.9735583
Niue,NIU,2007,1.9736843
Niue,NIU,2008,1.9592347
Niue,NIU,2009,1.9282888
Niue,NIU,2010,1.8910997
Niue,NIU,2011,1.8485737
Niue,NIU,2012,1.7998861
Niue,NIU,2013,1.7475107
Niue,NIU,2014,1.6986704
Niue,NIU,2015,1.6480641
Niue,NIU,2016,1.5891625
Niue,NIU,2017,1.5432328
Niue,NIU,2018,1.4937422
Niue,NIU,2019,1.4470143
Niue,NIU,2020,1.3962197
Niue,NIU,2021,1.3557512
Niue,NIU,2022,1.3110557
Niue,NIU,2023,1.2634338
North America,OWID_NAM,1968,2.3796709
North America,OWID_NAM,1969,2.263381
North America,OWID_NAM,1970,2.2064776
North America,OWID_NAM,1971,2.1354594
North America,OWID_NAM,1972,2.0662777
North America,OWID_NAM,1973,1.978006
North America,OWID_NAM,1974,1.912119
North America,OWID_NAM,1975,1.8342031
North America,OWID_NAM,1976,1.75631
North America,OWID_NAM,1977,1.6759912
North America,OWID_NAM,1978,1.6012502
North America,OWID_NAM,1979,1.5369366
North America,OWID_NAM,1980,1.4814163
North America,OWID_NAM,1981,1.4319253
North America,OWID_NAM,1982,1.3872902
North America,OWID_NAM,1983,1.344971
North America,OWID_NAM,1984,1.3071711
North America,OWID_NAM,1985,1.2879766
North America,OWID_NAM,1986,1.2524328
North America,OWID_NAM,1987,1.216619
North America,OWID_NAM,1988,1.17959
North America,OWID_NAM,1989,1.1434321
North America,OWID_NAM,1990,1.1082871
North America,OWID_NAM,1991,1.0762894
North America,OWID_NAM,1992,1.0475084
North America,OWID_NAM,1993,1.0213002
North America,OWID_NAM,1994,0.99555844
North America,OWID_NAM,1995,0.9677631
North America,OWID_NAM,1996,0.93873197
North America,OWID_NAM,1997,0.9106926
North America,OWID_NAM,1998,0.8848645
North America,OWID_NAM,1999,0.8582654
North America,OWID_NAM,2000,0.8329409
North America,OWID_NAM,2001,0.80865425
North America,OWID_NAM,2002,0.78486544
North America,OWID_NAM,2003,0.7619046
North America,OWID_NAM,2004,0.7387591
North America,OWID_NAM,2005,0.7171644
North America,OWID_NAM,2006,0.700638
North America,OWID_NAM,2007,0.69010365
North America,OWID_NAM,2008,0.6824349
North America,OWID_NAM,2009,0.67451406
North America,OWID_NAM,2010,0.66763353
North America,OWID_NAM,2011,0.6572459
North America,OWID_NAM,2012,0.64923143
North America,OWID_NAM,2013,0.6406463
North America,OWID_NAM,2014,0.63072133
North America,OWID_NAM,2015,0.62162095
North America,OWID_NAM,2016,0.6167888
North America,OWID_NAM,2017,0.6160648
North America,OWID_NAM,2018,0.61438966
North America,OWID_NAM,2019,0.6073587
North America,OWID_NAM,2020,0.5954736
North America,OWID_NAM,2021,0.58195573
North America,OWID_NAM,2022,0.5671516
North America,OWID_NAM,2023,0.5532583
North Korea,PRK,1989,2.0850961
North Korea,PRK,1990,2.1254516
North Korea,PRK,1991,2.1622198
North Korea,PRK,1992,2.185224
North Korea,PRK,1993,2.1923282
North Korea,PRK,1994,2.1841595
North Korea,PRK,1995,3.9143252
North Korea,PRK,1996,3.8770342
North Korea,PRK,1997,3.8463585
North Korea,PRK,1998,3.814345
North Korea,PRK,1999,3.7887175
North Korea,PRK,2000,3.7477496
North Korea,PRK,2001,3.715651
North Korea,PRK,2002,3.6909168
North Korea,PRK,2003,1.8555624
North Korea,PRK,2004,1.8181887
North Korea,PRK,2005,1.7917897
North Korea,PRK,2006,1.7591757
North Korea,PRK,2007,1.7379425
North Korea,PRK,2008,1.6668465
North Korea,PRK,2009,1.6069144
North Korea,PRK,2010,1.5352607
North Korea,PRK,2011,1.4572858
North Korea,PRK,2012,1.376257
North Korea,PRK,2013,1.2882984
North Korea,PRK,2014,1.2088772
North Korea,PRK,2015,1.1399349
North Korea,PRK,2016,1.100028
North Korea,PRK,2017,1.0219657
North Korea,PRK,2018,0.984844
North Korea,PRK,2019,0.94767994
North Korea,PRK,2020,0.932532
North Korea,PRK,2021,0.9333281
North Korea,PRK,2022,0.94799703
North Korea,PRK,2023,0.96308875
North Macedonia,MKD,1982,2.0759041
North Macedonia,MKD,1983,1.9853303
North Macedonia,MKD,1984,1.9728808
North Macedonia,MKD,1985,2.0165246
North Macedonia,MKD,1986,2.0279493
North Macedonia,MKD,1987,1.954985
North Macedonia,MKD,1988,1.8551884
North Macedonia,MKD,1989,1.795858
North Macedonia,MKD,1990,1.7563348
North Macedonia,MKD,1991,1.660289
North Macedonia,MKD,1992,1.5486438
North Macedonia,MKD,1993,1.4479346
North Macedonia,MKD,1994,1.3567024
North Macedonia,MKD,1995,1.2492316
North Macedonia,MKD,1996,1.1477084
North Macedonia,MKD,1997,1.0869503
North Macedonia,MKD,1998,1.0517818
North Macedonia,MKD,1999,0.99191105
North Macedonia,MKD,2000,0.9032368
North Macedonia,MKD,2001,0.8312456
North Macedonia,MKD,2002,0.81020015
North Macedonia,MKD,2003,0.8307648
North Macedonia,MKD,2004,0.8663668
North Macedonia,MKD,2005,0.88277656
North Macedonia,MKD,2006,0.868217
North Macedonia,MKD,2007,0.8309795
North Macedonia,MKD,2008,0.7827868
North Macedonia,MKD,2009,0.7281866
North Macedonia,MKD,2010,0.6790188
North Macedonia,MKD,2011,0.65745455
North Macedonia,MKD,2012,0.67873186
North Macedonia,MKD,2013,0.7325078
North Macedonia,MKD,2014,0.7917404
North Macedonia,MKD,2015,0.82214683
North Macedonia,MKD,2016,0.79069024
North Macedonia,MKD,2017,0.68861794
North Macedonia,MKD,2018,0.55701095
North Macedonia,MKD,2019,0.43763945
North Macedonia,MKD,2020,0.34172466
North Macedonia,MKD,2021,0.26067126
North Macedonia,MKD,2022,0.19194569
North Macedonia,MKD,2023,0.14096782
Norway,NOR,1960,1.1999483
Norway,NOR,1961,1.2030083
Norway,NOR,1962,1.2031322
Norway,NOR,1963,1.1918811
Norway,NOR,1964,1.1702988
Norway,NOR,1965,1.1402932
Norway,NOR,1966,1.105589
Norway,NOR,1967,1.0719792
Norway,NOR,1968,1.0399364
Norway,NOR,1969,1.0084188
Norway,NOR,1970,0.9740088
Norway,NOR,1971,0.93407375
Norway,NOR,1972,0.88656116
Norway,NOR,1973,0.8313158
Norway,NOR,1974,0.77376765
Norway,NOR,1975,0.7195585
Norway,NOR,1976,0.6694494
Norway,NOR,1977,0.6209258
Norway,NOR,1978,0.57542086
Norway,NOR,1979,0.5362817
Norway,NOR,1980,0.5051517
Norway,NOR,1981,0.48287258
Norway,NOR,1982,0.4683574
Norway,NOR,1983,0.460195
Norway,NOR,1984,0.45626247
Norway,NOR,1985,0.4542709
Norway,NOR,1986,0.45120725
Norway,NOR,1987,0.4429819
Norway,NOR,1988,0.4291068
Norway,NOR,1989,0.412215
Norway,NOR,1990,0.396751
Norway,NOR,1991,0.38060465
Norway,NOR,1992,0.3628016
Norway,NOR,1993,0.34343827
Norway,NOR,1994,0.32414654
Norway,NOR,1995,0.30663285
Norway,NOR,1996,0.29234585
Norway,NOR,1997,0.2827357
Norway,NOR,1998,0.27734977
Norway,NOR,1999,0.27330443
Norway,NOR,2000,0.2683403
Norway,NOR,2001,0.2611942
Norway,NOR,2002,0.25271508
Norway,NOR,2003,0.24361591
Norway,NOR,2004,0.23458247
Norway,NOR,2005,0.22663796
Norway,NOR,2006,0.21934104
Norway,NOR,2007,0.2116194
Norway,NOR,2008,0.20321502
Norway,NOR,2009,0.19465633
Norway,NOR,2010,0.18699646
Norway,NOR,2011,0.18017066
Norway,NOR,2012,0.1741748
Norway,NOR,2013,0.16862822
Norway,NOR,2014,0.16342118
Norway,NOR,2015,0.15805332
Norway,NOR,2016,0.15278214
Norway,NOR,2017,0.14765123
Norway,NOR,2018,0.14295141
Norway,NOR,2019,0.13912755
Norway,NOR,2020,0.13607061
Norway,NOR,2021,0.13392983
Norway,NOR,2022,0.13233598
Norway,NOR,2023,0.13113905
Oceania,OWID_OCE,1974,1.5342569
Oceania,OWID_OCE,1975,1.4645921
Oceania,OWID_OCE,1976,1.388866
Oceania,OWID_OCE,1977,1.3140241
Oceania,OWID_OCE,1978,1.2446184
Oceania,OWID_OCE,1979,1.1838611
Oceania,OWID_OCE,1980,1.1339656
Oceania,OWID_OCE,1981,1.0938689
Oceania,OWID_OCE,1982,1.0609498
Oceania,OWID_OCE,1983,1.033479
Oceania,OWID_OCE,1984,1.0096912
Oceania,OWID_OCE,1985,0.9867678
Oceania,OWID_OCE,1986,0.96467257
Oceania,OWID_OCE,1987,0.94372934
Oceania,OWID_OCE,1988,0.9242225
Oceania,OWID_OCE,1989,0.95687526
Oceania,OWID_OCE,1990,0.94326186
Oceania,OWID_OCE,1991,0.93455744
Oceania,OWID_OCE,1992,0.92651683
Oceania,OWID_OCE,1993,0.9175844
Oceania,OWID_OCE,1994,0.90975547
Oceania,OWID_OCE,1995,0.90410686
Oceania,OWID_OCE,1996,0.902114
Oceania,OWID_OCE,1997,0.90210885
Oceania,OWID_OCE,1998,0.9029606
Oceania,OWID_OCE,1999,0.90216833
Oceania,OWID_OCE,2000,0.90010315
Oceania,OWID_OCE,2001,0.89645714
Oceania,OWID_OCE,2002,0.8919027
Oceania,OWID_OCE,2003,0.8873599
Oceania,OWID_OCE,2004,0.8835821
Oceania,OWID_OCE,2005,0.8786674
Oceania,OWID_OCE,2006,0.87271845
Oceania,OWID_OCE,2007,0.8642139
Oceania,OWID_OCE,2008,0.8535334
Oceania,OWID_OCE,2009,0.8411343
Oceania,OWID_OCE,2010,0.8285238
Oceania,OWID_OCE,2011,0.8161074
Oceania,OWID_OCE,2012,0.8038832
Oceania,OWID_OCE,2013,0.7925154
Oceania,OWID_OCE,2014,0.78239185
Oceania,OWID_OCE,2015,0.7737124
Oceania,OWID_OCE,2016,0.76583934
Oceania,OWID_OCE,2017,0.75902236
Oceania,OWID_OCE,2018,0.753103
Oceania,OWID_OCE,2019,0.7457525
Oceania,OWID_OCE,2020,0.7386566
Oceania,OWID_OCE,2021,0.73158056
Oceania,OWID_OCE,2022,0.723435
Oceania,OWID_OCE,2023,0.71233845
Oman,OMN,1971,5.170992
Oman,OMN,1972,5.010783
Oman,OMN,1973,4.832786
Oman,OMN,1974,4.6572585
Oman,OMN,1975,4.478929
Oman,OMN,1976,4.291411
Oman,OMN,1977,4.098982
Oman,OMN,1978,3.8914924
Oman,OMN,1979,3.6788511
Oman,OMN,1980,3.4620533
Oman,OMN,1981,3.2378893
Oman,OMN,1982,3.0195706
Oman,OMN,1983,2.8048098
Oman,OMN,1984,2.6057785
Oman,OMN,1985,2.4316342
Oman,OMN,1986,2.2752473
Oman,OMN,1987,2.1353471
Oman,OMN,1988,2.0047522
Oman,OMN,1989,1.8811176
Oman,OMN,1990,1.7578229
Oman,OMN,1991,1.6154557
Oman,OMN,1992,1.450949
Oman,OMN,1993,1.3067948
Oman,OMN,1994,1.1855826
Oman,OMN,1995,1.082844
Oman,OMN,1996,0.9949275
Oman,OMN,1997,0.9178325
Oman,OMN,1998,0.8509628
Oman,OMN,1999,0.79178035
Oman,OMN,2000,0.7373148
Oman,OMN,2001,0.6916193
Oman,OMN,2002,0.6539695
Oman,OMN,2003,0.62152493
Oman,OMN,2004,0.5973386
Oman,OMN,2005,0.578235
Oman,OMN,2006,0.56380224
Oman,OMN,2007,0.5534778
Oman,OMN,2008,0.54485816
Oman,OMN,2009,0.53819066
Oman,OMN,2010,0.53290784
Oman,OMN,2011,0.5269725
Oman,OMN,2012,0.5206297
Oman,OMN,2013,0.51457006
Oman,OMN,2014,0.510645
Oman,OMN,2015,0.5083727
Oman,OMN,2016,0.5055299
Oman,OMN,2017,0.5017672
Oman,OMN,2018,0.49692166
Oman,OMN,2019,0.4911498
Oman,OMN,2020,0.48592246
Oman,OMN,2021,0.48187125
Oman,OMN,2022,0.47702247
Oman,OMN,2023,0.47047803
Pakistan,PAK,1952,10.27803
Pakistan,PAK,1953,10.05193
Pakistan,PAK,1954,9.84179
Pakistan,PAK,1955,9.632145
Pakistan,PAK,1956,9.431824
Pakistan,PAK,1957,9.234843
Pakistan,PAK,1958,9.041493
Pakistan,PAK,1959,8.859573
Pakistan,PAK,1960,8.687986
Pakistan,PAK,1961,8.523259
Pakistan,PAK,1962,8.364378
Pakistan,PAK,1963,8.219852
Pakistan,PAK,1964,8.080395
Pakistan,PAK,1965,7.958129
Pakistan,PAK,1966,7.8482466
Pakistan,PAK,1967,7.752414
Pakistan,PAK,1968,7.6713614
Pakistan,PAK,1969,7.598374
Pakistan,PAK,1970,7.5239005
Pakistan,PAK,1971,7.4619136
Pakistan,PAK,1972,7.406788
Pakistan,PAK,1973,7.357674
Pakistan,PAK,1974,7.3127704
Pakistan,PAK,1975,7.2771583
Pakistan,PAK,1976,7.237782
Pakistan,PAK,1977,7.1988397
Pakistan,PAK,1978,7.155453
Pakistan,PAK,1979,7.108783
Pakistan,PAK,1980,7.0504665
Pakistan,PAK,1981,6.9826794
Pakistan,PAK,1982,6.909772
Pakistan,PAK,1983,6.826531
Pakistan,PAK,1984,6.732731
Pakistan,PAK,1985,6.645659
Pakistan,PAK,1986,6.573618
Pakistan,PAK,1987,6.52079
Pakistan,PAK,1988,6.4794335
Pakistan,PAK,1989,6.4513073
Pakistan,PAK,1990,6.4303827
Pakistan,PAK,1991,6.4024544
Pakistan,PAK,1992,6.3706093
Pakistan,PAK,1993,6.325994
Pakistan,PAK,1994,6.261748
Pakistan,PAK,1995,6.183608
Pakistan,PAK,1996,6.1010838
Pakistan,PAK,1997,6.0092845
Pakistan,PAK,1998,5.90753
Pakistan,PAK,1999,5.803314
Pakistan,PAK,2000,5.6998487
Pakistan,PAK,2001,5.6018763
Pakistan,PAK,2002,5.512796
Pakistan,PAK,2003,5.4322114
Pakistan,PAK,2004,5.355492
Pakistan,PAK,2005,5.2856865
Pakistan,PAK,2006,5.223305
Pakistan,PAK,2007,5.1672482
Pakistan,PAK,2008,5.1117473
Pakistan,PAK,2009,5.051248
Pakistan,PAK,2010,4.984661
Pakistan,PAK,2011,4.9058375
Pakistan,PAK,2012,4.815709
Pakistan,PAK,2013,4.7238083
Pakistan,PAK,2014,4.6274447
Pakistan,PAK,2015,4.526979
Pakistan,PAK,2016,4.4292364
Pakistan,PAK,2017,4.332167
Pakistan,PAK,2018,4.237665
Pakistan,PAK,2019,4.1421566
Pakistan,PAK,2020,4.0488944
Pakistan,PAK,2021,3.950517
Pakistan,PAK,2022,3.8526037
Pakistan,PAK,2023,3.7595835
Palau,PLW,1989,1.9377939
Palau,PLW,1990,1.9049445
Palau,PLW,1991,1.869729
Palau,PLW,1992,1.830926
Palau,PLW,1993,1.7845231
Palau,PLW,1994,1.7363784
Palau,PLW,1995,1.6885146
Palau,PLW,1996,1.6341283
Palau,PLW,1997,1.5802964
Palau,PLW,1998,1.527979
Palau,PLW,1999,1.4744558
Palau,PLW,2000,1.4242526
Palau,PLW,2001,1.3754746
Palau,PLW,2002,1.3288615
Palau,PLW,2003,1.2809802
Palau,PLW,2004,1.2348386
Palau,PLW,2005,1.1882412
Palau,PLW,2006,1.147073
Palau,PLW,2007,1.1121572
Palau,PLW,2008,1.08207
Palau,PLW,2009,1.0633556
Palau,PLW,2010,1.0531358
Palau,PLW,2011,1.0526345
Palau,PLW,2012,1.0602299
Palau,PLW,2013,1.0780255
Palau,PLW,2014,1.1070937
Palau,PLW,2015,1.14054
Palau,PLW,2016,1.1762556
Palau,PLW,2017,1.2072126
Palau,PLW,2018,1.2285024
Palau,PLW,2019,1.2362268
Palau,PLW,2020,1.2318846
Palau,PLW,2021,1.2176652
Palau,PLW,2022,1.1954129
Palau,PLW,2023,1.1721138
Palestine,PSE,1988,2.405283
Palestine,PSE,1989,2.3281655
Palestine,PSE,1990,2.257071
Palestine,PSE,1991,2.1905832
Palestine,PSE,1992,2.1282613
Palestine,PSE,1993,2.0739703
Palestine,PSE,1994,2.0246425
Palestine,PSE,1995,1.968144
Palestine,PSE,1996,1.9015737
Palestine,PSE,1997,1.8395876
Palestine,PSE,1998,1.785566
Palestine,PSE,1999,1.740318
Palestine,PSE,2000,1.7027442
Palestine,PSE,2001,1.6698139
Palestine,PSE,2002,1.6383684
Palestine,PSE,2003,1.6064212
Palestine,PSE,2004,1.5705891
Palestine,PSE,2005,1.5296291
Palestine,PSE,2006,1.4845661
Palestine,PSE,2007,1.4380788
Palestine,PSE,2008,1.3932797
Palestine,PSE,2009,1.3510098
Palestine,PSE,2010,1.3101563
Palestine,PSE,2011,1.2698566
Palestine,PSE,2012,1.2313285
Palestine,PSE,2013,1.1960685
Palestine,PSE,2014,1.1647753
Palestine,PSE,2015,1.1213712
Palestine,PSE,2016,1.0822755
Palestine,PSE,2017,1.0459735
Palestine,PSE,2018,1.0100763
Palestine,PSE,2019,0.9747195
Palestine,PSE,2020,0.9418551
Palestine,PSE,2021,0.9100282
Palestine,PSE,2022,0.87851614
Palestine,PSE,2023,0.8702061
Panama,PAN,1954,4.5594773
Panama,PAN,1955,4.468716
Panama,PAN,1956,4.371409
Panama,PAN,1957,4.2720723
Panama,PAN,1958,4.18613
Panama,PAN,1959,4.1129827
Panama,PAN,1960,4.048684
Panama,PAN,1961,3.995086
Panama,PAN,1962,3.932431
Panama,PAN,1963,3.8741798
Panama,PAN,1964,3.798165
Panama,PAN,1965,3.715508
Panama,PAN,1966,3.6216307
Panama,PAN,1967,3.5295846
Panama,PAN,1968,3.427875
Panama,PAN,1969,3.3152223
Panama,PAN,1970,3.1944067
Panama,PAN,1971,3.0702763
Panama,PAN,1972,2.9430804
Panama,PAN,1973,2.8197029
Panama,PAN,1974,2.6996508
Panama,PAN,1975,2.5953722
Panama,PAN,1976,2.5047286
Panama,PAN,1977,2.432748
Panama,PAN,1978,2.3707194
Panama,PAN,1979,2.307873
Panama,PAN,1980,2.242825
Panama,PAN,1981,2.1813383
Panama,PAN,1982,2.1177099
Panama,PAN,1983,2.0511878
Panama,PAN,1984,1.9836861
Panama,PAN,1985,1.9036679
Panama,PAN,1986,1.8190267
Panama,PAN,1987,1.7428554
Panama,PAN,1988,1.6760478
Panama,PAN,1989,1.6146086
Panama,PAN,1990,1.5561011
Panama,PAN,1991,1.5086684
Panama,PAN,1992,1.4689287
Panama,PAN,1993,1.4356204
Panama,PAN,1994,1.4072441
Panama,PAN,1995,1.382147
Panama,PAN,1996,1.357809
Panama,PAN,1997,1.3300261
Panama,PAN,1998,1.297804
Panama,PAN,1999,1.2603607
Panama,PAN,2000,1.2181416
Panama,PAN,2001,1.1740005
Panama,PAN,2002,1.1275526
Panama,PAN,2003,1.0798072
Panama,PAN,2004,1.035801
Panama,PAN,2005,0.99116975
Panama,PAN,2006,0.9482866
Panama,PAN,2007,0.9093579
Panama,PAN,2008,0.8734049
Panama,PAN,2009,0.8414535
Panama,PAN,2010,0.8120414
Panama,PAN,2011,0.78513396
Panama,PAN,2012,0.76416105
Panama,PAN,2013,0.74713844
Panama,PAN,2014,0.73858476
Panama,PAN,2015,0.73719054
Panama,PAN,2016,0.7432425
Panama,PAN,2017,0.7520778
Panama,PAN,2018,0.7565668
Panama,PAN,2019,0.75099045
Panama,PAN,2020,0.7353958
Panama,PAN,2021,0.7135894
Panama,PAN,2022,0.68796945
Panama,PAN,2023,0.66064125
Papua New Guinea,PNG,1974,4.308429
Papua New Guinea,PNG,1975,4.1875176
Papua New Guinea,PNG,1976,4.0611186
Papua New Guinea,PNG,1977,3.940262
Papua New Guinea,PNG,1978,3.8285332
Papua New Guinea,PNG,1979,3.7280645
Papua New Guinea,PNG,1980,3.648412
Papua New Guinea,PNG,1981,3.584148
Papua New Guinea,PNG,1982,3.526472
Papua New Guinea,PNG,1983,3.467652
Papua New Guinea,PNG,1984,3.4100363
Papua New Guinea,PNG,1985,3.3492088
Papua New Guinea,PNG,1986,3.2935116
Papua New Guinea,PNG,1987,3.2478428
Papua New Guinea,PNG,1988,3.214085
Papua New Guinea,PNG,1989,3.1995308
Papua New Guinea,PNG,1990,3.2071676
Papua New Guinea,PNG,1991,3.2316513
Papua New Guinea,PNG,1992,3.2441196
Papua New Guinea,PNG,1993,3.2418551
Papua New Guinea,PNG,1994,3.2317429
Papua New Guinea,PNG,1995,3.2139902
Papua New Guinea,PNG,1996,3.196342
Papua New Guinea,PNG,1997,3.1712165
Papua New Guinea,PNG,1998,3.1389208
Papua New Guinea,PNG,1999,3.0951562
Papua New Guinea,PNG,2000,3.0493624
Papua New Guinea,PNG,2001,3.0019577
Papua New Guinea,PNG,2002,2.9520772
Papua New Guinea,PNG,2003,2.9047906
Papua New Guinea,PNG,2004,2.8660593
Papua New Guinea,PNG,2005,2.831909
Papua New Guinea,PNG,2006,2.8048966
Papua New Guinea,PNG,2007,2.775857
Papua New Guinea,PNG,2008,2.7416565
Papua New Guinea,PNG,2009,2.6993587
Papua New Guinea,PNG,2010,2.6534839
Papua New Guinea,PNG,2011,2.6055484
Papua New Guinea,PNG,2012,2.557518
Papua New Guinea,PNG,2013,2.5100203
Papua New Guinea,PNG,2014,2.4633026
Papua New Guinea,PNG,2015,2.4184525
Papua New Guinea,PNG,2016,2.3737226
Papua New Guinea,PNG,2017,2.3295522
Papua New Guinea,PNG,2018,2.285432
Papua New Guinea,PNG,2019,2.2341254
Papua New Guinea,PNG,2020,2.1845214
Papua New Guinea,PNG,2021,2.1389184
Papua New Guinea,PNG,2022,2.0976267
Papua New Guinea,PNG,2023,2.0508106
Paraguay,PRY,1967,3.1132948
Paraguay,PRY,1968,3.1020038
Paraguay,PRY,1969,3.085796
Paraguay,PRY,1970,3.0644524
Paraguay,PRY,1971,3.0407014
Paraguay,PRY,1972,3.0118139
Paraguay,PRY,1973,2.9734576
Paraguay,PRY,1974,2.934215
Paraguay,PRY,1975,2.8863807
Paraguay,PRY,1976,2.843223
Paraguay,PRY,1977,2.7992465
Paraguay,PRY,1978,2.7519855
Paraguay,PRY,1979,2.7043307
Paraguay,PRY,1980,2.6522615
Paraguay,PRY,1981,2.6058679
Paraguay,PRY,1982,2.5625567
Paraguay,PRY,1983,2.517215
Paraguay,PRY,1984,2.4774203
Paraguay,PRY,1985,2.4363902
Paraguay,PRY,1986,2.3937342
Paraguay,PRY,1987,2.3505628
Paraguay,PRY,1988,2.3035524
Paraguay,PRY,1989,2.258032
Paraguay,PRY,1990,2.2105508
Paraguay,PRY,1991,2.162533
Paraguay,PRY,1992,2.1158152
Paraguay,PRY,1993,2.071225
Paraguay,PRY,1994,2.0283384
Paraguay,PRY,1995,1.9901586
Paraguay,PRY,1996,1.9560243
Paraguay,PRY,1997,1.9162426
Paraguay,PRY,1998,1.8746754
Paraguay,PRY,1999,1.8371407
Paraguay,PRY,2000,1.7955002
Paraguay,PRY,2001,1.7551029
Paraguay,PRY,2002,1.7164204
Paraguay,PRY,2003,1.6754125
Paraguay,PRY,2004,1.6362059
Paraguay,PRY,2005,1.5952959
Paraguay,PRY,2006,1.5548514
Paraguay,PRY,2007,1.5145835
Paraguay,PRY,2008,1.4695555
Paraguay,PRY,2009,1.428302
Paraguay,PRY,2010,1.38375
Paraguay,PRY,2011,1.3420523
Paraguay,PRY,2012,1.3012403
Paraguay,PRY,2013,1.2612959
Paraguay,PRY,2014,1.2180574
Paraguay,PRY,2015,1.1816778
Paraguay,PRY,2016,1.1448582
Paraguay,PRY,2017,1.1073707
Paraguay,PRY,2018,1.0684398
Paraguay,PRY,2019,1.0336626
Paraguay,PRY,2020,1.001178
Paraguay,PRY,2021,0.9719223
Paraguay,PRY,2022,0.9409133
Paraguay,PRY,2023,0.9082345
Peru,PER,1954,6.226706
Peru,PER,1955,6.0991592
Peru,PER,1956,5.9856777
Peru,PER,1957,5.8859277
Peru,PER,1958,5.7962885
Peru,PER,1959,5.7137055
Peru,PER,1960,5.6259956
Peru,PER,1961,5.530877
Peru,PER,1962,5.4206777
Peru,PER,1963,5.3133855
Peru,PER,1964,5.204907
Peru,PER,1965,5.097347
Peru,PER,1966,4.9912024
Peru,PER,1967,4.8896217
Peru,PER,1968,4.779879
Peru,PER,1969,4.6605797
Peru,PER,1970,4.585323
Peru,PER,1971,4.4036202
Peru,PER,1972,4.2801237
Peru,PER,1973,4.160313
Peru,PER,1974,4.051262
Peru,PER,1975,3.9596994
Peru,PER,1976,3.8787265
Peru,PER,1977,3.8145335
Peru,PER,1978,3.7696702
Peru,PER,1979,3.73283
Peru,PER,1980,3.7049205
Peru,PER,1981,3.6674883
Peru,PER,1982,3.6186888
Peru,PER,1983,3.5453568
Peru,PER,1984,3.4522953
Peru,PER,1985,3.3416035
Peru,PER,1986,3.2203412
Peru,PER,1987,3.100532
Peru,PER,1988,2.984548
Peru,PER,1989,2.877578
Peru,PER,1990,2.7814488
Peru,PER,1991,2.6836345
Peru,PER,1992,2.5705402
Peru,PER,1993,2.4462013
Peru,PER,1994,2.3167007
Peru,PER,1995,2.18486
Peru,PER,1996,2.0514264
Peru,PER,1997,1.9201897
Peru,PER,1998,1.7937013
Peru,PER,1999,1.6806598
Peru,PER,2000,1.5842675
Peru,PER,2001,1.4806697
Peru,PER,2002,1.3915933
Peru,PER,2003,1.324297
Peru,PER,2004,1.267052
Peru,PER,2005,1.2135876
Peru,PER,2006,1.1592283
Peru,PER,2007,1.1045266
Peru,PER,2008,1.0515827
Peru,PER,2009,1.0034916
Peru,PER,2010,0.9606987
Peru,PER,2011,0.92378867
Peru,PER,2012,0.89075464
Peru,PER,2013,0.8635836
Peru,PER,2014,0.84232455
Peru,PER,2015,0.82840174
Peru,PER,2016,0.8207897
Peru,PER,2017,0.81865424
Peru,PER,2018,0.8192304
Peru,PER,2019,0.8180126
Peru,PER,2020,0.8132938
Peru,PER,2021,0.8047411
Peru,PER,2022,0.7924214
Peru,PER,2023,0.7760298
Philippines,PHL,1955,2.580156
Philippines,PHL,1956,2.5587413
Philippines,PHL,1957,2.5399487
Philippines,PHL,1958,2.5347993
Philippines,PHL,1959,2.526313
Philippines,PHL,1960,2.524518
Philippines,PHL,1961,2.5276318
Philippines,PHL,1962,2.527997
Philippines,PHL,1963,2.5296352
Philippines,PHL,1964,2.5363357
Philippines,PHL,1965,2.537593
Philippines,PHL,1966,2.531674
Philippines,PHL,1967,2.5207667
Philippines,PHL,1968,2.512521
Philippines,PHL,1969,2.5018818
Philippines,PHL,1970,2.4950683
Philippines,PHL,1971,2.4857345
Philippines,PHL,1972,2.4772024
Philippines,PHL,1973,2.4684038
Philippines,PHL,1974,2.4644141
Philippines,PHL,1975,2.4656887
Philippines,PHL,1976,2.4727123
Philippines,PHL,1977,2.4805424
Philippines,PHL,1978,2.481952
Philippines,PHL,1979,2.4715567
Philippines,PHL,1980,2.4530573
Philippines,PHL,1981,2.4220202
Philippines,PHL,1982,2.3793144
Philippines,PHL,1983,2.329831
Philippines,PHL,1984,2.280897
Philippines,PHL,1985,2.2281911
Philippines,PHL,1986,2.1689308
Philippines,PHL,1987,2.100118
Philippines,PHL,1988,2.0284088
Philippines,PHL,1989,1.9562957
Philippines,PHL,1990,1.8892843
Philippines,PHL,1991,1.8353468
Philippines,PHL,1992,1.7912647
Philippines,PHL,1993,1.7556965
Philippines,PHL,1994,1.7245786
Philippines,PHL,1995,1.7013446
Philippines,PHL,1996,1.6867988
Philippines,PHL,1997,1.6797862
Philippines,PHL,1998,1.6781709
Philippines,PHL,1999,1.6786442
Philippines,PHL,2000,1.6736922
Philippines,PHL,2001,1.65594
Philippines,PHL,2002,1.6294965
Philippines,PHL,2003,1.5988058
Philippines,PHL,2004,1.5653119
Philippines,PHL,2005,1.5336474
Philippines,PHL,2006,1.5010736
Philippines,PHL,2007,1.4687192
Philippines,PHL,2008,1.4377625
Philippines,PHL,2009,1.407641
Philippines,PHL,2010,1.383109
Philippines,PHL,2011,1.3630164
Philippines,PHL,2012,1.3489025
Philippines,PHL,2013,1.3410501
Philippines,PHL,2014,1.3403254
Philippines,PHL,2015,1.346081
Philippines,PHL,2016,1.3614755
Philippines,PHL,2017,1.3834919
Philippines,PHL,2018,1.4081093
Philippines,PHL,2019,1.4286824
Philippines,PHL,2020,1.4402174
Philippines,PHL,2021,1.4380146
Philippines,PHL,2022,1.4223415
Philippines,PHL,2023,1.3967892
Poland,POL,1969,1.8665369
Poland,POL,1970,1.8252869
Poland,POL,1971,1.7690709
Poland,POL,1972,1.7165087
Poland,POL,1973,1.6700639
Poland,POL,1974,1.6249875
Poland,POL,1975,1.5786927
Poland,POL,1976,1.5314785
Poland,POL,1977,1.4833382
Poland,POL,1978,1.4377086
Poland,POL,1979,1.4023119
Poland,POL,1980,1.3850621
Poland,POL,1981,1.3772603
Poland,POL,1982,1.3660207
Poland,POL,1983,1.3444737
Poland,POL,1984,1.3173125
Poland,POL,1985,1.2889472
Poland,POL,1986,1.2594906
Poland,POL,1987,1.2287041
Poland,POL,1988,1.1954364
Poland,POL,1989,1.1570905
Poland,POL,1990,1.1129278
Poland,POL,1991,1.0725784
Poland,POL,1992,1.050245
Poland,POL,1993,1.0439901
Poland,POL,1994,1.0231665
Poland,POL,1995,0.96270365
Poland,POL,1996,0.8742287
Poland,POL,1997,0.7801612
Poland,POL,1998,0.6959054
Poland,POL,1999,0.6276603
Poland,POL,2000,0.57815534
Poland,POL,2001,0.54390794
Poland,POL,2002,0.51947886
Poland,POL,2003,0.49990177
Poland,POL,2004,0.48106372
Poland,POL,2005,0.4595748
Poland,POL,2006,0.4367581
Poland,POL,2007,0.41631922
Poland,POL,2008,0.39917436
Poland,POL,2009,0.38163647
Poland,POL,2010,0.36143106
Poland,POL,2011,0.34032625
Poland,POL,2012,0.32197636
Poland,POL,2013,0.30839586
Poland,POL,2014,0.2978995
Poland,POL,2015,0.2891868
Poland,POL,2016,0.28234512
Poland,POL,2017,0.27814028
Poland,POL,2018,0.27639323
Poland,POL,2019,0.2749794
Poland,POL,2020,0.27227297
Poland,POL,2021,0.26619992
Poland,POL,2022,0.25406638
Poland,POL,2023,0.23579219
Portugal,PRT,1960,2.864188
Portugal,PRT,1961,2.751913
Portugal,PRT,1962,2.6699924
Portugal,PRT,1963,2.6338136
Portugal,PRT,1964,2.6176937
Portugal,PRT,1965,2.5972092
Portugal,PRT,1966,2.5754397
Portugal,PRT,1967,2.5674675
Portugal,PRT,1968,2.5665972
Portugal,PRT,1969,2.5178127
Portugal,PRT,1970,2.381487
Portugal,PRT,1971,2.2196884
Portugal,PRT,1972,2.1250215
Portugal,PRT,1973,2.119444
Portugal,PRT,1974,2.1290765
Portugal,PRT,1975,2.091688
Portugal,PRT,1976,2.0116863
Portugal,PRT,1977,1.89763
Portugal,PRT,1978,1.7566744
Portugal,PRT,1979,1.6324649
Portugal,PRT,1980,1.5259299
Portugal,PRT,1981,1.4347825
Portugal,PRT,1982,1.356715
Portugal,PRT,1983,1.2860832
Portugal,PRT,1984,1.218032
Portugal,PRT,1985,1.1475455
Portugal,PRT,1986,1.0696365
Portugal,PRT,1987,0.9822275
Portugal,PRT,1988,0.8877737
Portugal,PRT,1989,0.7987453
Portugal,PRT,1990,0.723738
Portugal,PRT,1991,0.6607581
Portugal,PRT,1992,0.60428745
Portugal,PRT,1993,0.55186194
Portugal,PRT,1994,0.50524503
Portugal,PRT,1995,0.46535686
Portugal,PRT,1996,0.43120614
Portugal,PRT,1997,0.40223083
Portugal,PRT,1998,0.37703076
Portugal,PRT,1999,0.355644
Portugal,PRT,2000,0.3372612
Portugal,PRT,2001,0.3194144
Portugal,PRT,2002,0.29973057
Portugal,PRT,2003,0.27796286
Portugal,PRT,2004,0.25628978
Portugal,PRT,2005,0.23716445
Portugal,PRT,2006,0.22226597
Portugal,PRT,2007,0.21317872
Portugal,PRT,2008,0.20961009
Portugal,PRT,2009,0.20946778
Portugal,PRT,2010,0.21024956
Portugal,PRT,2011,0.21087073
Portugal,PRT,2012,0.21115927
Portugal,PRT,2013,0.2109048
Portugal,PRT,2014,0.21011977
Portugal,PRT,2015,0.2087181
Portugal,PRT,2016,0.20605393
Portugal,PRT,2017,0.20184843
Portugal,PRT,2018,0.19583388
Portugal,PRT,2019,0.18854375
Portugal,PRT,2020,0.18060766
Portugal,PRT,2021,0.17272158
Portugal,PRT,2022,0.16573822
Portugal,PRT,2023,0.15969244
Qatar,QAT,1989,1.2285628
Qatar,QAT,1990,1.1497294
Qatar,QAT,1991,1.0748223
Qatar,QAT,1992,1.0058243
Qatar,QAT,1993,0.944408
Qatar,QAT,1994,0.8905934
Qatar,QAT,1995,0.8455786
Qatar,QAT,1996,0.8057823
Qatar,QAT,1997,0.7678546
Qatar,QAT,1998,0.730658
Qatar,QAT,1999,0.69497824
Qatar,QAT,2000,0.6608667
Qatar,QAT,2001,0.6312412
Qatar,QAT,2002,0.6078456
Qatar,QAT,2003,0.59060305
Qatar,QAT,2004,0.57422966
Qatar,QAT,2005,0.5548481
Qatar,QAT,2006,0.532398
Qatar,QAT,2007,0.5114807
Qatar,QAT,2008,0.49284852
Qatar,QAT,2009,0.47636086
Qatar,QAT,2010,0.45932066
Qatar,QAT,2011,0.4413369
Qatar,QAT,2012,0.42386857
Qatar,QAT,2013,0.40669507
Qatar,QAT,2014,0.39200947
Qatar,QAT,2015,0.38241184
Qatar,QAT,2016,0.37710056
Qatar,QAT,2017,0.37440628
Qatar,QAT,2018,0.37370488
Qatar,QAT,2019,0.37351465
Qatar,QAT,2020,0.37443832
Qatar,QAT,2021,0.37516496
Qatar,QAT,2022,0.37484297
Qatar,QAT,2023,0.37248465
Romania,ROU,1989,1.6551768
Romania,ROU,1990,1.5670158
Romania,ROU,1991,1.4794022
Romania,ROU,1992,1.4144859
Romania,ROU,1993,1.3832294
Romania,ROU,1994,1.3661852
Romania,ROU,1995,1.3474263
Romania,ROU,1996,1.3161017
Romania,ROU,1997,1.2630323
Romania,ROU,1998,1.1883622
Romania,ROU,1999,1.1093745
Romania,ROU,2000,1.0407008
Romania,ROU,2001,0.988406
Romania,ROU,2002,0.95694524
Romania,ROU,2003,0.93912107
Romania,ROU,2004,0.91041785
Romania,ROU,2005,0.84929895
Romania,ROU,2006,0.76806766
Romania,ROU,2007,0.6891508
Romania,ROU,2008,0.62505716
Romania,ROU,2009,0.57711124
Romania,ROU,2010,0.54541427
Romania,ROU,2011,0.5258241
Romania,ROU,2012,0.51029724
Romania,ROU,2013,0.49256703
Romania,ROU,2014,0.4679969
Romania,ROU,2015,0.43340787
Romania,ROU,2016,0.39472958
Romania,ROU,2017,0.35945946
Romania,ROU,2018,0.33275172
Romania,ROU,2019,0.31632704
Romania,ROU,2020,0.31123066
Romania,ROU,2021,0.3147547
Romania,ROU,2022,0.32358178
Romania,ROU,2023,0.33374712
Russia,RUS,1989,1.1160644
Russia,RUS,1990,1.095045
Russia,RUS,1991,1.0822649
Russia,RUS,1992,1.0800753
Russia,RUS,1993,1.0799726
Russia,RUS,1994,1.0741194
Russia,RUS,1995,1.0579703
Russia,RUS,1996,1.032018
Russia,RUS,1997,0.9997222
Russia,RUS,1998,0.96480155
Russia,RUS,1999,0.931796
Russia,RUS,2000,0.90060925
Russia,RUS,2001,0.8590634
Russia,RUS,2002,0.80056965
Russia,RUS,2003,0.7371569
Russia,RUS,2004,0.6825436
Russia,RUS,2005,0.64025337
Russia,RUS,2006,0.59491414
Russia,RUS,2007,0.5388634
Russia,RUS,2008,0.4862805
Russia,RUS,2009,0.45655337
Russia,RUS,2010,0.45488125
Russia,RUS,2011,0.46539503
Russia,RUS,2012,0.4707812
Russia,RUS,2013,0.46248397
Russia,RUS,2014,0.4353069
Russia,RUS,2015,0.3938734
Russia,RUS,2016,0.3520716
Russia,RUS,2017,0.31998765
Russia,RUS,2018,0.29349202
Russia,RUS,2019,0.26474807
Russia,RUS,2020,0.23248902
Russia,RUS,2021,0.20372637
Russia,RUS,2022,0.184016
Russia,RUS,2023,0.17177284
Rwanda,RWA,1960,6.280127
Rwanda,RWA,1961,6.226106
Rwanda,RWA,1962,6.1762404
Rwanda,RWA,1963,6.1487093
Rwanda,RWA,1964,6.127707
Rwanda,RWA,1965,6.1045203
Rwanda,RWA,1966,6.090443
Rwanda,RWA,1967,6.081707
Rwanda,RWA,1968,6.064909
Rwanda,RWA,1969,6.0621195
Rwanda,RWA,1970,6.051435
Rwanda,RWA,1971,6.0587754
Rwanda,RWA,1972,6.0829473
Rwanda,RWA,1973,6.1201763
Rwanda,RWA,1974,6.186326
Rwanda,RWA,1975,6.24648
Rwanda,RWA,1976,6.280563
Rwanda,RWA,1977,6.265463
Rwanda,RWA,1978,6.195877
Rwanda,RWA,1979,6.0315847
Rwanda,RWA,1980,5.79127
Rwanda,RWA,1981,5.521611
Rwanda,RWA,1982,5.2530932
Rwanda,RWA,1983,5.006623
Rwanda,RWA,1984,4.8008738
Rwanda,RWA,1985,4.628148
Rwanda,RWA,1986,4.459512
Rwanda,RWA,1987,4.289111
Rwanda,RWA,1988,4.152349
Rwanda,RWA,1989,4.0809145
Rwanda,RWA,1990,4.0879245
Rwanda,RWA,1991,4.1963344
Rwanda,RWA,1992,4.4018946
Rwanda,RWA,1993,4.6320434
Rwanda,RWA,1994,5.1233945
Rwanda,RWA,1995,4.936901
Rwanda,RWA,1996,4.9733624
Rwanda,RWA,1997,4.9318194
Rwanda,RWA,1998,4.80176
Rwanda,RWA,1999,4.5857763
Rwanda,RWA,2000,4.315015
Rwanda,RWA,2001,4.0296874
Rwanda,RWA,2002,3.7547665
Rwanda,RWA,2003,3.493151
Rwanda,RWA,2004,3.2571776
Rwanda,RWA,2005,3.0434027
Rwanda,RWA,2006,2.8590436
Rwanda,RWA,2007,2.6968112
Rwanda,RWA,2008,2.5615535
Rwanda,RWA,2009,2.4376376
Rwanda,RWA,2010,2.3304436
Rwanda,RWA,2011,2.23857
Rwanda,RWA,2012,2.1631126
Rwanda,RWA,2013,2.0998173
Rwanda,RWA,2014,2.049681
Rwanda,RWA,2015,2.0102737
Rwanda,RWA,2016,1.9756908
Rwanda,RWA,2017,1.9493523
Rwanda,RWA,2018,1.9219638
Rwanda,RWA,2019,1.8971144
Rwanda,RWA,2020,1.8724917
Rwanda,RWA,2021,1.8539793
Rwanda,RWA,2022,1.8324804
Rwanda,RWA,2023,1.8126901
Saint Kitts and Nevis,KNA,1977,2.4521163
Saint Kitts and Nevis,KNA,1978,2.4473867
Saint Kitts and Nevis,KNA,1979,2.446287
Saint Kitts and Nevis,KNA,1980,2.4322598
Saint Kitts and Nevis,KNA,1981,2.404328
Saint Kitts and Nevis,KNA,1982,2.3659053
Saint Kitts and Nevis,KNA,1983,2.318426
Saint Kitts and Nevis,KNA,1984,2.263487
Saint Kitts and Nevis,KNA,1985,2.20488
Saint Kitts and Nevis,KNA,1986,2.1266844
Saint Kitts and Nevis,KNA,1987,2.044421
Saint Kitts and Nevis,KNA,1988,1.9742252
Saint Kitts and Nevis,KNA,1989,1.9178431
Saint Kitts and Nevis,KNA,1990,1.8730475
Saint Kitts and Nevis,KNA,1991,1.8428415
Saint Kitts and Nevis,KNA,1992,1.8218063
Saint Kitts and Nevis,KNA,1993,1.805114
Saint Kitts and Nevis,KNA,1994,1.7855217
Saint Kitts and Nevis,KNA,1995,1.7602109
Saint Kitts and Nevis,KNA,1996,1.7281512
Saint Kitts and Nevis,KNA,1997,1.6877285
Saint Kitts and Nevis,KNA,1998,1.6400173
Saint Kitts and Nevis,KNA,1999,1.5846431
Saint Kitts and Nevis,KNA,2000,1.5242493
Saint Kitts and Nevis,KNA,2001,1.4624641
Saint Kitts and Nevis,KNA,2002,1.4007772
Saint Kitts and Nevis,KNA,2003,1.3405285
Saint Kitts and Nevis,KNA,2004,1.2846321
Saint Kitts and Nevis,KNA,2005,1.2395911
Saint Kitts and Nevis,KNA,2006,1.2051048
Saint Kitts and Nevis,KNA,2007,1.1829804
Saint Kitts and Nevis,KNA,2008,1.1689681
Saint Kitts and Nevis,KNA,2009,1.1641369
Saint Kitts and Nevis,KNA,2010,1.1671339
Saint Kitts and Nevis,KNA,2011,1.1765373
Saint Kitts and Nevis,KNA,2012,1.1919094
Saint Kitts and Nevis,KNA,2013,1.2072126
Saint Kitts and Nevis,KNA,2014,1.2207254
Saint Kitts and Nevis,KNA,2015,1.2248735
Saint Kitts and Nevis,KNA,2016,1.2180305
Saint Kitts and Nevis,KNA,2017,1.2028023
Saint Kitts and Nevis,KNA,2018,1.1789097
Saint Kitts and Nevis,KNA,2019,1.1523787
Saint Kitts and Nevis,KNA,2020,1.1231918
Saint Kitts and Nevis,KNA,2021,1.0919684
Saint Kitts and Nevis,KNA,2022,1.0600748
Saint Kitts and Nevis,KNA,2023,1.0301257
Saint Lucia,LCA,1972,1.9688505
Saint Lucia,LCA,1973,1.8369839
Saint Lucia,LCA,1974,1.7149044
Saint Lucia,LCA,1975,1.6249038
Saint Lucia,LCA,1976,1.5779291
Saint Lucia,LCA,1977,1.5865009
Saint Lucia,LCA,1978,1.6247218
Saint Lucia,LCA,1979,1.6340889
Saint Lucia,LCA,1980,1.630244
Saint Lucia,LCA,1981,1.6140296
Saint Lucia,LCA,1982,1.5795345
Saint Lucia,LCA,1983,1.5329119
Saint Lucia,LCA,1984,1.4834642
Saint Lucia,LCA,1985,1.432772
Saint Lucia,LCA,1986,1.3822535
Saint Lucia,LCA,1987,1.3346888
Saint Lucia,LCA,1988,1.2889001
Saint Lucia,LCA,1989,1.245566
Saint Lucia,LCA,1990,1.202313
Saint Lucia,LCA,1991,1.1598511
Saint Lucia,LCA,1992,1.1190972
Saint Lucia,LCA,1993,1.081555
Saint Lucia,LCA,1994,1.0536876
Saint Lucia,LCA,1995,1.0387583
Saint Lucia,LCA,1996,1.037902
Saint Lucia,LCA,1997,1.0506135
Saint Lucia,LCA,1998,1.0743393
Saint Lucia,LCA,1999,1.1055615
Saint Lucia,LCA,2000,1.140601
Saint Lucia,LCA,2001,1.1769085
Saint Lucia,LCA,2002,1.2102426
Saint Lucia,LCA,2003,1.238549
Saint Lucia,LCA,2004,1.2596512
Saint Lucia,LCA,2005,1.2727238
Saint Lucia,LCA,2006,1.2772142
Saint Lucia,LCA,2007,1.2755209
Saint Lucia,LCA,2008,1.2705656
Saint Lucia,LCA,2009,1.2678392
Saint Lucia,LCA,2010,1.2674978
Saint Lucia,LCA,2011,1.2664232
Saint Lucia,LCA,2012,1.2609895
Saint Lucia,LCA,2013,1.2485889
Saint Lucia,LCA,2014,1.2296308
Saint Lucia,LCA,2015,1.2063825
Saint Lucia,LCA,2016,1.1785592
Saint Lucia,LCA,2017,1.1489291
Saint Lucia,LCA,2018,1.1180829
Saint Lucia,LCA,2019,1.0891991
Saint Lucia,LCA,2020,1.0637457
Saint Lucia,LCA,2021,1.041021
Saint Lucia,LCA,2022,1.0212219
Saint Lucia,LCA,2023,1.0048856
Saint Vincent and the Grenadines,VCT,1970,2.1709876
Saint Vincent and the Grenadines,VCT,1971,2.2255573
Saint Vincent and the Grenadines,VCT,1972,2.257126
Saint Vincent and the Grenadines,VCT,1973,2.2557943
Saint Vincent and the Grenadines,VCT,1974,2.2395878
Saint Vincent and the Grenadines,VCT,1975,2.2418807
Saint Vincent and the Grenadines,VCT,1976,2.2651625
Saint Vincent and the Grenadines,VCT,1977,2.2787375
Saint Vincent and the Grenadines,VCT,1978,2.2529085
Saint Vincent and the Grenadines,VCT,1979,2.1756248
Saint Vincent and the Grenadines,VCT,1980,2.0596573
Saint Vincent and the Grenadines,VCT,1981,1.9205519
Saint Vincent and the Grenadines,VCT,1982,1.7936555
Saint Vincent and the Grenadines,VCT,1983,1.7023402
Saint Vincent and the Grenadines,VCT,1984,1.6139874
Saint Vincent and the Grenadines,VCT,1985,1.517118
Saint Vincent and the Grenadines,VCT,1986,1.4385889
Saint Vincent and the Grenadines,VCT,1987,1.375002
Saint Vincent and the Grenadines,VCT,1988,1.3254427
Saint Vincent and the Grenadines,VCT,1989,1.2891994
Saint Vincent and the Grenadines,VCT,1990,1.2666357
Saint Vincent and the Grenadines,VCT,1991,1.2534279
Saint Vincent and the Grenadines,VCT,1992,1.2517173
Saint Vincent and the Grenadines,VCT,1993,1.260475
Saint Vincent and the Grenadines,VCT,1994,1.2737767
Saint Vincent and the Grenadines,VCT,1995,1.2889404
Saint Vincent and the Grenadines,VCT,1996,1.3015524
Saint Vincent and the Grenadines,VCT,1997,1.3127877
Saint Vincent and the Grenadines,VCT,1998,1.3189757
Saint Vincent and the Grenadines,VCT,1999,1.3239428
Saint Vincent and the Grenadines,VCT,2000,1.3292286
Saint Vincent and the Grenadines,VCT,2001,1.3387842
Saint Vincent and the Grenadines,VCT,2002,1.3474039
Saint Vincent and the Grenadines,VCT,2003,1.3557084
Saint Vincent and the Grenadines,VCT,2004,1.3596995
Saint Vincent and the Grenadines,VCT,2005,1.3603276
Saint Vincent and the Grenadines,VCT,2006,1.3567272
Saint Vincent and the Grenadines,VCT,2007,1.3492246
Saint Vincent and the Grenadines,VCT,2008,1.3375531
Saint Vincent and the Grenadines,VCT,2009,1.3176613
Saint Vincent and the Grenadines,VCT,2010,1.2865617
Saint Vincent and the Grenadines,VCT,2011,1.2385964
Saint Vincent and the Grenadines,VCT,2012,1.1785321
Saint Vincent and the Grenadines,VCT,2013,1.1101185
Saint Vincent and the Grenadines,VCT,2014,1.0381879
Saint Vincent and the Grenadines,VCT,2015,0.9643324
Saint Vincent and the Grenadines,VCT,2016,0.89516956
Saint Vincent and the Grenadines,VCT,2017,0.8299507
Saint Vincent and the Grenadines,VCT,2018,0.7697539
Saint Vincent and the Grenadines,VCT,2019,0.71709454
Saint Vincent and the Grenadines,VCT,2020,0.67183965
Saint Vincent and the Grenadines,VCT,2021,0.63573164
Saint Vincent and the Grenadines,VCT,2022,0.60502845
Saint Vincent and the Grenadines,VCT,2023,0.57863486
Samoa,WSM,1989,1.3429716
Samoa,WSM,1990,1.2984515
Samoa,WSM,1991,1.2522352
Samoa,WSM,1992,1.2055334
Samoa,WSM,1993,1.1545701
Samoa,WSM,1994,1.1064438
Samoa,WSM,1995,1.0601288
Samoa,WSM,1996,1.0168748
Samoa,WSM,1997,0.97813994
Samoa,WSM,1998,0.9419445
Samoa,WSM,1999,0.90748376
Samoa,WSM,2000,0.87603647
Samoa,WSM,2001,0.8449468
Samoa,WSM,2002,0.8197321
Samoa,WSM,2003,0.7995006
Samoa,WSM,2004,0.7855833
Samoa,WSM,2005,0.77605575
Samoa,WSM,2006,0.77142805
Samoa,WSM,2007,0.77204186
Samoa,WSM,2008,0.77540547
Samoa,WSM,2009,0.78796
Samoa,WSM,2010,0.7795724
Samoa,WSM,2011,0.7760239
Samoa,WSM,2012,0.7686032
Samoa,WSM,2013,0.7589839
Samoa,WSM,2014,0.74892837
Samoa,WSM,2015,0.73852384
Samoa,WSM,2016,0.7290967
Samoa,WSM,2017,0.7177239
Samoa,WSM,2018,0.7069583
Samoa,WSM,2019,0.6971973
Samoa,WSM,2020,0.67461723
Samoa,WSM,2021,0.6561514
Samoa,WSM,2022,0.63806534
Samoa,WSM,2023,0.617275
San Marino,SMR,1989,0.7356892
San Marino,SMR,1990,0.67077464
San Marino,SMR,1991,0.61089593
San Marino,SMR,1992,0.55577374
San Marino,SMR,1993,0.50668865
San Marino,SMR,1994,0.46119747
San Marino,SMR,1995,0.4170012
San Marino,SMR,1996,0.37871
San Marino,SMR,1997,0.3432839
San Marino,SMR,1998,0.312327
San Marino,SMR,1999,0.2849462
San Marino,SMR,2000,0.25967118
San Marino,SMR,2001,0.23647857
San Marino,SMR,2002,0.21447119
San Marino,SMR,2003,0.19598663
San Marino,SMR,2004,0.17976893
San Marino,SMR,2005,0.16532916
San Marino,SMR,2006,0.152943
San Marino,SMR,2007,0.14225581
San Marino,SMR,2008,0.13361222
San Marino,SMR,2009,0.12565644
San Marino,SMR,2010,0.11849596
San Marino,SMR,2011,0.11242032
San Marino,SMR,2012,0.10615776
San Marino,SMR,2013,0.10019037
San Marino,SMR,2014,0.09466129
San Marino,SMR,2015,0.08916168
San Marino,SMR,2016,0.08410177
San Marino,SMR,2017,0.07955995
San Marino,SMR,2018,0.075731024
San Marino,SMR,2019,0.072602294
San Marino,SMR,2020,0.06984501
San Marino,SMR,2021,0.06703128
San Marino,SMR,2022,0.06431622
San Marino,SMR,2023,0.06178335
Sao Tome and Principe,STP,1985,2.6181536
Sao Tome and Principe,STP,1986,2.6556516
Sao Tome and Principe,STP,1987,2.6442635
Sao Tome and Principe,STP,1988,2.6462567
Sao Tome and Principe,STP,1989,2.6317677
Sao Tome and Principe,STP,1990,2.6157367
Sao Tome and Principe,STP,1991,2.593982
Sao Tome and Principe,STP,1992,2.5570507
Sao Tome and Principe,STP,1993,2.509982
Sao Tome and Principe,STP,1994,2.4573789
Sao Tome and Principe,STP,1995,2.4058576
Sao Tome and Principe,STP,1996,2.360531
Sao Tome and Principe,STP,1997,2.3232026
Sao Tome and Principe,STP,1998,2.2895567
Sao Tome and Principe,STP,1999,2.2551484
Sao Tome and Principe,STP,2000,2.219322
Sao Tome and Principe,STP,2001,2.1733508
Sao Tome and Principe,STP,2002,2.120316
Sao Tome and Principe,STP,2003,2.054292
Sao Tome and Principe,STP,2004,1.9822352
Sao Tome and Principe,STP,2005,1.9126266
Sao Tome and Principe,STP,2006,1.8510427
Sao Tome and Principe,STP,2007,1.7959293
Sao Tome and Principe,STP,2008,1.7439564
Sao Tome and Principe,STP,2009,1.6926947
Sao Tome and Principe,STP,2010,1.6246812
Sao Tome and Principe,STP,2011,1.5169753
Sao Tome and Principe,STP,2012,1.4104024
Sao Tome and Principe,STP,2013,1.3068601
Sao Tome and Principe,STP,2014,1.2033231
Sao Tome and Principe,STP,2015,1.1073192
Sao Tome and Principe,STP,2016,1.0180464
Sao Tome and Principe,STP,2017,0.939381
Sao Tome and Principe,STP,2018,0.8738853
Sao Tome and Principe,STP,2019,0.8194514
Sao Tome and Principe,STP,2020,0.7750579
Sao Tome and Principe,STP,2021,0.73743546
Sao Tome and Principe,STP,2022,0.7060893
Sao Tome and Principe,STP,2023,0.6760315
Saudi Arabia,SAU,1989,2.3322613
Saudi Arabia,SAU,1990,2.213285
Saudi Arabia,SAU,1991,2.0997798
Saudi Arabia,SAU,1992,1.9866282
Saudi Arabia,SAU,1993,1.8612572
Saudi Arabia,SAU,1994,1.7295505
Saudi Arabia,SAU,1995,1.6117002
Saudi Arabia,SAU,1996,1.5021168
Saudi Arabia,SAU,1997,1.4061625
Saudi Arabia,SAU,1998,1.3184193
Saudi Arabia,SAU,1999,1.2352927
Saudi Arabia,SAU,2000,1.1613514
Saudi Arabia,SAU,2001,1.0933439
Saudi Arabia,SAU,2002,1.0298605
Saudi Arabia,SAU,2003,0.970559
Saudi Arabia,SAU,2004,0.91587055
Saudi Arabia,SAU,2005,0.86152744
Saudi Arabia,SAU,2006,0.8115174
Saudi Arabia,SAU,2007,0.76479024
Saudi Arabia,SAU,2008,0.7185206
Saudi Arabia,SAU,2009,0.6749056
Saudi Arabia,SAU,2010,0.6344893
Saudi Arabia,SAU,2011,0.5959528
Saudi Arabia,SAU,2012,0.5593807
Saudi Arabia,SAU,2013,0.5235127
Saudi Arabia,SAU,2014,0.4884251
Saudi Arabia,SAU,2015,0.45394447
Saudi Arabia,SAU,2016,0.4226263
Saudi Arabia,SAU,2017,0.39404562
Saudi Arabia,SAU,2018,0.37011006
Saudi Arabia,SAU,2019,0.35071412
Saudi Arabia,SAU,2020,0.33467495
Saudi Arabia,SAU,2021,0.32116318
Saudi Arabia,SAU,2022,0.30895644
Saudi Arabia,SAU,2023,0.29651916
Senegal,SEN,1955,7.025687
Senegal,SEN,1956,6.91727
Senegal,SEN,1957,6.7987657
Senegal,SEN,1958,6.6757402
Senegal,SEN,1959,6.5490894
Senegal,SEN,1960,6.4281087
Senegal,SEN,1961,6.307844
Senegal,SEN,1962,6.1897893
Senegal,SEN,1963,6.075119
Senegal,SEN,1964,5.9464273
Senegal,SEN,1965,5.825854
Senegal,SEN,1966,5.7172995
Senegal,SEN,1967,5.611457
Senegal,SEN,1968,5.5232773
Senegal,SEN,1969,5.454544
Senegal,SEN,1970,5.3956666
Senegal,SEN,1971,5.3488913
Senegal,SEN,1972,5.30407
Senegal,SEN,1973,5.2543087
Senegal,SEN,1974,5.1967936
Senegal,SEN,1975,5.1243997
Senegal,SEN,1976,5.029639
Senegal,SEN,1977,4.92383
Senegal,SEN,1978,4.8188057
Senegal,SEN,1979,4.7308044
Senegal,SEN,1980,4.6631703
Senegal,SEN,1981,4.6095066
Senegal,SEN,1982,4.5598574
Senegal,SEN,1983,4.507494
Senegal,SEN,1984,4.43619
Senegal,SEN,1985,4.3528028
Senegal,SEN,1986,4.2619143
Senegal,SEN,1987,4.1734257
Senegal,SEN,1988,4.1024075
Senegal,SEN,1989,4.0514426
Senegal,SEN,1990,4.029447
Senegal,SEN,1991,4.018163
Senegal,SEN,1992,4.0225577
Senegal,SEN,1993,4.024448
Senegal,SEN,1994,4.0186915
Senegal,SEN,1995,4.010442
Senegal,SEN,1996,3.9985418
Senegal,SEN,1997,3.9753067
Senegal,SEN,1998,3.931525
Senegal,SEN,1999,3.8573244
Senegal,SEN,2000,3.763654
Senegal,SEN,2001,3.6510968
Senegal,SEN,2002,3.5325541
Senegal,SEN,2003,3.4102132
Senegal,SEN,2004,3.2780359
Senegal,SEN,2005,3.1565413
Senegal,SEN,2006,3.0490348
Senegal,SEN,2007,2.9494243
Senegal,SEN,2008,2.8558912
Senegal,SEN,2009,2.7723613
Senegal,SEN,2010,2.7011607
Senegal,SEN,2011,2.6414335
Senegal,SEN,2012,2.6049469
Senegal,SEN,2013,2.5930011
Senegal,SEN,2014,2.6105113
Senegal,SEN,2015,2.6433773
Senegal,SEN,2016,2.6786933
Senegal,SEN,2017,2.6942763
Senegal,SEN,2018,2.674356
Senegal,SEN,2019,2.6158726
Senegal,SEN,2020,2.526178
Senegal,SEN,2021,2.4248652
Senegal,SEN,2022,2.3224275
Senegal,SEN,2023,2.2322955
Serbia,SRB,1989,1.9121001
Serbia,SRB,1990,1.7535619
Serbia,SRB,1991,1.6117622
Serbia,SRB,1992,1.5016133
Serbia,SRB,1993,1.4155141
Serbia,SRB,1994,1.3240924
Serbia,SRB,1995,1.2063386
Serbia,SRB,1996,1.0769614
Serbia,SRB,1997,0.9639029
Serbia,SRB,1998,0.87685436
Serbia,SRB,1999,0.81509644
Serbia,SRB,2000,0.77218753
Serbia,SRB,2001,0.7381802
Serbia,SRB,2002,0.6984095
Serbia,SRB,2003,0.64950603
Serbia,SRB,2004,0.6010219
Serbia,SRB,2005,0.5603956
Serbia,SRB,2006,0.5293961
Serbia,SRB,2007,0.50777864
Serbia,SRB,2008,0.49422333
Serbia,SRB,2009,0.48435608
Serbia,SRB,2010,0.4747957
Serbia,SRB,2011,0.46388984
Serbia,SRB,2012,0.44991478
Serbia,SRB,2013,0.43394265
Serbia,SRB,2014,0.41597477
Serbia,SRB,2015,0.39769006
Serbia,SRB,2016,0.38129458
Serbia,SRB,2017,0.3686601
Serbia,SRB,2018,0.3602009
Serbia,SRB,2019,0.3529113
Serbia,SRB,2020,0.3443043
Serbia,SRB,2021,0.33450705
Serbia,SRB,2022,0.32527453
Serbia,SRB,2023,0.31721136
Seychelles,SYC,1986,1.309096
Seychelles,SYC,1987,1.2469225
Seychelles,SYC,1988,1.1907464
Seychelles,SYC,1989,1.1397432
Seychelles,SYC,1990,1.091783
Seychelles,SYC,1991,1.0487553
Seychelles,SYC,1992,1.0090811
Seychelles,SYC,1993,0.9729414
Seychelles,SYC,1994,0.9424591
Seychelles,SYC,1995,0.9179793
Seychelles,SYC,1996,0.89919287
Seychelles,SYC,1997,0.8861443
Seychelles,SYC,1998,0.8782556
Seychelles,SYC,1999,0.8745088
Seychelles,SYC,2000,0.87196356
Seychelles,SYC,2001,0.8718145
Seychelles,SYC,2002,0.87203795
Seychelles,SYC,2003,0.8721087
Seychelles,SYC,2004,0.8721439
Seychelles,SYC,2005,0.87298113
Seychelles,SYC,2006,0.8729084
Seychelles,SYC,2007,0.8740153
Seychelles,SYC,2008,0.87434363
Seychelles,SYC,2009,0.8749986
Seychelles,SYC,2010,0.8751533
Seychelles,SYC,2011,0.8762724
Seychelles,SYC,2012,0.87838024
Seychelles,SYC,2013,0.88072366
Seychelles,SYC,2014,0.8828539
Seychelles,SYC,2015,0.88583827
Seychelles,SYC,2016,0.8879276
Seychelles,SYC,2017,0.88817894
Seychelles,SYC,2018,0.89014757
Seychelles,SYC,2019,0.89059275
Seychelles,SYC,2020,0.88751805
Seychelles,SYC,2021,0.88004833
Seychelles,SYC,2022,0.8677749
Seychelles,SYC,2023,0.85100114
Sierra Leone,SLE,1989,5.2374578
Sierra Leone,SLE,1990,5.2101445
Sierra Leone,SLE,1991,5.1876345
Sierra Leone,SLE,1992,5.172271
Sierra Leone,SLE,1993,5.143576
Sierra Leone,SLE,1994,5.119805
Sierra Leone,SLE,1995,5.084761
Sierra Leone,SLE,1996,5.046856
Sierra Leone,SLE,1997,4.994426
Sierra Leone,SLE,1998,4.9357257
Sierra Leone,SLE,1999,4.869823
Sierra Leone,SLE,2000,4.810496
Sierra Leone,SLE,2001,4.74028
Sierra Leone,SLE,2002,4.6720943
Sierra Leone,SLE,2003,4.6088624
Sierra Leone,SLE,2004,4.5402913
Sierra Leone,SLE,2005,4.4581137
Sierra Leone,SLE,2006,4.3657074
Sierra Leone,SLE,2007,4.2638297
Sierra Leone,SLE,2008,4.150346
Sierra Leone,SLE,2009,4.0299506
Sierra Leone,SLE,2010,3.9141953
Sierra Leone,SLE,2011,3.8038344
Sierra Leone,SLE,2012,3.7028573
Sierra Leone,SLE,2013,3.6060596
Sierra Leone,SLE,2014,3.526035
Sierra Leone,SLE,2015,3.4530065
Sierra Leone,SLE,2016,3.3613923
Sierra Leone,SLE,2017,3.2888472
Sierra Leone,SLE,2018,3.2214344
Sierra Leone,SLE,2019,3.1562817
Sierra Leone,SLE,2020,3.0923915
Sierra Leone,SLE,2021,3.032379
Sierra Leone,SLE,2022,2.9808366
Sierra Leone,SLE,2023,2.9251103
Singapore,SGP,1968,1.6313967
Singapore,SGP,1969,1.5631732
Singapore,SGP,1970,1.5083162
Singapore,SGP,1971,1.4638859
Singapore,SGP,1972,1.4079214
Singapore,SGP,1973,1.3107375
Singapore,SGP,1974,1.1794219
Singapore,SGP,1975,1.060025
Singapore,SGP,1976,0.98476946
Singapore,SGP,1977,0.94459414
Singapore,SGP,1978,0.91886145
Singapore,SGP,1979,0.8940664
Singapore,SGP,1980,0.85992616
Singapore,SGP,1981,0.81248045
Singapore,SGP,1982,0.7603344
Singapore,SGP,1983,0.7147648
Singapore,SGP,1984,0.67810977
Singapore,SGP,1985,0.64292145
Singapore,SGP,1986,0.60115534
Singapore,SGP,1987,0.55324936
Singapore,SGP,1988,0.503448
Singapore,SGP,1989,0.45453846
Singapore,SGP,1990,0.4055102
Singapore,SGP,1991,0.3566874
Singapore,SGP,1992,0.31158274
Singapore,SGP,1993,0.2738142
Singapore,SGP,1994,0.2447721
Singapore,SGP,1995,0.2239024
Singapore,SGP,1996,0.21013816
Singapore,SGP,1997,0.19970587
Singapore,SGP,1998,0.18809964
Singapore,SGP,1999,0.17393051
Singapore,SGP,2000,0.16003016
Singapore,SGP,2001,0.14871147
Singapore,SGP,2002,0.14032479
Singapore,SGP,2003,0.13403249
Singapore,SGP,2004,0.12942672
Singapore,SGP,2005,0.1259838
Singapore,SGP,2006,0.123335056
Singapore,SGP,2007,0.121198125
Singapore,SGP,2008,0.11869052
Singapore,SGP,2009,0.11578545
Singapore,SGP,2010,0.11291767
Singapore,SGP,2011,0.11052495
Singapore,SGP,2012,0.10920664
Singapore,SGP,2013,0.10890651
Singapore,SGP,2014,0.109374784
Singapore,SGP,2015,0.10943116
Singapore,SGP,2016,0.107968755
Singapore,SGP,2017,0.10515043
Singapore,SGP,2018,0.10190612
Singapore,SGP,2019,0.098684736
Singapore,SGP,2020,0.0958651
Singapore,SGP,2021,0.09367172
Singapore,SGP,2022,0.092016384
Singapore,SGP,2023,0.0898347
Slovakia,SVK,1982,1.2388369
Slovakia,SVK,1983,1.1830541
Slovakia,SVK,1984,1.1275047
Slovakia,SVK,1985,1.0717692
Slovakia,SVK,1986,1.0187489
Slovakia,SVK,1987,0.97102225
Slovakia,SVK,1988,0.92944545
Slovakia,SVK,1989,0.89506483
Slovakia,SVK,1990,0.8667657
Slovakia,SVK,1991,0.84219706
Slovakia,SVK,1992,0.8183095
Slovakia,SVK,1993,0.79074514
Slovakia,SVK,1994,0.7545743
Slovakia,SVK,1995,0.7070529
Slovakia,SVK,1996,0.6529283
Slovakia,SVK,1997,0.6016726
Slovakia,SVK,1998,0.5589795
Slovakia,SVK,1999,0.5246795
Slovakia,SVK,2000,0.49821597
Slovakia,SVK,2001,0.4761175
Slovakia,SVK,2002,0.45437765
Slovakia,SVK,2003,0.43103698
Slovakia,SVK,2004,0.40742013
Slovakia,SVK,2005,0.38586703
Slovakia,SVK,2006,0.36745217
Slovakia,SVK,2007,0.3527142
Slovakia,SVK,2008,0.34167507
Slovakia,SVK,2009,0.33403268
Slovakia,SVK,2010,0.3290382
Slovakia,SVK,2011,0.32553324
Slovakia,SVK,2012,0.3218136
Slovakia,SVK,2013,0.31720868
Slovakia,SVK,2014,0.3117077
Slovakia,SVK,2015,0.30553943
Slovakia,SVK,2016,0.30009127
Slovakia,SVK,2017,0.2969769
Slovakia,SVK,2018,0.29676378
Slovakia,SVK,2019,0.297835
Slovakia,SVK,2020,0.29928243
Slovakia,SVK,2021,0.3007095
Slovakia,SVK,2022,0.3024259
Slovakia,SVK,2023,0.30438498
Slovenia,SVN,1982,1.0570717
Slovenia,SVN,1983,1.0001869
Slovenia,SVN,1984,0.93921494
Slovenia,SVN,1985,0.87334067
Slovenia,SVN,1986,0.805035
Slovenia,SVN,1987,0.7386722
Slovenia,SVN,1988,0.67621166
Slovenia,SVN,1989,0.6220605
Slovenia,SVN,1990,0.5755298
Slovenia,SVN,1991,0.53337365
Slovenia,SVN,1992,0.49379167
Slovenia,SVN,1993,0.45788994
Slovenia,SVN,1994,0.42611244
Slovenia,SVN,1995,0.40011364
Slovenia,SVN,1996,0.37957162
Slovenia,SVN,1997,0.36318782
Slovenia,SVN,1998,0.34930295
Slovenia,SVN,1999,0.336186
Slovenia,SVN,2000,0.32281545
Slovenia,SVN,2001,0.30859712
Slovenia,SVN,2002,0.29310334
Slovenia,SVN,2003,0.27705577
Slovenia,SVN,2004,0.26070774
Slovenia,SVN,2005,0.24496616
Slovenia,SVN,2006,0.23018761
Slovenia,SVN,2007,0.21662942
Slovenia,SVN,2008,0.2046231
Slovenia,SVN,2009,0.19440904
Slovenia,SVN,2010,0.18581305
Slovenia,SVN,2011,0.1788864
Slovenia,SVN,2012,0.17290087
Slovenia,SVN,2013,0.1675524
Slovenia,SVN,2014,0.16225654
Slovenia,SVN,2015,0.15676682
Slovenia,SVN,2016,0.15167603
Slovenia,SVN,2017,0.14702135
Slovenia,SVN,2018,0.14311528
Slovenia,SVN,2019,0.13994834
Slovenia,SVN,2020,0.13731565
Slovenia,SVN,2021,0.13495809
Slovenia,SVN,2022,0.13272426
Slovenia,SVN,2023,0.1300892
Solomon Islands,SLB,1989,1.5199786
Solomon Islands,SLB,1990,1.4904227
Solomon Islands,SLB,1991,1.4575015
Solomon Islands,SLB,1992,1.4210216
Solomon Islands,SLB,1993,1.3827684
Solomon Islands,SLB,1994,1.3505749
Solomon Islands,SLB,1995,1.3290484
Solomon Islands,SLB,1996,1.3141464
Solomon Islands,SLB,1997,1.3046105
Solomon Islands,SLB,1998,1.2975472
Solomon Islands,SLB,1999,1.2881167
Solomon Islands,SLB,2000,1.2779331
Solomon Islands,SLB,2001,1.2659699
Solomon Islands,SLB,2002,1.2535106
Solomon Islands,SLB,2003,1.2411337
Solomon Islands,SLB,2004,1.2257994
Solomon Islands,SLB,2005,1.2064785
Solomon Islands,SLB,2006,1.1882857
Solomon Islands,SLB,2007,1.1709814
Solomon Islands,SLB,2008,1.1500585
Solomon Islands,SLB,2009,1.126753
Solomon Islands,SLB,2010,1.1043973
Solomon Islands,SLB,2011,1.0830914
Solomon Islands,SLB,2012,1.0623747
Solomon Islands,SLB,2013,1.0450197
Solomon Islands,SLB,2014,1.0282457
Solomon Islands,SLB,2015,1.0123775
Solomon Islands,SLB,2016,0.99497294
Solomon Islands,SLB,2017,0.9755821
Solomon Islands,SLB,2018,0.95499915
Solomon Islands,SLB,2019,0.9316335
Solomon Islands,SLB,2020,0.90871197
Solomon Islands,SLB,2021,0.88359785
Solomon Islands,SLB,2022,0.85670286
Solomon Islands,SLB,2023,0.8312853
Somalia,SOM,1983,4.849247
Somalia,SOM,1984,4.8046207
Somalia,SOM,1985,4.7635694
Somalia,SOM,1986,4.733738
Somalia,SOM,1987,4.708225
Somalia,SOM,1988,4.6655836
Somalia,SOM,1989,4.610533
Somalia,SOM,1990,4.5604978
Somalia,SOM,1991,4.969036
Somalia,SOM,1992,4.9568024
Somalia,SOM,1993,4.464341
Somalia,SOM,1994,4.464221
Somalia,SOM,1995,4.4507585
Somalia,SOM,1996,4.4522834
Somalia,SOM,1997,4.444823
Somalia,SOM,1998,4.461295
Somalia,SOM,1999,4.4728355
Somalia,SOM,2000,4.4915814
Somalia,SOM,2001,4.5202312
Somalia,SOM,2002,4.5431128
Somalia,SOM,2003,4.5570984
Somalia,SOM,2004,4.584432
Somalia,SOM,2005,4.583889
Somalia,SOM,2006,4.5895314
Somalia,SOM,2007,4.565172
Somalia,SOM,2008,4.5260644
Somalia,SOM,2009,4.4529753
Somalia,SOM,2010,4.4384813
Somalia,SOM,2011,4.6694107
Somalia,SOM,2012,4.301607
Somalia,SOM,2013,4.1570673
Somalia,SOM,2014,4.097308
Somalia,SOM,2015,4.0254292
Somalia,SOM,2016,3.9499547
Somalia,SOM,2017,3.9445117
Somalia,SOM,2018,3.823109
Somalia,SOM,2019,3.7264922
Somalia,SOM,2020,3.6780238
Somalia,SOM,2021,3.6140165
Somalia,SOM,2022,3.6145027
Somalia,SOM,2023,3.4904816
South Africa,ZAF,1975,2.833659
South Africa,ZAF,1976,2.7923777
South Africa,ZAF,1977,2.755996
South Africa,ZAF,1978,2.725336
South Africa,ZAF,1979,2.6828282
South Africa,ZAF,1980,2.6334448
South Africa,ZAF,1981,2.5742378
South Africa,ZAF,1982,2.5135531
South Africa,ZAF,1983,2.4449136
South Africa,ZAF,1984,2.3805308
South Africa,ZAF,1985,2.31842
South Africa,ZAF,1986,2.2611644
South Africa,ZAF,1987,2.2068193
South Africa,ZAF,1988,2.1522925
South Africa,ZAF,1989,2.101382
South Africa,ZAF,1990,2.0553577
South Africa,ZAF,1991,2.0132651
South Africa,ZAF,1992,1.9682028
South Africa,ZAF,1993,1.9256647
South Africa,ZAF,1994,1.8714786
South Africa,ZAF,1995,1.807494
South Africa,ZAF,1996,1.7333117
South Africa,ZAF,1997,1.6369948
South Africa,ZAF,1998,1.5262262
South Africa,ZAF,1999,1.4280012
South Africa,ZAF,2000,1.3529311
South Africa,ZAF,2001,1.2957189
South Africa,ZAF,2002,1.2542428
South Africa,ZAF,2003,1.2313128
South Africa,ZAF,2004,1.2238078
South Africa,ZAF,2005,1.2292322
South Africa,ZAF,2006,1.2439086
South Africa,ZAF,2007,1.2609404
South Africa,ZAF,2008,1.2744291
South Africa,ZAF,2009,1.2727183
South Africa,ZAF,2010,1.2506905
South Africa,ZAF,2011,1.2224531
South Africa,ZAF,2012,1.1951284
South Africa,ZAF,2013,1.1782556
South Africa,ZAF,2014,1.1691073
South Africa,ZAF,2015,1.1622508
South Africa,ZAF,2016,1.1546242
South Africa,ZAF,2017,1.1490495
South Africa,ZAF,2018,1.1468366
South Africa,ZAF,2019,1.1457222
South Africa,ZAF,2020,1.145194
South Africa,ZAF,2021,1.1489775
South Africa,ZAF,2022,1.1563697
South Africa,ZAF,2023,1.1654105
South America,OWID_SAM,1970,4.0833387
South America,OWID_SAM,1971,4.0050964
South America,OWID_SAM,1972,3.930179
South America,OWID_SAM,1973,3.8395226
South America,OWID_SAM,1974,3.7387059
South America,OWID_SAM,1975,3.6300397
South America,OWID_SAM,1976,3.5214758
South America,OWID_SAM,1977,3.410673
South America,OWID_SAM,1978,3.3008628
South America,OWID_SAM,1979,3.1947343
South America,OWID_SAM,1980,3.0886817
South America,OWID_SAM,1981,2.9853685
South America,OWID_SAM,1982,2.8830752
South America,OWID_SAM,1983,2.7899158
South America,OWID_SAM,1984,2.7153387
South America,OWID_SAM,1985,2.6508863
South America,OWID_SAM,1986,2.581361
South America,OWID_SAM,1987,2.5037482
South America,OWID_SAM,1988,2.4237347
South America,OWID_SAM,1989,2.2734137
South America,OWID_SAM,1990,2.203602
South America,OWID_SAM,1991,2.139234
South America,OWID_SAM,1992,2.0773764
South America,OWID_SAM,1993,2.0115995
South America,OWID_SAM,1994,1.9458599
South America,OWID_SAM,1995,1.879285
South America,OWID_SAM,1996,1.812362
South America,OWID_SAM,1997,1.7465932
South America,OWID_SAM,1998,1.6870619
South America,OWID_SAM,1999,1.6340357
South America,OWID_SAM,2000,1.5683268
South America,OWID_SAM,2001,1.4998133
South America,OWID_SAM,2002,1.4295418
South America,OWID_SAM,2003,1.3671566
South America,OWID_SAM,2004,1.3112738
South America,OWID_SAM,2005,1.2584286
South America,OWID_SAM,2006,1.2071493
South America,OWID_SAM,2007,1.1589146
South America,OWID_SAM,2008,1.1152623
South America,OWID_SAM,2009,1.0766797
South America,OWID_SAM,2010,1.0422505
South America,OWID_SAM,2011,1.0106951
South America,OWID_SAM,2012,0.9814968
South America,OWID_SAM,2013,0.955098
South America,OWID_SAM,2014,0.93202007
South America,OWID_SAM,2015,0.93479115
South America,OWID_SAM,2016,0.95314044
South America,OWID_SAM,2017,0.901978
South America,OWID_SAM,2018,0.8886548
South America,OWID_SAM,2019,0.8819901
South America,OWID_SAM,2020,0.8752841
South America,OWID_SAM,2021,0.85386235
South America,OWID_SAM,2022,0.81345594
South America,OWID_SAM,2023,0.7692415
South Korea,KOR,1951,3.9707148
South Korea,KOR,1952,3.7348535
South Korea,KOR,1953,3.5203922
South Korea,KOR,1954,3.3207614
South Korea,KOR,1955,3.1636996
South Korea,KOR,1956,3.0434754
South Korea,KOR,1957,2.956544
South Korea,KOR,1958,2.8950958
South Korea,KOR,1959,2.8524928
South Korea,KOR,1960,2.8238742
South Korea,KOR,1961,2.8089323
South Korea,KOR,1962,2.7935243
South Korea,KOR,1963,2.77699
South Korea,KOR,1964,2.7465184
South Korea,KOR,1965,2.7082167
South Korea,KOR,1966,2.6591492
South Korea,KOR,1967,2.602208
South Korea,KOR,1968,2.5339108
South Korea,KOR,1969,2.4669902
South Korea,KOR,1970,2.3917458
South Korea,KOR,1971,2.314822
South Korea,KOR,1972,2.2399635
South Korea,KOR,1973,2.1700282
South Korea,KOR,1974,2.1035228
South Korea,KOR,1975,2.045026
South Korea,KOR,1976,1.9892879
South Korea,KOR,1977,1.9360566
South Korea,KOR,1978,1.87676
South Korea,KOR,1979,1.8143202
South Korea,KOR,1980,1.7383016
South Korea,KOR,1981,1.628485
South Korea,KOR,1982,1.5166955
South Korea,KOR,1983,1.4016638
South Korea,KOR,1984,1.2879125
South Korea,KOR,1985,1.1752745
South Korea,KOR,1986,1.0692147
South Korea,KOR,1987,0.97115
South Korea,KOR,1988,0.8849707
South Korea,KOR,1989,0.80888504
South Korea,KOR,1990,0.74055684
South Korea,KOR,1991,0.6794383
South Korea,KOR,1992,0.62467515
South Korea,KOR,1993,0.5748511
South Korea,KOR,1994,0.53009397
South Korea,KOR,1995,0.48893163
South Korea,KOR,1996,0.4524466
South Korea,KOR,1997,0.4196228
South Korea,KOR,1998,0.38998002
South Korea,KOR,1999,0.36331594
South Korea,KOR,2000,0.33928287
South Korea,KOR,2001,0.31884667
South Korea,KOR,2002,0.30096647
South Korea,KOR,2003,0.2826788
South Korea,KOR,2004,0.26169348
South Korea,KOR,2005,0.2394677
South Korea,KOR,2006,0.21878153
South Korea,KOR,2007,0.20133294
South Korea,KOR,2008,0.18802471
South Korea,KOR,2009,0.17987546
South Korea,KOR,2010,0.17527266
South Korea,KOR,2011,0.17281824
South Korea,KOR,2012,0.17101444
South Korea,KOR,2013,0.1691069
South Korea,KOR,2014,0.1663858
South Korea,KOR,2015,0.16289932
South Korea,KOR,2016,0.15960811
South Korea,KOR,2017,0.15622473
South Korea,KOR,2018,0.15164512
South Korea,KOR,2019,0.14494261
South Korea,KOR,2020,0.13675947
South Korea,KOR,2021,0.12898324
South Korea,KOR,2022,0.12244708
South Korea,KOR,2023,0.11711106
South Sudan,SSD,1989,6.58342
South Sudan,SSD,1990,6.5233183
South Sudan,SSD,1991,6.4641247
South Sudan,SSD,1992,6.4777365
South Sudan,SSD,1993,6.412733
South Sudan,SSD,1994,6.1840844
South Sudan,SSD,1995,6.210106
South Sudan,SSD,1996,6.143223
South Sudan,SSD,1997,6.0355253
South Sudan,SSD,1998,6.2400665
South Sudan,SSD,1999,5.7589335
South Sudan,SSD,2000,5.648192
South Sudan,SSD,2001,5.51936
South Sudan,SSD,2002,5.3871527
South Sudan,SSD,2003,5.261662
South Sudan,SSD,2004,5.1336417
South Sudan,SSD,2005,4.997179
South Sudan,SSD,2006,4.876072
South Sudan,SSD,2007,4.7462745
South Sudan,SSD,2008,4.61478
South Sudan,SSD,2009,4.4652333
South Sudan,SSD,2010,4.3249373
South Sudan,SSD,2011,4.211217
South Sudan,SSD,2012,4.1206346
South Sudan,SSD,2013,4.0669665
South Sudan,SSD,2014,4.1858954
South Sudan,SSD,2015,4.2710805
South Sudan,SSD,2016,4.317013
South Sudan,SSD,2017,4.3464313
South Sudan,SSD,2018,4.0995054
South Sudan,SSD,2019,4.0364785
South Sudan,SSD,2020,4.0307374
South Sudan,SSD,2021,4.031986
South Sudan,SSD,2022,4.033409
South Sudan,SSD,2023,4.024055
Spain,ESP,1960,2.0190127
Spain,ESP,1961,2.0577734
Spain,ESP,1962,2.1040895
Spain,ESP,1963,2.1232746
Spain,ESP,1964,2.0882149
Spain,ESP,1965,2.0256095
Spain,ESP,1966,1.9787266
Spain,ESP,1967,1.9609929
Spain,ESP,1968,1.9271473
Spain,ESP,1969,1.8381906
Spain,ESP,1970,1.7242599
Spain,ESP,1971,1.6052825
Spain,ESP,1972,1.4954774
Spain,ESP,1973,1.4030505
Spain,ESP,1974,1.3316076
Spain,ESP,1975,1.2643392
Spain,ESP,1976,1.1820539
Spain,ESP,1977,1.0846573
Spain,ESP,1978,0.99824303
Spain,ESP,1979,0.94154227
Spain,ESP,1980,0.9008606
Spain,ESP,1981,0.85495394
Spain,ESP,1982,0.79736656
Spain,ESP,1983,0.7369324
Spain,ESP,1984,0.6822398
Spain,ESP,1985,0.6353093
Spain,ESP,1986,0.5966684
Spain,ESP,1987,0.5654764
Spain,ESP,1988,0.5396787
Spain,ESP,1989,0.5169782
Spain,ESP,1990,0.49406958
Spain,ESP,1991,0.46772182
Spain,ESP,1992,0.43785208
Spain,ESP,1993,0.4092314
Spain,ESP,1994,0.38577455
Spain,ESP,1995,0.36513022
Spain,ESP,1996,0.34329584
Spain,ESP,1997,0.32016286
Spain,ESP,1998,0.3005015
Spain,ESP,1999,0.28827924
Spain,ESP,2000,0.28150648
Spain,ESP,2001,0.27587283
Spain,ESP,2002,0.26888078
Spain,ESP,2003,0.2606529
Spain,ESP,2004,0.2520248
Spain,ESP,2005,0.24287875
Spain,ESP,2006,0.23353337
Spain,ESP,2007,0.22433838
Spain,ESP,2008,0.21709493
Spain,ESP,2009,0.21329914
Spain,ESP,2010,0.21172221
Spain,ESP,2011,0.20990026
Spain,ESP,2012,0.20677242
Spain,ESP,2013,0.20264316
Spain,ESP,2014,0.19808851
Spain,ESP,2015,0.19380204
Spain,ESP,2016,0.19045606
Spain,ESP,2017,0.1883235
Spain,ESP,2018,0.18654773
Spain,ESP,2019,0.1843554
Spain,ESP,2020,0.18142968
Spain,ESP,2021,0.17791262
Spain,ESP,2022,0.17390959
Spain,ESP,2023,0.16989356
Sri Lanka,LKA,1952,4.560114
Sri Lanka,LKA,1953,4.5352774
Sri Lanka,LKA,1954,4.503436
Sri Lanka,LKA,1955,4.455869
Sri Lanka,LKA,1956,4.386938
Sri Lanka,LKA,1957,4.300384
Sri Lanka,LKA,1958,4.1944766
Sri Lanka,LKA,1959,4.0869985
Sri Lanka,LKA,1960,3.9773026
Sri Lanka,LKA,1961,3.8807693
Sri Lanka,LKA,1962,3.8122838
Sri Lanka,LKA,1963,3.7572908
Sri Lanka,LKA,1964,3.7007475
Sri Lanka,LKA,1965,3.6308987
Sri Lanka,LKA,1966,3.561445
Sri Lanka,LKA,1967,3.4887617
Sri Lanka,LKA,1968,3.4069788
Sri Lanka,LKA,1969,3.3196964
Sri Lanka,LKA,1970,3.2226229
Sri Lanka,LKA,1971,3.1130993
Sri Lanka,LKA,1972,2.994134
Sri Lanka,LKA,1973,2.8705537
Sri Lanka,LKA,1974,2.746804
Sri Lanka,LKA,1975,2.6369653
Sri Lanka,LKA,1976,2.547425
Sri Lanka,LKA,1977,2.4833744
Sri Lanka,LKA,1978,2.4581456
Sri Lanka,LKA,1979,2.4413416
Sri Lanka,LKA,1980,2.342127
Sri Lanka,LKA,1981,2.1005714
Sri Lanka,LKA,1982,1.8326141
Sri Lanka,LKA,1983,1.6883754
Sri Lanka,LKA,1984,1.6596458
Sri Lanka,LKA,1985,1.6783481
Sri Lanka,LKA,1986,1.6762455
Sri Lanka,LKA,1987,1.6461207
Sri Lanka,LKA,1988,1.5879824
Sri Lanka,LKA,1989,1.5122291
Sri Lanka,LKA,1990,1.4281853
Sri Lanka,LKA,1991,1.3717355
Sri Lanka,LKA,1992,1.3319213
Sri Lanka,LKA,1993,1.3068212
Sri Lanka,LKA,1994,1.293521
Sri Lanka,LKA,1995,1.2725149
Sri Lanka,LKA,1996,1.227237
Sri Lanka,LKA,1997,1.1611298
Sri Lanka,LKA,1998,1.08751
Sri Lanka,LKA,1999,1.0200137
Sri Lanka,LKA,2000,0.9702106
Sri Lanka,LKA,2001,0.9419178
Sri Lanka,LKA,2002,0.916762
Sri Lanka,LKA,2003,0.86280936
Sri Lanka,LKA,2004,0.79546833
Sri Lanka,LKA,2005,0.68804926
Sri Lanka,LKA,2006,0.65815485
Sri Lanka,LKA,2007,0.66510063
Sri Lanka,LKA,2008,0.6680619
Sri Lanka,LKA,2009,0.66616666
Sri Lanka,LKA,2010,0.6298244
Sri Lanka,LKA,2011,0.616524
Sri Lanka,LKA,2012,0.6043032
Sri Lanka,LKA,2013,0.58504546
Sri Lanka,LKA,2014,0.55932134
Sri Lanka,LKA,2015,0.5350926
Sri Lanka,LKA,2016,0.5178396
Sri Lanka,LKA,2017,0.5061848
Sri Lanka,LKA,2018,0.49483797
Sri Lanka,LKA,2019,0.48056394
Sri Lanka,LKA,2020,0.46338534
Sri Lanka,LKA,2021,0.4455609
Sri Lanka,LKA,2022,0.42758512
Sri Lanka,LKA,2023,0.41068906
Sudan,SDN,1969,4.6817408
Sudan,SDN,1970,4.6598654
Sudan,SDN,1971,4.638873
Sudan,SDN,1972,4.6238933
Sudan,SDN,1973,4.605885
Sudan,SDN,1974,4.583471
Sudan,SDN,1975,4.569564
Sudan,SDN,1976,4.5587745
Sudan,SDN,1977,4.5462995
Sudan,SDN,1978,4.5359526
Sudan,SDN,1979,4.5312967
Sudan,SDN,1980,4.5284643
Sudan,SDN,1981,4.5191507
Sudan,SDN,1982,4.510008
Sudan,SDN,1983,4.5670457
Sudan,SDN,1984,4.556796
Sudan,SDN,1985,4.5412717
Sudan,SDN,1986,4.4507318
Sudan,SDN,1987,4.4132133
Sudan,SDN,1988,4.3694053
Sudan,SDN,1989,4.3243637
Sudan,SDN,1990,4.27289
Sudan,SDN,1991,4.217453
Sudan,SDN,1992,4.1617837
Sudan,SDN,1993,4.111072
Sudan,SDN,1994,4.0569186
Sudan,SDN,1995,4.00104
Sudan,SDN,1996,3.936689
Sudan,SDN,1997,3.8773265
Sudan,SDN,1998,3.8142793
Sudan,SDN,1999,3.7534256
Sudan,SDN,2000,3.6850653
Sudan,SDN,2001,3.618296
Sudan,SDN,2002,3.5489237
Sudan,SDN,2003,3.4834638
Sudan,SDN,2004,3.4384766
Sudan,SDN,2005,3.380646
Sudan,SDN,2006,3.304971
Sudan,SDN,2007,3.2563322
Sudan,SDN,2008,3.215926
Sudan,SDN,2009,3.1769373
Sudan,SDN,2010,3.1396399
Sudan,SDN,2011,3.1002724
Sudan,SDN,2012,3.0592122
Sudan,SDN,2013,3.017366
Sudan,SDN,2014,2.967158
Sudan,SDN,2015,2.908066
Sudan,SDN,2016,2.85344
Sudan,SDN,2017,2.8000128
Sudan,SDN,2018,2.7471619
Sudan,SDN,2019,2.699415
Sudan,SDN,2020,2.6417923
Sudan,SDN,2021,2.5911777
Sudan,SDN,2022,2.5357895
Sudan,SDN,2023,2.480346
Suriname,SUR,1989,2.1007247
Suriname,SUR,1990,2.057706
Suriname,SUR,1991,2.0174854
Suriname,SUR,1992,1.9825122
Suriname,SUR,1993,1.9389764
Suriname,SUR,1994,1.9024328
Suriname,SUR,1995,1.8693659
Suriname,SUR,1996,1.8298821
Suriname,SUR,1997,1.7791224
Suriname,SUR,1998,1.7367505
Suriname,SUR,1999,1.7089431
Suriname,SUR,2000,1.6943183
Suriname,SUR,2001,1.6917127
Suriname,SUR,2002,1.6958672
Suriname,SUR,2003,1.7026795
Suriname,SUR,2004,1.701837
Suriname,SUR,2005,1.6879212
Suriname,SUR,2006,1.6605977
Suriname,SUR,2007,1.6226629
Suriname,SUR,2008,1.5751903
Suriname,SUR,2009,1.5283823
Suriname,SUR,2010,1.4839225
Suriname,SUR,2011,1.440763
Suriname,SUR,2012,1.4005387
Suriname,SUR,2013,1.3621551
Suriname,SUR,2014,1.3245041
Suriname,SUR,2015,1.2850584
Suriname,SUR,2016,1.2466816
Suriname,SUR,2017,1.2101369
Suriname,SUR,2018,1.1700994
Suriname,SUR,2019,1.1333644
Suriname,SUR,2020,1.0981833
Suriname,SUR,2021,1.0587333
Suriname,SUR,2022,1.0251362
Suriname,SUR,2023,0.993516
Sweden,SWE,1960,1.3117615
Sweden,SWE,1961,1.2817496
Sweden,SWE,1962,1.240614
Sweden,SWE,1963,1.1866032
Sweden,SWE,1964,1.1313719
Sweden,SWE,1965,1.083399
Sweden,SWE,1966,1.0447907
Sweden,SWE,1967,1.0146071
Sweden,SWE,1968,0.98947424
Sweden,SWE,1969,0.96249247
Sweden,SWE,1970,0.9273487
Sweden,SWE,1971,0.8836515
Sweden,SWE,1972,0.8333397
Sweden,SWE,1973,0.77939516
Sweden,SWE,1974,0.7253824
Sweden,SWE,1975,0.6734216
Sweden,SWE,1976,0.6256843
Sweden,SWE,1977,0.5839014
Sweden,SWE,1978,0.5485942
Sweden,SWE,1979,0.5191002
Sweden,SWE,1980,0.494382
Sweden,SWE,1981,0.4733534
Sweden,SWE,1982,0.4547331
Sweden,SWE,1983,0.43807587
Sweden,SWE,1984,0.42288467
Sweden,SWE,1985,0.40982777
Sweden,SWE,1986,0.3980586
Sweden,SWE,1987,0.3870971
Sweden,SWE,1988,0.37604427
Sweden,SWE,1989,0.3639883
Sweden,SWE,1990,0.3504309
Sweden,SWE,1991,0.33581108
Sweden,SWE,1992,0.32077014
Sweden,SWE,1993,0.3053135
Sweden,SWE,1994,0.28882277
Sweden,SWE,1995,0.27129295
Sweden,SWE,1996,0.2552031
Sweden,SWE,1997,0.24321125
Sweden,SWE,1998,0.23641759
Sweden,SWE,1999,0.23262039
Sweden,SWE,2000,0.23009509
Sweden,SWE,2001,0.22703154
Sweden,SWE,2002,0.2213742
Sweden,SWE,2003,0.21261203
Sweden,SWE,2004,0.2024789
Sweden,SWE,2005,0.19246152
Sweden,SWE,2006,0.18359864
Sweden,SWE,2007,0.1757689
Sweden,SWE,2008,0.16919702
Sweden,SWE,2009,0.16422492
Sweden,SWE,2010,0.1611039
Sweden,SWE,2011,0.15942372
Sweden,SWE,2012,0.15866897
Sweden,SWE,2013,0.15832864
Sweden,SWE,2014,0.15758024
Sweden,SWE,2015,0.15576373
Sweden,SWE,2016,0.1530576
Sweden,SWE,2017,0.15023659
Sweden,SWE,2018,0.1477905
Sweden,SWE,2019,0.14580922
Sweden,SWE,2020,0.14430472
Sweden,SWE,2021,0.14314814
Sweden,SWE,2022,0.14216004
Sweden,SWE,2023,0.14093322
Switzerland,CHE,1955,1.8767918
Switzerland,CHE,1956,1.8161002
Switzerland,CHE,1957,1.7624104
Switzerland,CHE,1958,1.7146331
Switzerland,CHE,1959,1.6723455
Switzerland,CHE,1960,1.6340479
Switzerland,CHE,1961,1.5952241
Switzerland,CHE,1962,1.5513645
Switzerland,CHE,1963,1.5031679
Switzerland,CHE,1964,1.4548876
Switzerland,CHE,1965,1.4112691
Switzerland,CHE,1966,1.3656588
Switzerland,CHE,1967,1.3072362
Switzerland,CHE,1968,1.2330555
Switzerland,CHE,1969,1.1513122
Switzerland,CHE,1970,1.0712706
Switzerland,CHE,1971,0.9972994
Switzerland,CHE,1972,0.9327317
Switzerland,CHE,1973,0.8758049
Switzerland,CHE,1974,0.82205135
Switzerland,CHE,1975,0.7674433
Switzerland,CHE,1976,0.71364546
Switzerland,CHE,1977,0.66474456
Switzerland,CHE,1978,0.62230486
Switzerland,CHE,1979,0.5850738
Switzerland,CHE,1980,0.5522649
Switzerland,CHE,1981,0.5228011
Switzerland,CHE,1982,0.4961033
Switzerland,CHE,1983,0.47260934
Switzerland,CHE,1984,0.45410112
Switzerland,CHE,1985,0.441252
Switzerland,CHE,1986,0.4323041
Switzerland,CHE,1987,0.4242869
Switzerland,CHE,1988,0.41481572
Switzerland,CHE,1989,0.40353477
Switzerland,CHE,1990,0.39036146
Switzerland,CHE,1991,0.37708443
Switzerland,CHE,1992,0.3649681
Switzerland,CHE,1993,0.35516146
Switzerland,CHE,1994,0.3480413
Switzerland,CHE,1995,0.34385598
Switzerland,CHE,1996,0.34221643
Switzerland,CHE,1997,0.34231704
Switzerland,CHE,1998,0.3436804
Switzerland,CHE,1999,0.34530532
Switzerland,CHE,2000,0.34583312
Switzerland,CHE,2001,0.34472188
Switzerland,CHE,2002,0.3413786
Switzerland,CHE,2003,0.33637837
Switzerland,CHE,2004,0.33129042
Switzerland,CHE,2005,0.3277089
Switzerland,CHE,2006,0.3259103
Switzerland,CHE,2007,0.32431212
Switzerland,CHE,2008,0.3222742
Switzerland,CHE,2009,0.3193648
Switzerland,CHE,2010,0.31510174
Switzerland,CHE,2011,0.31026474
Switzerland,CHE,2012,0.30614418
Switzerland,CHE,2013,0.30297187
Switzerland,CHE,2014,0.29995325
Switzerland,CHE,2015,0.29620758
Switzerland,CHE,2016,0.29180714
Switzerland,CHE,2017,0.28802022
Switzerland,CHE,2018,0.28519753
Switzerland,CHE,2019,0.28352886
Switzerland,CHE,2020,0.2830368
Switzerland,CHE,2021,0.28325304
Switzerland,CHE,2022,0.2832629
Switzerland,CHE,2023,0.2823224
Syria,SYR,1955,2.4595668
Syria,SYR,1956,2.4111145
Syria,SYR,1957,2.3614266
Syria,SYR,1958,2.3203382
Syria,SYR,1959,2.2867196
Syria,SYR,1960,2.2472298
Syria,SYR,1961,2.2076113
Syria,SYR,1962,2.1730413
Syria,SYR,1963,2.1462743
Syria,SYR,1964,2.1258261
Syria,SYR,1965,2.1192849
Syria,SYR,1966,2.1324453
Syria,SYR,1967,2.1497653
Syria,SYR,1968,2.1702528
Syria,SYR,1969,2.1718392
Syria,SYR,1970,2.1658595
Syria,SYR,1971,2.138311
Syria,SYR,1972,2.1019814
Syria,SYR,1973,2.0644872
Syria,SYR,1974,2.0388818
Syria,SYR,1975,2.0329819
Syria,SYR,1976,2.0508099
Syria,SYR,1977,2.0825858
Syria,SYR,1978,2.1145763
Syria,SYR,1979,2.1298432
Syria,SYR,1980,2.1255322
Syria,SYR,1981,2.1126816
Syria,SYR,1982,2.0902574
Syria,SYR,1983,2.0161037
Syria,SYR,1984,1.9702839
Syria,SYR,1985,1.9195757
Syria,SYR,1986,1.8680236
Syria,SYR,1987,1.8168427
Syria,SYR,1988,1.7635957
Syria,SYR,1989,1.7165349
Syria,SYR,1990,1.6708894
Syria,SYR,1991,1.6136578
Syria,SYR,1992,1.554081
Syria,SYR,1993,1.5007391
Syria,SYR,1994,1.4557232
Syria,SYR,1995,1.4134911
Syria,SYR,1996,1.3715073
Syria,SYR,1997,1.3301159
Syria,SYR,1998,1.2916427
Syria,SYR,1999,1.2547133
Syria,SYR,2000,1.2210834
Syria,SYR,2001,1.1894461
Syria,SYR,2002,1.1577768
Syria,SYR,2003,1.1296539
Syria,SYR,2004,1.1036798
Syria,SYR,2005,1.0807527
Syria,SYR,2006,1.0590758
Syria,SYR,2007,1.0412675
Syria,SYR,2008,1.0256456
Syria,SYR,2009,1.0171423
Syria,SYR,2010,1.0123992
Syria,SYR,2011,1.0170321
Syria,SYR,2012,1.041487
Syria,SYR,2013,1.0514799
Syria,SYR,2014,1.0581623
Syria,SYR,2015,1.0717411
Syria,SYR,2016,1.0772469
Syria,SYR,2017,1.0891558
Syria,SYR,2018,1.0971807
Syria,SYR,2019,1.0851753
Syria,SYR,2020,1.068605
Syria,SYR,2021,1.0492831
Syria,SYR,2022,1.0274954
Syria,SYR,2023,1.0012655
Tajikistan,TJK,1989,3.1392279
Tajikistan,TJK,1990,3.0752134
Tajikistan,TJK,1991,3.0502417
Tajikistan,TJK,1992,3.0476909
Tajikistan,TJK,1993,3.0418708
Tajikistan,TJK,1994,3.0257447
Tajikistan,TJK,1995,3.0223615
Tajikistan,TJK,1996,3.019285
Tajikistan,TJK,1997,3.0063217
Tajikistan,TJK,1998,2.976073
Tajikistan,TJK,1999,2.9122996
Tajikistan,TJK,2000,2.8209045
Tajikistan,TJK,2001,2.708006
Tajikistan,TJK,2002,2.58631
Tajikistan,TJK,2003,2.473096
Tajikistan,TJK,2004,2.3774629
Tajikistan,TJK,2005,2.3042972
Tajikistan,TJK,2006,2.2442453
Tajikistan,TJK,2007,2.1952434
Tajikistan,TJK,2008,2.1417303
Tajikistan,TJK,2009,2.0796218
Tajikistan,TJK,2010,2.002988
Tajikistan,TJK,2011,1.9164218
Tajikistan,TJK,2012,1.8287224
Tajikistan,TJK,2013,1.7485435
Tajikistan,TJK,2014,1.6773763
Tajikistan,TJK,2015,1.6276658
Tajikistan,TJK,2016,1.5837476
Tajikistan,TJK,2017,1.5362864
Tajikistan,TJK,2018,1.4894118
Tajikistan,TJK,2019,1.4401909
Tajikistan,TJK,2020,1.3983809
Tajikistan,TJK,2021,1.3561012
Tajikistan,TJK,2022,1.3082514
Tajikistan,TJK,2023,1.2648445
Tanzania,TZA,1968,4.785763
Tanzania,TZA,1969,4.7063546
Tanzania,TZA,1970,4.604438
Tanzania,TZA,1971,4.4985323
Tanzania,TZA,1972,4.4041586
Tanzania,TZA,1973,4.331545
Tanzania,TZA,1974,4.292493
Tanzania,TZA,1975,4.2843113
Tanzania,TZA,1976,4.293434
Tanzania,TZA,1977,4.3179693
Tanzania,TZA,1978,4.330258
Tanzania,TZA,1979,4.3362327
Tanzania,TZA,1980,4.3403416
Tanzania,TZA,1981,4.3503184
Tanzania,TZA,1982,4.3534
Tanzania,TZA,1983,4.342801
Tanzania,TZA,1984,4.299562
Tanzania,TZA,1985,4.247608
Tanzania,TZA,1986,4.200889
Tanzania,TZA,1987,4.1572227
Tanzania,TZA,1988,4.102384
Tanzania,TZA,1989,4.040155
Tanzania,TZA,1990,3.9704127
Tanzania,TZA,1991,3.9046063
Tanzania,TZA,1992,3.8415222
Tanzania,TZA,1993,3.782244
Tanzania,TZA,1994,3.7246637
Tanzania,TZA,1995,3.6658237
Tanzania,TZA,1996,3.602493
Tanzania,TZA,1997,3.532558
Tanzania,TZA,1998,3.4572713
Tanzania,TZA,1999,3.375272
Tanzania,TZA,2000,3.2805314
Tanzania,TZA,2001,3.1752055
Tanzania,TZA,2002,3.0634668
Tanzania,TZA,2003,2.9566681
Tanzania,TZA,2004,2.85819
Tanzania,TZA,2005,2.7718143
Tanzania,TZA,2006,2.697427
Tanzania,TZA,2007,2.6345067
Tanzania,TZA,2008,2.5770342
Tanzania,TZA,2009,2.5253007
Tanzania,TZA,2010,2.4794693
Tanzania,TZA,2011,2.4394047
Tanzania,TZA,2012,2.4048526
Tanzania,TZA,2013,2.383082
Tanzania,TZA,2014,2.3667877
Tanzania,TZA,2015,2.3545046
Tanzania,TZA,2016,2.3420506
Tanzania,TZA,2017,2.3298633
Tanzania,TZA,2018,2.305956
Tanzania,TZA,2019,2.2669451
Tanzania,TZA,2020,2.2209005
Tanzania,TZA,2021,2.1644545
Tanzania,TZA,2022,2.10953
Tanzania,TZA,2023,2.056435
Thailand,THA,1952,6.563392
Thailand,THA,1953,6.4410667
Thailand,THA,1954,6.3051653
Thailand,THA,1955,6.1795983
Thailand,THA,1956,6.0578136
Thailand,THA,1957,5.960673
Thailand,THA,1958,5.8728228
Thailand,THA,1959,5.795463
Thailand,THA,1960,5.7190986
Thailand,THA,1961,5.64853
Thailand,THA,1962,5.5697556
Thailand,THA,1963,5.4806495
Thailand,THA,1964,5.37854
Thailand,THA,1965,5.2755866
Thailand,THA,1966,5.16628
Thailand,THA,1967,5.0554967
Thailand,THA,1968,4.931545
Thailand,THA,1969,4.7904735
Thailand,THA,1970,4.6350517
Thailand,THA,1971,4.4763103
Thailand,THA,1972,4.3133044
Thailand,THA,1973,4.1542892
Thailand,THA,1974,3.9962118
Thailand,THA,1975,3.8400152
Thailand,THA,1976,3.6852324
Thailand,THA,1977,3.533638
Thailand,THA,1978,3.3829489
Thailand,THA,1979,3.2382255
Thailand,THA,1980,3.0977488
Thailand,THA,1981,2.9632213
Thailand,THA,1982,2.832472
Thailand,THA,1983,2.713535
Thailand,THA,1984,2.6065722
Thailand,THA,1985,2.504671
Thailand,THA,1986,2.414993
Thailand,THA,1987,2.329414
Thailand,THA,1988,2.2460558
Thailand,THA,1989,2.163067
Thailand,THA,1990,2.0744557
Thailand,THA,1991,1.9643748
Thailand,THA,1992,1.8548858
Thailand,THA,1993,1.7509266
Thailand,THA,1994,1.6576014
Thailand,THA,1995,1.5709873
Thailand,THA,1996,1.4906929
Thailand,THA,1997,1.4139844
Thailand,THA,1998,1.3435773
Thailand,THA,1999,1.2757691
Thailand,THA,2000,1.2128866
Thailand,THA,2001,1.1547103
Thailand,THA,2002,1.0994059
Thailand,THA,2003,1.0492176
Thailand,THA,2004,1.0017399
Thailand,THA,2005,0.95824194
Thailand,THA,2006,0.9175625
Thailand,THA,2007,0.8787132
Thailand,THA,2008,0.84211177
Thailand,THA,2009,0.80881125
Thailand,THA,2010,0.7792562
Thailand,THA,2011,0.75082374
Thailand,THA,2012,0.72389543
Thailand,THA,2013,0.6997109
Thailand,THA,2014,0.6774113
Thailand,THA,2015,0.6567699
Thailand,THA,2016,0.6365686
Thailand,THA,2017,0.61822236
Thailand,THA,2018,0.60031295
Thailand,THA,2019,0.58303785
Thailand,THA,2020,0.5668192
Thailand,THA,2021,0.5515317
Thailand,THA,2022,0.5354757
Thailand,THA,2023,0.52018476
Togo,TGO,1965,5.7127595
Togo,TGO,1966,5.6698384
Togo,TGO,1967,5.6263223
Togo,TGO,1968,5.584739
Togo,TGO,1969,5.5482907
Togo,TGO,1970,5.5075326
Togo,TGO,1971,5.475968
Togo,TGO,1972,5.4401245
Togo,TGO,1973,5.4084167
Togo,TGO,1974,5.3543377
Togo,TGO,1975,5.299873
Togo,TGO,1976,5.2343183
Togo,TGO,1977,5.159308
Togo,TGO,1978,5.080511
Togo,TGO,1979,4.998962
Togo,TGO,1980,4.9289045
Togo,TGO,1981,4.8630314
Togo,TGO,1982,4.8088746
Togo,TGO,1983,4.758688
Togo,TGO,1984,4.709378
Togo,TGO,1985,4.6613283
Togo,TGO,1986,4.6067796
Togo,TGO,1987,4.548833
Togo,TGO,1988,4.489763
Togo,TGO,1989,4.4271145
Togo,TGO,1990,4.373924
Togo,TGO,1991,4.312107
Togo,TGO,1992,4.248836
Togo,TGO,1993,4.1896124
Togo,TGO,1994,4.1255975
Togo,TGO,1995,4.055472
Togo,TGO,1996,3.9835434
Togo,TGO,1997,3.9081807
Togo,TGO,1998,3.8333516
Togo,TGO,1999,3.7518456
Togo,TGO,2000,3.6679993
Togo,TGO,2001,3.5870945
Togo,TGO,2002,3.5046387
Togo,TGO,2003,3.4259212
Togo,TGO,2004,3.3540368
Togo,TGO,2005,3.2826178
Togo,TGO,2006,3.212283
Togo,TGO,2007,3.1402733
Togo,TGO,2008,3.0702007
Togo,TGO,2009,3.0070858
Togo,TGO,2010,2.9483593
Togo,TGO,2011,2.8895974
Togo,TGO,2012,2.8360023
Togo,TGO,2013,2.7843757
Togo,TGO,2014,2.7353575
Togo,TGO,2015,2.6842084
Togo,TGO,2016,2.6389227
Togo,TGO,2017,2.5854611
Togo,TGO,2018,2.5353105
Togo,TGO,2019,2.4884932
Togo,TGO,2020,2.4460196
Togo,TGO,2021,2.399831
Togo,TGO,2022,2.3500998
Togo,TGO,2023,2.3083599
Tonga,TON,1989,1.0195946
Tonga,TON,1990,0.9795995
Tonga,TON,1991,0.9389901
Tonga,TON,1992,0.9027514
Tonga,TON,1993,0.86984384
Tonga,TON,1994,0.8405491
Tonga,TON,1995,0.8166144
Tonga,TON,1996,0.7951857
Tonga,TON,1997,0.7768636
Tonga,TON,1998,0.75767136
Tonga,TON,1999,0.7390707
Tonga,TON,2000,0.7197269
Tonga,TON,2001,0.70084286
Tonga,TON,2002,0.6811996
Tonga,TON,2003,0.661235
Tonga,TON,2004,0.6419063
Tonga,TON,2005,0.62364763
Tonga,TON,2006,0.6063692
Tonga,TON,2007,0.5898767
Tonga,TON,2008,0.5753607
Tonga,TON,2009,0.5619715
Tonga,TON,2010,0.55060977
Tonga,TON,2011,0.5411361
Tonga,TON,2012,0.5340178
Tonga,TON,2013,0.52783316
Tonga,TON,2014,0.52276605
Tonga,TON,2015,0.51804036
Tonga,TON,2016,0.51012975
Tonga,TON,2017,0.50184155
Tonga,TON,2018,0.49161804
Tonga,TON,2019,0.48238713
Tonga,TON,2020,0.47112435
Tonga,TON,2021,0.45864326
Tonga,TON,2022,0.44645315
Tonga,TON,2023,0.43369988
Trinidad and Tobago,TTO,1954,4.363437
Trinidad and Tobago,TTO,1955,4.267909
Trinidad and Tobago,TTO,1956,4.164949
Trinidad and Tobago,TTO,1957,4.0665684
Trinidad and Tobago,TTO,1958,3.9686522
Trinidad and Tobago,TTO,1959,3.8773723
Trinidad and Tobago,TTO,1960,3.794068
Trinidad and Tobago,TTO,1961,3.7147098
Trinidad and Tobago,TTO,1962,3.641931
Trinidad and Tobago,TTO,1963,3.5702558
Trinidad and Tobago,TTO,1964,3.5002053
Trinidad and Tobago,TTO,1965,3.4362469
Trinidad and Tobago,TTO,1966,3.3738563
Trinidad and Tobago,TTO,1967,3.316125
Trinidad and Tobago,TTO,1968,3.2623065
Trinidad and Tobago,TTO,1969,3.211123
Trinidad and Tobago,TTO,1970,3.1578214
Trinidad and Tobago,TTO,1971,3.098667
Trinidad and Tobago,TTO,1972,3.046574
Trinidad and Tobago,TTO,1973,2.992581
Trinidad and Tobago,TTO,1974,2.938472
Trinidad and Tobago,TTO,1975,2.8832185
Trinidad and Tobago,TTO,1976,2.8288422
Trinidad and Tobago,TTO,1977,2.7747276
Trinidad and Tobago,TTO,1978,2.7228334
Trinidad and Tobago,TTO,1979,2.671209
Trinidad and Tobago,TTO,1980,2.6211624
Trinidad and Tobago,TTO,1981,2.575671
Trinidad and Tobago,TTO,1982,2.5291715
Trinidad and Tobago,TTO,1983,2.4826193
Trinidad and Tobago,TTO,1984,2.4353244
Trinidad and Tobago,TTO,1985,2.3850935
Trinidad and Tobago,TTO,1986,2.339816
Trinidad and Tobago,TTO,1987,2.2943418
Trinidad and Tobago,TTO,1988,2.2560976
Trinidad and Tobago,TTO,1989,2.2219672
Trinidad and Tobago,TTO,1990,2.1891081
Trinidad and Tobago,TTO,1991,2.1613576
Trinidad and Tobago,TTO,1992,2.1356277
Trinidad and Tobago,TTO,1993,2.112627
Trinidad and Tobago,TTO,1994,2.0906096
Trinidad and Tobago,TTO,1995,2.0712528
Trinidad and Tobago,TTO,1996,2.0543406
Trinidad and Tobago,TTO,1997,2.0334148
Trinidad and Tobago,TTO,1998,2.0137296
Trinidad and Tobago,TTO,1999,1.9923885
Trinidad and Tobago,TTO,2000,1.9700538
Trinidad and Tobago,TTO,2001,1.9444785
Trinidad and Tobago,TTO,2002,1.9176556
Trinidad and Tobago,TTO,2003,1.8895259
Trinidad and Tobago,TTO,2004,1.862092
Trinidad and Tobago,TTO,2005,1.8325794
Trinidad and Tobago,TTO,2006,1.7996044
Trinidad and Tobago,TTO,2007,1.7678462
Trinidad and Tobago,TTO,2008,1.7377304
Trinidad and Tobago,TTO,2009,1.708827
Trinidad and Tobago,TTO,2010,1.6794367
Trinidad and Tobago,TTO,2011,1.6506134
Trinidad and Tobago,TTO,2012,1.6232301
Trinidad and Tobago,TTO,2013,1.5949733
Trinidad and Tobago,TTO,2014,1.5647601
Trinidad and Tobago,TTO,2015,1.5359331
Trinidad and Tobago,TTO,2016,1.5063531
Trinidad and Tobago,TTO,2017,1.4766787
Trinidad and Tobago,TTO,2018,1.4479679
Trinidad and Tobago,TTO,2019,1.4189883
Trinidad and Tobago,TTO,2020,1.3910989
Trinidad and Tobago,TTO,2021,1.3575985
Trinidad and Tobago,TTO,2022,1.3215662
Trinidad and Tobago,TTO,2023,1.2860222
Tunisia,TUN,1965,5.2139897
Tunisia,TUN,1966,5.127094
Tunisia,TUN,1967,5.051168
Tunisia,TUN,1968,4.9743743
Tunisia,TUN,1969,4.9007444
Tunisia,TUN,1970,4.8213544
Tunisia,TUN,1971,4.7237062
Tunisia,TUN,1972,4.6131325
Tunisia,TUN,1973,4.485233
Tunisia,TUN,1974,4.3429036
Tunisia,TUN,1975,4.201043
Tunisia,TUN,1976,4.051795
Tunisia,TUN,1977,3.9033675
Tunisia,TUN,1978,3.7580283
Tunisia,TUN,1979,3.631551
Tunisia,TUN,1980,3.5221689
Tunisia,TUN,1981,3.4231443
Tunisia,TUN,1982,3.3223715
Tunisia,TUN,1983,3.2275193
Tunisia,TUN,1984,3.1382422
Tunisia,TUN,1985,3.052082
Tunisia,TUN,1986,2.9764388
Tunisia,TUN,1987,2.9096324
Tunisia,TUN,1988,2.847565
Tunisia,TUN,1989,2.7900863
Tunisia,TUN,1990,2.7358968
Tunisia,TUN,1991,2.6812286
Tunisia,TUN,1992,2.6171541
Tunisia,TUN,1993,2.5410802
Tunisia,TUN,1994,2.4527907
Tunisia,TUN,1995,2.3538728
Tunisia,TUN,1996,2.2442327
Tunisia,TUN,1997,2.125422
Tunisia,TUN,1998,1.9769002
Tunisia,TUN,1999,1.8399076
Tunisia,TUN,2000,1.7186962
Tunisia,TUN,2001,1.6136156
Tunisia,TUN,2002,1.5226622
Tunisia,TUN,2003,1.446824
Tunisia,TUN,2004,1.3829838
Tunisia,TUN,2005,1.3282536
Tunisia,TUN,2006,1.2859678
Tunisia,TUN,2007,1.252378
Tunisia,TUN,2008,1.2271795
Tunisia,TUN,2009,1.2110857
Tunisia,TUN,2010,1.202397
Tunisia,TUN,2011,1.1983947
Tunisia,TUN,2012,1.1991735
Tunisia,TUN,2013,1.2030449
Tunisia,TUN,2014,1.2072725
Tunisia,TUN,2015,1.2116306
Tunisia,TUN,2016,1.2089374
Tunisia,TUN,2017,1.1935275
Tunisia,TUN,2018,1.1605535
Tunisia,TUN,2019,1.1088377
Tunisia,TUN,2020,1.0446784
Tunisia,TUN,2021,0.9733469
Tunisia,TUN,2022,0.9017024
Tunisia,TUN,2023,0.8362301
Turkey,TUR,1955,6.803545
Turkey,TUR,1956,6.733217
Turkey,TUR,1957,6.668144
Turkey,TUR,1958,6.584418
Turkey,TUR,1959,6.498827
Turkey,TUR,1960,6.4070153
Turkey,TUR,1961,6.30879
Turkey,TUR,1962,6.2098074
Turkey,TUR,1963,6.106386
Turkey,TUR,1964,6.0069623
Turkey,TUR,1965,5.917032
Turkey,TUR,1966,5.83775
Turkey,TUR,1967,5.767871
Turkey,TUR,1968,5.7064776
Turkey,TUR,1969,5.641503
Turkey,TUR,1970,5.575004
Turkey,TUR,1971,5.50207
Turkey,TUR,1972,5.424058
Turkey,TUR,1973,5.336562
Turkey,TUR,1974,5.227452
Turkey,TUR,1975,5.1106734
Turkey,TUR,1976,4.977268
Turkey,TUR,1977,4.8377924
Turkey,TUR,1978,4.6952014
Turkey,TUR,1979,4.5583453
Turkey,TUR,1980,4.427463
Turkey,TUR,1981,4.297577
Turkey,TUR,1982,4.165524
Turkey,TUR,1983,4.0367084
Turkey,TUR,1984,3.9080844
Turkey,TUR,1985,3.7874343
Turkey,TUR,1986,3.6663516
Turkey,TUR,1987,3.5525455
Turkey,TUR,1988,3.4379973
Turkey,TUR,1989,3.315564
Turkey,TUR,1990,3.18395
Turkey,TUR,1991,3.0403636
Turkey,TUR,1992,2.8884335
Turkey,TUR,1993,2.7347395
Turkey,TUR,1994,2.581001
Turkey,TUR,1995,2.4357173
Turkey,TUR,1996,2.3004448
Turkey,TUR,1997,2.1785219
Turkey,TUR,1998,2.0644238
Turkey,TUR,1999,1.9572021
Turkey,TUR,2000,1.8523823
Turkey,TUR,2001,1.7234616
Turkey,TUR,2002,1.5969878
Turkey,TUR,2003,1.4807181
Turkey,TUR,2004,1.374272
Turkey,TUR,2005,1.2753247
Turkey,TUR,2006,1.1832162
Turkey,TUR,2007,1.096147
Turkey,TUR,2008,1.0167152
Turkey,TUR,2009,0.94434917
Turkey,TUR,2010,0.8784211
Turkey,TUR,2011,0.81950045
Turkey,TUR,2012,0.76768863
Turkey,TUR,2013,0.72216535
Turkey,TUR,2014,0.68383425
Turkey,TUR,2015,0.65184075
Turkey,TUR,2016,0.6253346
Turkey,TUR,2017,0.6033089
Turkey,TUR,2018,0.5830153
Turkey,TUR,2019,0.5632419
Turkey,TUR,2020,0.542892
Turkey,TUR,2021,0.5221436
Turkey,TUR,2022,0.5005304
Turkey,TUR,2023,0.48563468
Turkmenistan,TKM,1988,2.5911145
Turkmenistan,TKM,1989,2.610327
Turkmenistan,TKM,1990,2.6558301
Turkmenistan,TKM,1991,2.7256887
Turkmenistan,TKM,1992,2.7935176
Turkmenistan,TKM,1993,2.8669796
Turkmenistan,TKM,1994,2.9292803
Turkmenistan,TKM,1995,2.98132
Turkmenistan,TKM,1996,3.0187135
Turkmenistan,TKM,1997,3.036574
Turkmenistan,TKM,1998,3.0348833
Turkmenistan,TKM,1999,3.012861
Turkmenistan,TKM,2000,2.9716477
Turkmenistan,TKM,2001,2.9137475
Turkmenistan,TKM,2002,2.8476605
Turkmenistan,TKM,2003,2.767842
Turkmenistan,TKM,2004,2.676372
Turkmenistan,TKM,2005,2.5918415
Turkmenistan,TKM,2006,2.5117207
Turkmenistan,TKM,2007,2.442968
Turkmenistan,TKM,2008,2.392307
Turkmenistan,TKM,2009,2.3538933
Turkmenistan,TKM,2010,2.328496
Turkmenistan,TKM,2011,2.3112736
Turkmenistan,TKM,2012,2.309913
Turkmenistan,TKM,2013,2.3150957
Turkmenistan,TKM,2014,2.3356857
Turkmenistan,TKM,2015,2.3712995
Turkmenistan,TKM,2016,2.405828
Turkmenistan,TKM,2017,2.4272997
Turkmenistan,TKM,2018,2.4351003
Turkmenistan,TKM,2019,2.4270685
Turkmenistan,TKM,2020,2.4013796
Turkmenistan,TKM,2021,2.3626354
Turkmenistan,TKM,2022,2.3262506
Turkmenistan,TKM,2023,2.284923
Turks and Caicos Islands,TCA,1989,1.0543641
Turks and Caicos Islands,TCA,1990,0.9900105
Turks and Caicos Islands,TCA,1991,0.9314442
Turks and Caicos Islands,TCA,1992,0.8767383
Turks and Caicos Islands,TCA,1993,0.82541794
Turks and Caicos Islands,TCA,1994,0.7799279
Turks and Caicos Islands,TCA,1995,0.73686016
Turks and Caicos Islands,TCA,1996,0.6982414
Turks and Caicos Islands,TCA,1997,0.66345274
Turks and Caicos Islands,TCA,1998,0.6303572
Turks and Caicos Islands,TCA,1999,0.6002885
Turks and Caicos Islands,TCA,2000,0.57223386
Turks and Caicos Islands,TCA,2001,0.5472909
Turks and Caicos Islands,TCA,2002,0.5234113
Turks and Caicos Islands,TCA,2003,0.50161314
Turks and Caicos Islands,TCA,2004,0.48305723
Turks and Caicos Islands,TCA,2005,0.46444947
Turks and Caicos Islands,TCA,2006,0.448429
Turks and Caicos Islands,TCA,2007,0.43457207
Turks and Caicos Islands,TCA,2008,0.42079175
Turks and Caicos Islands,TCA,2009,0.40896386
Turks and Caicos Islands,TCA,2010,0.39852977
Turks and Caicos Islands,TCA,2011,0.3892024
Turks and Caicos Islands,TCA,2012,0.37998763
Turks and Caicos Islands,TCA,2013,0.37145558
Turks and Caicos Islands,TCA,2014,0.36377722
Turks and Caicos Islands,TCA,2015,0.3554853
Turks and Caicos Islands,TCA,2016,0.34883654
Turks and Caicos Islands,TCA,2017,0.3424242
Turks and Caicos Islands,TCA,2018,0.33567962
Turks and Caicos Islands,TCA,2019,0.3274885
Turks and Caicos Islands,TCA,2020,0.31753212
Turks and Caicos Islands,TCA,2021,0.30985993
Turks and Caicos Islands,TCA,2022,0.3020529
Turks and Caicos Islands,TCA,2023,0.2934815
Tuvalu,TUV,1989,2.8779013
Tuvalu,TUV,1990,2.8603487
Tuvalu,TUV,1991,2.8453407
Tuvalu,TUV,1992,2.8184278
Tuvalu,TUV,1993,2.7917054
Tuvalu,TUV,1994,2.755334
Tuvalu,TUV,1995,2.7112148
Tuvalu,TUV,1996,2.6626835
Tuvalu,TUV,1997,2.6103284
Tuvalu,TUV,1998,2.5566814
Tuvalu,TUV,1999,2.5072815
Tuvalu,TUV,2000,2.4646966
Tuvalu,TUV,2001,2.4356065
Tuvalu,TUV,2002,2.4075668
Tuvalu,TUV,2003,2.3710592
Tuvalu,TUV,2004,2.3234665
Tuvalu,TUV,2005,2.2512755
Tuvalu,TUV,2006,2.1493566
Tuvalu,TUV,2007,2.0237575
Tuvalu,TUV,2008,1.8900158
Tuvalu,TUV,2009,1.7583659
Tuvalu,TUV,2010,1.6356627
Tuvalu,TUV,2011,1.5319011
Tuvalu,TUV,2012,1.44091
Tuvalu,TUV,2013,1.3604811
Tuvalu,TUV,2014,1.2891064
Tuvalu,TUV,2015,1.2268436
Tuvalu,TUV,2016,1.169071
Tuvalu,TUV,2017,1.1179962
Tuvalu,TUV,2018,1.073967
Tuvalu,TUV,2019,1.0347875
Tuvalu,TUV,2020,0.9981265
Tuvalu,TUV,2021,0.96265733
Tuvalu,TUV,2022,0.93315226
Tuvalu,TUV,2023,0.90465415
Uganda,UGA,1965,5.977125
Uganda,UGA,1966,5.86872
Uganda,UGA,1967,5.75939
Uganda,UGA,1968,5.6372814
Uganda,UGA,1969,5.517043
Uganda,UGA,1970,5.4088597
Uganda,UGA,1971,5.3109956
Uganda,UGA,1972,5.23609
Uganda,UGA,1973,5.2004404
Uganda,UGA,1974,5.181244
Uganda,UGA,1975,5.1900363
Uganda,UGA,1976,5.2120447
Uganda,UGA,1977,5.2483487
Uganda,UGA,1978,5.277625
Uganda,UGA,1979,5.277083
Uganda,UGA,1980,5.241507
Uganda,UGA,1981,5.1600733
Uganda,UGA,1982,5.032401
Uganda,UGA,1983,4.8906693
Uganda,UGA,1984,4.736753
Uganda,UGA,1985,4.581666
Uganda,UGA,1986,4.4253464
Uganda,UGA,1987,4.287454
Uganda,UGA,1988,4.1640744
Uganda,UGA,1989,4.0421443
Uganda,UGA,1990,3.9265077
Uganda,UGA,1991,3.8116953
Uganda,UGA,1992,3.7060933
Uganda,UGA,1993,3.619095
Uganda,UGA,1994,3.5509698
Uganda,UGA,1995,3.504219
Uganda,UGA,1996,3.4665213
Uganda,UGA,1997,3.4253802
Uganda,UGA,1998,3.3767962
Uganda,UGA,1999,3.3151376
Uganda,UGA,2000,3.2393587
Uganda,UGA,2001,3.150222
Uganda,UGA,2002,3.0557384
Uganda,UGA,2003,2.961823
Uganda,UGA,2004,2.8807478
Uganda,UGA,2005,2.8070233
Uganda,UGA,2006,2.7466779
Uganda,UGA,2007,2.6870964
Uganda,UGA,2008,2.6277993
Uganda,UGA,2009,2.568945
Uganda,UGA,2010,2.5138261
Uganda,UGA,2011,2.4592698
Uganda,UGA,2012,2.39975
Uganda,UGA,2013,2.3354163
Uganda,UGA,2014,2.2698617
Uganda,UGA,2015,2.201387
Uganda,UGA,2016,2.135725
Uganda,UGA,2017,2.071944
Uganda,UGA,2018,2.016067
Uganda,UGA,2019,1.9652358
Uganda,UGA,2020,1.9163102
Uganda,UGA,2021,1.8744501
Uganda,UGA,2022,1.8351427
Uganda,UGA,2023,1.7851216
Ukraine,UKR,1984,1.407696
Ukraine,UKR,1985,1.3526933
Ukraine,UKR,1986,1.3025566
Ukraine,UKR,1987,1.2590126
Ukraine,UKR,1988,1.224308
Ukraine,UKR,1989,1.1974982
Ukraine,UKR,1990,1.1804457
Ukraine,UKR,1991,1.1754236
Ukraine,UKR,1992,1.1815825
Ukraine,UKR,1993,1.1944057
Ukraine,UKR,1994,1.2120595
Ukraine,UKR,1995,1.2241668
Ukraine,UKR,1996,1.2275101
Ukraine,UKR,1997,1.2146482
Ukraine,UKR,1998,1.18911
Ukraine,UKR,1999,1.1508818
Ukraine,UKR,2000,1.1012504
Ukraine,UKR,2001,1.0466114
Ukraine,UKR,2002,0.9930747
Ukraine,UKR,2003,0.9419293
Ukraine,UKR,2004,0.8971948
Ukraine,UKR,2005,0.8585184
Ukraine,UKR,2006,0.82584584
Ukraine,UKR,2007,0.79579735
Ukraine,UKR,2008,0.7627974
Ukraine,UKR,2009,0.7287207
Ukraine,UKR,2010,0.6943454
Ukraine,UKR,2011,0.66150993
Ukraine,UKR,2012,0.63107467
Ukraine,UKR,2013,0.60333496
Ukraine,UKR,2014,0.5786306
Ukraine,UKR,2015,0.5571284
Ukraine,UKR,2016,0.539947
Ukraine,UKR,2017,0.5251363
Ukraine,UKR,2018,0.51247513
Ukraine,UKR,2019,0.50195116
Ukraine,UKR,2020,0.49398473
Ukraine,UKR,2021,0.48676035
Ukraine,UKR,2022,0.4801165
Ukraine,UKR,2023,0.4700538
United Arab Emirates,ARE,1978,1.651921
United Arab Emirates,ARE,1979,1.5604314
United Arab Emirates,ARE,1980,1.4292761
United Arab Emirates,ARE,1981,1.2999059
United Arab Emirates,ARE,1982,1.1906933
United Arab Emirates,ARE,1983,1.0982893
United Arab Emirates,ARE,1984,1.0208756
United Arab Emirates,ARE,1985,0.95766515
United Arab Emirates,ARE,1986,0.9069542
United Arab Emirates,ARE,1987,0.86669713
United Arab Emirates,ARE,1988,0.8368597
United Arab Emirates,ARE,1989,0.8100967
United Arab Emirates,ARE,1990,0.7853155
United Arab Emirates,ARE,1991,0.75943613
United Arab Emirates,ARE,1992,0.7310512
United Arab Emirates,ARE,1993,0.69947106
United Arab Emirates,ARE,1994,0.6657407
United Arab Emirates,ARE,1995,0.6360419
United Arab Emirates,ARE,1996,0.61766505
United Arab Emirates,ARE,1997,0.6130371
United Arab Emirates,ARE,1998,0.6106896
United Arab Emirates,ARE,1999,0.60085255
United Arab Emirates,ARE,2000,0.585597
United Arab Emirates,ARE,2001,0.57172674
United Arab Emirates,ARE,2002,0.56256694
United Arab Emirates,ARE,2003,0.5565151
United Arab Emirates,ARE,2004,0.5508845
United Arab Emirates,ARE,2005,0.5426597
United Arab Emirates,ARE,2006,0.5270756
United Arab Emirates,ARE,2007,0.5001635
United Arab Emirates,ARE,2008,0.46034893
United Arab Emirates,ARE,2009,0.40776375
United Arab Emirates,ARE,2010,0.3605855
United Arab Emirates,ARE,2011,0.3422921
United Arab Emirates,ARE,2012,0.35914963
United Arab Emirates,ARE,2013,0.39008564
United Arab Emirates,ARE,2014,0.41195157
United Arab Emirates,ARE,2015,0.4177151
United Arab Emirates,ARE,2016,0.40780365
United Arab Emirates,ARE,2017,0.38590991
United Arab Emirates,ARE,2018,0.3577102
United Arab Emirates,ARE,2019,0.3291156
United Arab Emirates,ARE,2020,0.3032208
United Arab Emirates,ARE,2021,0.28132632
United Arab Emirates,ARE,2022,0.2631364
United Arab Emirates,ARE,2023,0.24839954
United Kingdom,GBR,1960,1.6142378
United Kingdom,GBR,1961,1.5627725
United Kingdom,GBR,1962,1.50794
United Kingdom,GBR,1963,1.4574302
United Kingdom,GBR,1964,1.4129807
United Kingdom,GBR,1965,1.3707228
United Kingdom,GBR,1966,1.3292576
United Kingdom,GBR,1967,1.2925557
United Kingdom,GBR,1968,1.2632704
United Kingdom,GBR,1969,1.2398056
United Kingdom,GBR,1970,1.2177478
United Kingdom,GBR,1971,1.195263
United Kingdom,GBR,1972,1.1721352
United Kingdom,GBR,1973,1.1482102
United Kingdom,GBR,1974,1.1182748
United Kingdom,GBR,1975,1.0755565
United Kingdom,GBR,1976,1.0178618
United Kingdom,GBR,1977,0.95151913
United Kingdom,GBR,1978,0.88225
United Kingdom,GBR,1979,0.8135567
United Kingdom,GBR,1980,0.7482055
United Kingdom,GBR,1981,0.6892332
United Kingdom,GBR,1982,0.6400951
United Kingdom,GBR,1983,0.60313207
United Kingdom,GBR,1984,0.5747496
United Kingdom,GBR,1985,0.5495538
United Kingdom,GBR,1986,0.52483714
United Kingdom,GBR,1987,0.5008315
United Kingdom,GBR,1988,0.47823536
United Kingdom,GBR,1989,0.45949686
United Kingdom,GBR,1990,0.44737324
United Kingdom,GBR,1991,0.4411728
United Kingdom,GBR,1992,0.43636823
United Kingdom,GBR,1993,0.43003651
United Kingdom,GBR,1994,0.42139885
United Kingdom,GBR,1995,0.41016763
United Kingdom,GBR,1996,0.39757934
United Kingdom,GBR,1997,0.38795158
United Kingdom,GBR,1998,0.38460323
United Kingdom,GBR,1999,0.38421857
United Kingdom,GBR,2000,0.38032147
United Kingdom,GBR,2001,0.3707659
United Kingdom,GBR,2002,0.360536
United Kingdom,GBR,2003,0.35493448
United Kingdom,GBR,2004,0.35243395
United Kingdom,GBR,2005,0.34869152
United Kingdom,GBR,2006,0.3415001
United Kingdom,GBR,2007,0.3321513
United Kingdom,GBR,2008,0.3222624
United Kingdom,GBR,2009,0.3119463
United Kingdom,GBR,2010,0.30097583
United Kingdom,GBR,2011,0.28953314
United Kingdom,GBR,2012,0.27899116
United Kingdom,GBR,2013,0.2703465
United Kingdom,GBR,2014,0.26502034
United Kingdom,GBR,2015,0.26423013
United Kingdom,GBR,2016,0.26765642
United Kingdom,GBR,2017,0.27220622
United Kingdom,GBR,2018,0.27491263
United Kingdom,GBR,2019,0.27534425
United Kingdom,GBR,2020,0.2744621
United Kingdom,GBR,2021,0.27282217
United Kingdom,GBR,2022,0.27071738
United Kingdom,GBR,2023,0.26812583
United States,USA,1968,1.5933449
United States,USA,1969,1.5452471
United States,USA,1970,1.5030501
United States,USA,1971,1.4444944
United States,USA,1972,1.3643677
United States,USA,1973,1.281698
United States,USA,1974,1.2132348
United States,USA,1975,1.1535637
United States,USA,1976,1.0879833
United States,USA,1977,1.0133026
United States,USA,1978,0.9415552
United States,USA,1979,0.8838964
United States,USA,1980,0.8395679
United States,USA,1981,0.8035877
United States,USA,1982,0.77256405
United States,USA,1983,0.74493015
United States,USA,1984,0.7196172
United States,USA,1985,0.6957302
United States,USA,1986,0.6722747
United States,USA,1987,0.64831567
United States,USA,1988,0.6240576
United States,USA,1989,0.5999623
United States,USA,1990,0.57673675
United States,USA,1991,0.55628544
United States,USA,1992,0.53938377
United States,USA,1993,0.5248713
United States,USA,1994,0.51179886
United States,USA,1995,0.5001456
United States,USA,1996,0.48986682
United States,USA,1997,0.4812162
United States,USA,1998,0.4742848
United States,USA,1999,0.468474
United States,USA,2000,0.46413553
United States,USA,2001,0.46244004
United States,USA,2002,0.4625937
United States,USA,2003,0.4617998
United States,USA,2004,0.45703757
United States,USA,2005,0.44879356
United States,USA,2006,0.43970937
United States,USA,2007,0.43138576
United States,USA,2008,0.42354688
United States,USA,2009,0.41604975
United States,USA,2010,0.40992913
United States,USA,2011,0.40610835
United States,USA,2012,0.40458444
United States,USA,2013,0.40216225
United States,USA,2014,0.39572164
United States,USA,2015,0.38735393
United States,USA,2016,0.38139153
United States,USA,2017,0.3792877
United States,USA,2018,0.37742543
United States,USA,2019,0.37219694
United States,USA,2020,0.36381158
United States,USA,2021,0.35403764
United States,USA,2022,0.34442222
United States,USA,2023,0.33660716
Upper-middle-income countries,OWID_UMC,1990,2.714669
Upper-middle-income countries,OWID_UMC,1991,2.645507
Upper-middle-income countries,OWID_UMC,1992,2.5866733
Upper-middle-income countries,OWID_UMC,1993,2.523948
Upper-middle-income countries,OWID_UMC,1994,2.4534907
Upper-middle-income countries,OWID_UMC,1995,2.3722725
Upper-middle-income countries,OWID_UMC,1996,2.283105
Upper-middle-income countries,OWID_UMC,1997,2.1917698
Upper-middle-income countries,OWID_UMC,1998,2.1020226
Upper-middle-income countries,OWID_UMC,1999,2.0162997
Upper-middle-income countries,OWID_UMC,2000,1.9352472
Upper-middle-income countries,OWID_UMC,2001,1.8297975
Upper-middle-income countries,OWID_UMC,2002,1.7264112
Upper-middle-income countries,OWID_UMC,2003,1.6247083
Upper-middle-income countries,OWID_UMC,2004,1.5308555
Upper-middle-income countries,OWID_UMC,2005,1.4403522
Upper-middle-income countries,OWID_UMC,2006,1.358066
Upper-middle-income countries,OWID_UMC,2007,1.2815636
Upper-middle-income countries,OWID_UMC,2008,1.206981
Upper-middle-income countries,OWID_UMC,2009,1.1391281
Upper-middle-income countries,OWID_UMC,2010,1.08113
Upper-middle-income countries,OWID_UMC,2011,1.0283483
Upper-middle-income countries,OWID_UMC,2012,0.96774614
Upper-middle-income countries,OWID_UMC,2013,0.92395777
Upper-middle-income countries,OWID_UMC,2014,0.875928
Upper-middle-income countries,OWID_UMC,2015,0.84393007
Upper-middle-income countries,OWID_UMC,2016,0.80623555
Upper-middle-income countries,OWID_UMC,2017,0.769454
Upper-middle-income countries,OWID_UMC,2018,0.7673036
Upper-middle-income countries,OWID_UMC,2019,0.7505954
Upper-middle-income countries,OWID_UMC,2020,0.75842905
Upper-middle-income countries,OWID_UMC,2021,0.750954
Upper-middle-income countries,OWID_UMC,2022,0.7382125
Upper-middle-income countries,OWID_UMC,2023,0.7178933
Uruguay,URY,1970,2.2730887
Uruguay,URY,1971,2.3865612
Uruguay,URY,1972,2.5457792
Uruguay,URY,1973,2.658285
Uruguay,URY,1974,2.6278274
Uruguay,URY,1975,2.4758484
Uruguay,URY,1976,2.2943804
Uruguay,URY,1977,2.1463602
Uruguay,URY,1978,2.0210006
Uruguay,URY,1979,1.9037687
Uruguay,URY,1980,1.7915342
Uruguay,URY,1981,1.6791487
Uruguay,URY,1982,1.554696
Uruguay,URY,1983,1.4664011
Uruguay,URY,1984,1.4069397
Uruguay,URY,1985,1.3637416
Uruguay,URY,1986,1.3168379
Uruguay,URY,1987,1.2642663
Uruguay,URY,1988,1.2177948
Uruguay,URY,1989,1.1835011
Uruguay,URY,1990,1.1639291
Uruguay,URY,1991,1.1571252
Uruguay,URY,1992,1.1565456
Uruguay,URY,1993,1.1423444
Uruguay,URY,1994,1.0956968
Uruguay,URY,1995,1.028714
Uruguay,URY,1996,0.9636194
Uruguay,URY,1997,0.91456276
Uruguay,URY,1998,0.8799919
Uruguay,URY,1999,0.8570021
Uruguay,URY,2000,0.84234667
Uruguay,URY,2001,0.8335768
Uruguay,URY,2002,0.82440597
Uruguay,URY,2003,0.8069081
Uruguay,URY,2004,0.77443784
Uruguay,URY,2005,0.7275826
Uruguay,URY,2006,0.6697211
Uruguay,URY,2007,0.60897934
Uruguay,URY,2008,0.55461335
Uruguay,URY,2009,0.51552665
Uruguay,URY,2010,0.49368063
Uruguay,URY,2011,0.48861468
Uruguay,URY,2012,0.49679643
Uruguay,URY,2013,0.50610787
Uruguay,URY,2014,0.5061598
Uruguay,URY,2015,0.4997859
Uruguay,URY,2016,0.49376917
Uruguay,URY,2017,0.49106658
Uruguay,URY,2018,0.4881914
Uruguay,URY,2019,0.48237222
Uruguay,URY,2020,0.47215116
Uruguay,URY,2021,0.4557985
Uruguay,URY,2022,0.43333507
Uruguay,URY,2023,0.41056466
Uzbekistan,UZB,1989,3.0881758
Uzbekistan,UZB,1990,3.0637927
Uzbekistan,UZB,1991,3.0596907
Uzbekistan,UZB,1992,3.0615315
Uzbekistan,UZB,1993,3.0604534
Uzbekistan,UZB,1994,3.0599926
Uzbekistan,UZB,1995,3.050325
Uzbekistan,UZB,1996,3.0358646
Uzbekistan,UZB,1997,3.0074415
Uzbekistan,UZB,1998,2.965482
Uzbekistan,UZB,1999,2.9133146
Uzbekistan,UZB,2000,2.8445039
Uzbekistan,UZB,2001,2.7632153
Uzbekistan,UZB,2002,2.6707547
Uzbekistan,UZB,2003,2.564522
Uzbekistan,UZB,2004,2.4522436
Uzbekistan,UZB,2005,2.3361628
Uzbekistan,UZB,2006,2.21904
Uzbekistan,UZB,2007,2.099275
Uzbekistan,UZB,2008,1.9627193
Uzbekistan,UZB,2009,1.8016948
Uzbekistan,UZB,2010,1.6511954
Uzbekistan,UZB,2011,1.5114347
Uzbekistan,UZB,2012,1.3871517
Uzbekistan,UZB,2013,1.278676
Uzbekistan,UZB,2014,1.1834072
Uzbekistan,UZB,2015,1.103224
Uzbekistan,UZB,2016,1.033017
Uzbekistan,UZB,2017,0.9744166
Uzbekistan,UZB,2018,0.92731756
Uzbekistan,UZB,2019,0.8863541
Uzbekistan,UZB,2020,0.84992
Uzbekistan,UZB,2021,0.8177153
Uzbekistan,UZB,2022,0.78889656
Uzbekistan,UZB,2023,0.7618038
Vanuatu,VUT,1989,2.0595746
Vanuatu,VUT,1990,1.9865503
Vanuatu,VUT,1991,1.9072778
Vanuatu,VUT,1992,1.8471278
Vanuatu,VUT,1993,1.7990683
Vanuatu,VUT,1994,1.7566456
Vanuatu,VUT,1995,1.7204369
Vanuatu,VUT,1996,1.6914226
Vanuatu,VUT,1997,1.6600515
Vanuatu,VUT,1998,1.6173091
Vanuatu,VUT,1999,1.5479498
Vanuatu,VUT,2000,1.4445827
Vanuatu,VUT,2001,1.310738
Vanuatu,VUT,2002,1.2294607
Vanuatu,VUT,2003,1.1800429
Vanuatu,VUT,2004,1.1410247
Vanuatu,VUT,2005,1.1075225
Vanuatu,VUT,2006,1.0858997
Vanuatu,VUT,2007,1.0572062
Vanuatu,VUT,2008,1.0207169
Vanuatu,VUT,2009,0.9852353
Vanuatu,VUT,2010,0.9615221
Vanuatu,VUT,2011,0.9666863
Vanuatu,VUT,2012,0.9956883
Vanuatu,VUT,2013,1.0353005
Vanuatu,VUT,2014,1.0676005
Vanuatu,VUT,2015,1.0892624
Vanuatu,VUT,2016,1.0874106
Vanuatu,VUT,2017,1.0646085
Vanuatu,VUT,2018,1.0262122
Vanuatu,VUT,2019,0.9886687
Vanuatu,VUT,2020,0.94844043
Vanuatu,VUT,2021,0.91701853
Vanuatu,VUT,2022,0.893034
Vanuatu,VUT,2023,0.8715523
Venezuela,VEN,1989,1.2522206
Venezuela,VEN,1990,1.2792646
Venezuela,VEN,1991,1.3636967
Venezuela,VEN,1992,1.437658
Venezuela,VEN,1993,1.4387065
Venezuela,VEN,1994,1.3747883
Venezuela,VEN,1995,1.2836545
Venezuela,VEN,1996,1.1943065
Venezuela,VEN,1997,1.129722
Venezuela,VEN,1998,1.1082665
Venezuela,VEN,1999,1.1050631
Venezuela,VEN,2000,1.0800421
Venezuela,VEN,2001,1.0266359
Venezuela,VEN,2002,0.9846656
Venezuela,VEN,2003,0.9876929
Venezuela,VEN,2004,1.0150402
Venezuela,VEN,2005,1.0309167
Venezuela,VEN,2006,1.0214056
Venezuela,VEN,2007,1.0098789
Venezuela,VEN,2008,1.0167108
Venezuela,VEN,2009,1.0412385
Venezuela,VEN,2010,1.0689471
Venezuela,VEN,2011,1.089424
Venezuela,VEN,2012,1.1066998
Venezuela,VEN,2013,1.1277392
Venezuela,VEN,2014,1.1488142
Venezuela,VEN,2015,1.4647148
Venezuela,VEN,2016,1.5011281
Venezuela,VEN,2017,1.5007797
Venezuela,VEN,2018,1.5000689
Venezuela,VEN,2019,1.501818
Venezuela,VEN,2020,1.502177
Venezuela,VEN,2021,1.5006052
Venezuela,VEN,2022,1.499711
Venezuela,VEN,2023,1.5027803
Vietnam,VNM,1974,2.8842766
Vietnam,VNM,1975,2.8001835
Vietnam,VNM,1976,2.7667422
Vietnam,VNM,1977,2.7276003
Vietnam,VNM,1978,2.690773
Vietnam,VNM,1979,2.6558716
Vietnam,VNM,1980,2.6215734
Vietnam,VNM,1981,2.5915887
Vietnam,VNM,1982,2.5647395
Vietnam,VNM,1983,2.542333
Vietnam,VNM,1984,2.5277796
Vietnam,VNM,1985,2.5171337
Vietnam,VNM,1986,2.5065153
Vietnam,VNM,1987,2.4853308
Vietnam,VNM,1988,2.4557662
Vietnam,VNM,1989,2.418203
Vietnam,VNM,1990,2.364112
Vietnam,VNM,1991,2.301289
Vietnam,VNM,1992,2.22884
Vietnam,VNM,1993,2.1509302
Vietnam,VNM,1994,2.0654461
Vietnam,VNM,1995,1.9785292
Vietnam,VNM,1996,1.8897456
Vietnam,VNM,1997,1.7767596
Vietnam,VNM,1998,1.6712748
Vietnam,VNM,1999,1.5790896
Vietnam,VNM,2000,1.4980401
Vietnam,VNM,2001,1.4290408
Vietnam,VNM,2002,1.3722248
Vietnam,VNM,2003,1.3248934
Vietnam,VNM,2004,1.2833852
Vietnam,VNM,2005,1.2522957
Vietnam,VNM,2006,1.2279258
Vietnam,VNM,2007,1.209344
Vietnam,VNM,2008,1.1963769
Vietnam,VNM,2009,1.1844842
Vietnam,VNM,2010,1.1748434
Vietnam,VNM,2011,1.1641897
Vietnam,VNM,2012,1.1547136
Vietnam,VNM,2013,1.1434238
Vietnam,VNM,2014,1.1335886
Vietnam,VNM,2015,1.1230085
Vietnam,VNM,2016,1.1123955
Vietnam,VNM,2017,1.1021109
Vietnam,VNM,2018,1.0911574
Vietnam,VNM,2019,1.0820678
Vietnam,VNM,2020,1.0729965
Vietnam,VNM,2021,1.0618696
Vietnam,VNM,2022,1.0465256
Vietnam,VNM,2023,1.0252975
World,OWID_WRL,1990,3.6702342
World,OWID_WRL,1991,3.6460884
World,OWID_WRL,1992,3.6040509
World,OWID_WRL,1993,3.5565667
World,OWID_WRL,1994,3.503122
World,OWID_WRL,1995,3.4474468
World,OWID_WRL,1996,3.3807118
World,OWID_WRL,1997,3.3101664
World,OWID_WRL,1998,3.235139
World,OWID_WRL,1999,3.1597342
World,OWID_WRL,2000,3.0708034
World,OWID_WRL,2001,2.989817
World,OWID_WRL,2002,2.8966956
World,OWID_WRL,2003,2.797323
World,OWID_WRL,2004,2.7023873
World,OWID_WRL,2005,2.6158597
World,OWID_WRL,2006,2.5305912
World,OWID_WRL,2007,2.4496653
World,OWID_WRL,2008,2.3742275
World,OWID_WRL,2009,2.3099172
World,OWID_WRL,2010,2.2483964
World,OWID_WRL,2011,2.1895013
World,OWID_WRL,2012,2.1117952
World,OWID_WRL,2013,2.0643756
World,OWID_WRL,2014,2.0013585
World,OWID_WRL,2015,1.9659392
World,OWID_WRL,2016,1.914322
World,OWID_WRL,2017,1.8730447
World,OWID_WRL,2018,1.8632711
World,OWID_WRL,2019,1.8286555
World,OWID_WRL,2020,1.8174583
World,OWID_WRL,2021,1.7916912
World,OWID_WRL,2022,1.7665926
World,OWID_WRL,2023,1.7331783
Yemen,YEM,1961,8.477541
Yemen,YEM,1962,8.415271
Yemen,YEM,1963,8.344249
Yemen,YEM,1964,8.269745
Yemen,YEM,1965,8.19631
Yemen,YEM,1966,8.093786
Yemen,YEM,1967,7.9844666
Yemen,YEM,1968,7.8425274
Yemen,YEM,1969,7.6803274
Yemen,YEM,1970,7.5258026
Yemen,YEM,1971,7.372563
Yemen,YEM,1972,7.2234845
Yemen,YEM,1973,7.0807023
Yemen,YEM,1974,6.9260526
Yemen,YEM,1975,6.7735324
Yemen,YEM,1976,6.603484
Yemen,YEM,1977,6.428174
Yemen,YEM,1978,6.2416635
Yemen,YEM,1979,6.0515494
Yemen,YEM,1980,5.865267
Yemen,YEM,1981,5.672167
Yemen,YEM,1982,5.4748635
Yemen,YEM,1983,5.281053
Yemen,YEM,1984,5.095529
Yemen,YEM,1985,4.931415
Yemen,YEM,1986,4.7857375
Yemen,YEM,1987,4.6578617
Yemen,YEM,1988,4.5387263
Yemen,YEM,1989,4.4385
Yemen,YEM,1990,4.346537
Yemen,YEM,1991,4.2596536
Yemen,YEM,1992,4.1891327
Yemen,YEM,1993,4.127621
Yemen,YEM,1994,4.076518
Yemen,YEM,1995,4.035178
Yemen,YEM,1996,3.9932249
Yemen,YEM,1997,3.9373033
Yemen,YEM,1998,3.86762
Yemen,YEM,1999,3.7818487
Yemen,YEM,2000,3.6815548
Yemen,YEM,2001,3.5743098
Yemen,YEM,2002,3.4611776
Yemen,YEM,2003,3.3511584
Yemen,YEM,2004,3.2401156
Yemen,YEM,2005,3.130877
Yemen,YEM,2006,3.0270166
Yemen,YEM,2007,2.9264119
Yemen,YEM,2008,2.8353024
Yemen,YEM,2009,2.7537134
Yemen,YEM,2010,2.6809912
Yemen,YEM,2011,2.6160905
Yemen,YEM,2012,2.557802
Yemen,YEM,2013,2.507917
Yemen,YEM,2014,2.4639301
Yemen,YEM,2015,2.4291189
Yemen,YEM,2016,2.3932028
Yemen,YEM,2017,2.3573375
Yemen,YEM,2018,2.3256981
Yemen,YEM,2019,2.2951937
Yemen,YEM,2020,2.2586582
Yemen,YEM,2021,2.2204459
Yemen,YEM,2022,2.1807773
Yemen,YEM,2023,2.1369157
Zambia,ZMB,1969,3.6585836
Zambia,ZMB,1970,3.6271503
Zambia,ZMB,1971,3.5878875
Zambia,ZMB,1972,3.536235
Zambia,ZMB,1973,3.488146
Zambia,ZMB,1974,3.4531991
Zambia,ZMB,1975,3.430419
Zambia,ZMB,1976,3.4260743
Zambia,ZMB,1977,3.4340947
Zambia,ZMB,1978,3.4475782
Zambia,ZMB,1979,3.462907
Zambia,ZMB,1980,3.4831307
Zambia,ZMB,1981,3.4977567
Zambia,ZMB,1982,3.5177305
Zambia,ZMB,1983,3.5467134
Zambia,ZMB,1984,3.5793548
Zambia,ZMB,1985,3.615072
Zambia,ZMB,1986,3.6429505
Zambia,ZMB,1987,3.6647685
Zambia,ZMB,1988,3.67224
Zambia,ZMB,1989,3.6613941
Zambia,ZMB,1990,3.6277795
Zambia,ZMB,1991,3.5930042
Zambia,ZMB,1992,3.5559716
Zambia,ZMB,1993,3.5199714
Zambia,ZMB,1994,3.4961424
Zambia,ZMB,1995,3.4878404
Zambia,ZMB,1996,3.4895144
Zambia,ZMB,1997,3.4879584
Zambia,ZMB,1998,3.474412
Zambia,ZMB,1999,3.4490561
Zambia,ZMB,2000,3.3925633
Zambia,ZMB,2001,3.2976217
Zambia,ZMB,2002,3.172563
Zambia,ZMB,2003,3.0403032
Zambia,ZMB,2004,2.913206
Zambia,ZMB,2005,2.8041973
Zambia,ZMB,2006,2.7200232
Zambia,ZMB,2007,2.6633434
Zambia,ZMB,2008,2.6259842
Zambia,ZMB,2009,2.5975523
Zambia,ZMB,2010,2.5741453
Zambia,ZMB,2011,2.549044
Zambia,ZMB,2012,2.527078
Zambia,ZMB,2013,2.5068557
Zambia,ZMB,2014,2.4866478
Zambia,ZMB,2015,2.4657211
Zambia,ZMB,2016,2.4444387
Zambia,ZMB,2017,2.4203842
Zambia,ZMB,2018,2.3902645
Zambia,ZMB,2019,2.357983
Zambia,ZMB,2020,2.3184009
Zambia,ZMB,2021,2.2779586
Zambia,ZMB,2022,2.2368426
Zambia,ZMB,2023,2.198506
Zimbabwe,ZWE,1965,3.2531464
Zimbabwe,ZWE,1966,3.2310514
Zimbabwe,ZWE,1967,3.2165163
Zimbabwe,ZWE,1968,3.207079
Zimbabwe,ZWE,1969,3.2144244
Zimbabwe,ZWE,1970,3.2311459
Zimbabwe,ZWE,1971,3.25558
Zimbabwe,ZWE,1972,3.2883506
Zimbabwe,ZWE,1973,3.3357072
Zimbabwe,ZWE,1974,3.381384
Zimbabwe,ZWE,1975,3.4097424
Zimbabwe,ZWE,1976,3.427868
Zimbabwe,ZWE,1977,3.420108
Zimbabwe,ZWE,1978,3.392033
Zimbabwe,ZWE,1979,3.342797
Zimbabwe,ZWE,1980,3.2828937
Zimbabwe,ZWE,1981,3.2053568
Zimbabwe,ZWE,1982,3.1180139
Zimbabwe,ZWE,1983,3.0239508
Zimbabwe,ZWE,1984,2.9343133
Zimbabwe,ZWE,1985,2.8522792
Zimbabwe,ZWE,1986,2.777789
Zimbabwe,ZWE,1987,2.7031014
Zimbabwe,ZWE,1988,2.6319292
Zimbabwe,ZWE,1989,2.5466874
Zimbabwe,ZWE,1990,2.4429882
Zimbabwe,ZWE,1991,2.3507216
Zimbabwe,ZWE,1992,2.2888353
Zimbabwe,ZWE,1993,2.2537422
Zimbabwe,ZWE,1994,2.2662818
Zimbabwe,ZWE,1995,2.316087
Zimbabwe,ZWE,1996,2.3763177
Zimbabwe,ZWE,1997,2.418924
Zimbabwe,ZWE,1998,2.44167
Zimbabwe,ZWE,1999,2.4600334
Zimbabwe,ZWE,2000,2.4850142
Zimbabwe,ZWE,2001,2.5270467
Zimbabwe,ZWE,2002,2.5923443
Zimbabwe,ZWE,2003,2.6685576
Zimbabwe,ZWE,2004,2.746601
Zimbabwe,ZWE,2005,2.8217583
Zimbabwe,ZWE,2006,2.9005542
Zimbabwe,ZWE,2007,2.9683938
Zimbabwe,ZWE,2008,3.00869
Zimbabwe,ZWE,2009,3.0028803
Zimbabwe,ZWE,2010,2.9576359
Zimbabwe,ZWE,2011,2.8896365
Zimbabwe,ZWE,2012,2.8096619
Zimbabwe,ZWE,2013,2.7376015
Zimbabwe,ZWE,2014,2.6791801
Zimbabwe,ZWE,2015,2.6269855
Zimbabwe,ZWE,2016,2.582056
Zimbabwe,ZWE,2017,2.5416114
Zimbabwe,ZWE,2018,2.4907086
Zimbabwe,ZWE,2019,2.44194
Zimbabwe,ZWE,2020,2.3951678
Zimbabwe,ZWE,2021,2.342379
Zimbabwe,ZWE,2022,2.287672
Zimbabwe,ZWE,2023,2.236574